episode_id,organizer,source,evidence,organizer_key
2247188684,Eesti Personalijuhtimise Ühing PARE,https://arvamusfestival.ee/2025-arhiiv/,"[{""id"": 8840, ""title"": ""Kas kiirustades elad kauem?"", ""organizer"": ""Eesti Personalijuhtimise Ühing PARE"", ""date"": ""2025-08-09T16:30:00"", ""source"": ""https://arvamusfestival.ee/2025-arhiiv/""}]",eesti personalijuhtimise ühing pare
2247188687,Eesti Personalijuhtimise Ühing PARE,https://arvamusfestival.ee/2025-arhiiv/,"[{""id"": 8842, ""title"": ""Kes koristab?!"", ""organizer"": ""Eesti Personalijuhtimise Ühing PARE"", ""date"": ""2025-08-08T12:00:00"", ""source"": ""https://arvamusfestival.ee/2025-arhiiv/""}]",eesti personalijuhtimise ühing pare
2247188690,Eesti Personalijuhtimise Ühing PARE,https://arvamusfestival.ee/2025-arhiiv/,"[{""id"": 8846, ""title"": ""Kas kõik on kiusamine?"", ""organizer"": ""Eesti Personalijuhtimise Ühing PARE"", ""date"": ""2025-08-09T12:30:00"", ""source"": ""https://arvamusfestival.ee/2025-arhiiv/""}]",eesti personalijuhtimise ühing pare
2247188693,Eesti Personalijuhtimise Ühing PARE,https://arvamusfestival.ee/2025-arhiiv/,"[{""id"": 8841, ""title"": ""Töökius otse laval"", ""organizer"": ""Eesti Personalijuhtimise Ühing PARE"", ""date"": ""2025-08-08T18:00:00"", ""source"": ""https://arvamusfestival.ee/2025-arhiiv/""}]",eesti personalijuhtimise ühing pare
2247188696,Eesti Personalijuhtimise Ühing PARE,https://arvamusfestival.ee/2025-arhiiv/,"[{""id"": 8845, ""title"": ""Juhi võim vs töötaja julgus"", ""organizer"": ""Eesti Personalijuhtimise Ühing PARE"", ""date"": ""2025-08-09T10:30:00"", ""source"": ""https://arvamusfestival.ee/2025-arhiiv/""}]",eesti personalijuhtimise ühing pare
2247188699,Eesti Personalijuhtimise Ühing PARE,https://arvamusfestival.ee/2025-arhiiv/,"[{""id"": 8844, ""title"": ""Õpiamps kui töö osa"", ""organizer"": ""Eesti Personalijuhtimise Ühing PARE"", ""date"": ""2025-08-08T16:00:00"", ""source"": ""https://arvamusfestival.ee/2025-arhiiv/""}]",eesti personalijuhtimise ühing pare
2247188702,Eesti Personalijuhtimise Ühing PARE,https://arvamusfestival.ee/2025-arhiiv/,"[{""id"": 8847, ""title"": ""Kuidas juhtida riiki? Visiooni põhjal? Väärtuste põhjal?"", ""organizer"": ""Eesti Personalijuhtimise Ühing PARE"", ""date"": ""2025-08-09T18:30:00"", ""source"": ""https://arvamusfestival.ee/2025-arhiiv/""}]",eesti personalijuhtimise ühing pare
2247188705,Eesti Personalijuhtimise Ühing PARE,https://arvamusfestival.ee/2025-arhiiv/,"[{""id"": 8848, ""title"": ""Kas töötaja on alati nõrgem osapool?"", ""organizer"": ""Eesti Personalijuhtimise Ühing PARE"", ""date"": ""2025-08-08T14:00:00"", ""source"": ""https://arvamusfestival.ee/2025-arhiiv/""}]",eesti personalijuhtimise ühing pare
2247188708,Eesti Personalijuhtimise Ühing PARE,https://arvamusfestival.ee/2025-arhiiv/,"[{""id"": 8843, ""title"": ""Disainime tööd!"", ""organizer"": ""Eesti Personalijuhtimise Ühing PARE"", ""date"": ""2025-08-09T14:30:00"", ""source"": ""https://arvamusfestival.ee/2025-arhiiv/""}]",eesti personalijuhtimise ühing pare
2250797864,"Eesti Puuetega Naiste Ühenduste Liit, Helpific MTÜ",https://arvamusfestival.ee/2025-arhiiv/,"[{""id"": 8758, ""title"": ""Kuidas luua hoolivamat ühiskonda? Pihlakodu juhtumist edasi!"", ""organizer"": ""Eesti Puuetega Naiste Ühenduste Liit, Helpific MTÜ"", ""date"": ""2025-08-09T14:30:00"", ""source"": ""https://arvamusfestival.ee/2025-arhiiv/""}]","eesti puuetega naiste ühenduste liit, helpific mtü"
2250797867,Fridays For Future Eesti (MTÜ Loodusvõlu),https://arvamusfestival.ee/2025-arhiiv/,"[{""id"": 8756, ""title"": ""Loodus, majandus ja julgeolek. Kas valida tuleb ainult kaks?"", ""organizer"": ""Fridays For Future Eesti (MTÜ Loodusvõlu)"", ""date"": ""2025-08-09T16:30:00"", ""source"": ""https://arvamusfestival.ee/2025-arhiiv/""}]",fridays for future eesti (mtü loodusvõlu)
2250797870,Eesti Kunstikoolide Liidu Noorteühendus,https://arvamusfestival.ee/2025-arhiiv/,"[{""id"": 8755, ""title"": ""Noored ja äärmuslus. Mida saame teha?"", ""organizer"": ""Eesti Kunstikoolide Liidu Noorteühendus"", ""date"": ""2025-08-08T18:00:00"", ""source"": ""https://arvamusfestival.ee/2025-arhiiv/""}]",eesti kunstikoolide liidu noorteühendus
2250797873,MTÜ Progressiivne Liikumine,https://arvamusfestival.ee/2025-arhiiv/,"[{""id"": 8757, ""title"": ""Vasakpoolsus Eestis. Kas turumõtlemine on piisav?"", ""organizer"": ""MTÜ Progressiivne Liikumine"", ""date"": ""2025-08-09T12:30:00"", ""source"": ""https://arvamusfestival.ee/2025-arhiiv/""}]",mtü progressiivne liikumine
2250797876,Fridays For Future Eesti (MTÜ Loodusvõlu),https://arvamusfestival.ee/2025-arhiiv/,"[{""id"": 8759, ""title"": ""Kas öko-eluviis on ainult rikastele?"", ""organizer"": ""Fridays For Future Eesti (MTÜ Loodusvõlu)"", ""date"": ""2025-08-09T10:30:00"", ""source"": ""https://arvamusfestival.ee/2025-arhiiv/""}]",fridays for future eesti (mtü loodusvõlu)
2250797879,Fridays For Future Eesti (MTÜ Loodusvõlu),https://arvamusfestival.ee/2025-arhiiv/,"[{""id"": 8761, ""title"": ""Looduskaitse ja riigikaitse – teineteist võimendavad jõud?"", ""organizer"": ""Fridays For Future Eesti (MTÜ Loodusvõlu)"", ""date"": ""2025-08-09T18:30:00"", ""source"": ""https://arvamusfestival.ee/2025-arhiiv/""}]",fridays for future eesti (mtü loodusvõlu)
2250797882,MTÜ Progressiivne Liikumine,https://arvamusfestival.ee/2025-arhiiv/,"[{""id"": 8753, ""title"": ""Meedia roll progressiivsete teemade kajastamisel"", ""organizer"": ""MTÜ Progressiivne Liikumine"", ""date"": ""2025-08-08T14:00:00"", ""source"": ""https://arvamusfestival.ee/2025-arhiiv/""}]",mtü progressiivne liikumine
2250797888,MTÜ Eesti Psühholoogiaüliõpilaste Ühendus,https://arvamusfestival.ee/2025-arhiiv/,"[{""id"": 8754, ""title"": ""Rohkem kui kondoom ja video. Seksuaalhariduse tulevik Eestis"", ""organizer"": ""MTÜ Eesti Psühholoogiaüliõpilaste Ühendus"", ""date"": ""2025-08-08T16:00:00"", ""source"": ""https://arvamusfestival.ee/2025-arhiiv/""}]",mtü eesti psühholoogiaüliõpilaste ühendus
2254333406,Sihtasutus Rohetiiger,https://arvamusfestival.ee/2025-arhiiv/,"[{""id"": 8747, ""title"": ""Kuhu pöörad, rohepööre?"", ""organizer"": ""Sihtasutus Rohetiiger"", ""date"": ""2025-08-08T16:30:00"", ""source"": ""https://arvamusfestival.ee/2025-arhiiv/""}]",sihtasutus rohetiiger
2254333409,Sihtasutus Rohetiiger,https://arvamusfestival.ee/2025-arhiiv/,"[{""id"": 8745, ""title"": ""Kust tuleb raha aastal 2040?"", ""organizer"": ""Sihtasutus Rohetiiger"", ""date"": ""2025-08-08T14:30:00"", ""source"": ""https://arvamusfestival.ee/2025-arhiiv/""}]",sihtasutus rohetiiger
2254333412,Sihtasutus Rohetiiger,https://arvamusfestival.ee/2025-arhiiv/,"[{""id"": 8746, ""title"": ""Millist väliruumi ootame oma linnadesse? LIFE Tartu ROHEringiga"", ""organizer"": ""Sihtasutus Rohetiiger"", ""date"": ""2025-08-08T12:30:00"", ""source"": ""https://arvamusfestival.ee/2025-arhiiv/""}]",sihtasutus rohetiiger
2254333415,Sihtasutus Roheriiger,https://arvamusfestival.ee/2025-arhiiv/,"[{""id"": 8744, ""title"": ""Hakkab looma! Unistades loome Eesti tulevikku"", ""organizer"": ""Sihtasutus Roheriiger"", ""date"": ""2025-08-08T18:30:00"", ""source"": ""https://arvamusfestival.ee/2025-arhiiv/""}]",sihtasutus roheriiger
2258666735,MTÜ Lastekaitse Liit ja Tallinna Raamatukogud,https://arvamusfestival.ee/2025-arhiiv/,"[{""id"": 8730, ""title"": ""Milliseid lasteraamatuid tahame – lastega ja lastele?"", ""organizer"": ""MTÜ Lastekaitse Liit ja Tallinna Raamatukogud"", ""date"": ""2025-08-09T10:30:00"", ""source"": ""https://arvamusfestival.ee/2025-arhiiv/""}]",mtü lastekaitse liit ja tallinna raamatukogud
2258666738,Eesti Keele Instituut,https://arvamusfestival.ee/2025-arhiiv/,"[{""id"": 8731, ""title"": ""Mitmekultuuriline maailm Eesti koolis"", ""organizer"": ""Eesti Keele Instituut"", ""date"": ""2025-08-09T12:30:00"", ""source"": ""https://arvamusfestival.ee/2025-arhiiv/""}]",eesti keele instituut
2258666741,Eesti Muuseumiühing ja Eesti Muuseumide Liit,https://arvamusfestival.ee/2025-arhiiv/,"[{""id"": 8733, ""title"": ""Me paneme selle muuseumi kinni!"", ""organizer"": ""Eesti Muuseumiühing ja Eesti Muuseumide Liit"", ""date"": ""2025-08-09T14:30:00"", ""source"": ""https://arvamusfestival.ee/2025-arhiiv/""}]",eesti muuseumiühing ja eesti muuseumide liit
2258666744,"MTÜ Esto-Rada, Multikey Online School",https://arvamusfestival.ee/2025-arhiiv/,"[{""id"": 8734, ""title"": ""Rahvus: inimene"", ""organizer"": ""MTÜ Esto-Rada, Multikey Online School"", ""date"": ""2025-08-09T16:30:00"", ""source"": ""https://arvamusfestival.ee/2025-arhiiv/""}]","mtü esto-rada, multikey online school"
2258666747,Eesti Kultuuri Koda,https://arvamusfestival.ee/2025-arhiiv/,"[{""id"": 8732, ""title"": ""Kaua säilib Eesti kultuur, kui meid saab olema nii vähe?"", ""organizer"": ""Eesti Kultuuri Koda"", ""date"": ""2025-08-09T18:30:00"", ""source"": ""https://arvamusfestival.ee/2025-arhiiv/""}]",eesti kultuuri koda
2267420987,Eesti Maaülikool,https://arvamusfestival.ee/2025-arhiiv/,"[{""id"": 8750, ""title"": ""Kliimatark metsandus. Kuidas kohaneda ja tegutseda muutuvas keskkonnas?"", ""organizer"": ""Eesti Maaülikool"", ""date"": ""2025-08-09T14:00:00"", ""source"": ""https://arvamusfestival.ee/2025-arhiiv/""}]",eesti maaülikool
2267420990,Eestimaa Looduse Fond,https://arvamusfestival.ee/2025-arhiiv/,"[{""id"": 8748, ""title"": ""Püsimetsandus – kas kesktee metsakaitse ja metsamajanduse vahel?"", ""organizer"": ""Eestimaa Looduse Fond"", ""date"": ""2025-08-09T10:00:00"", ""source"": ""https://arvamusfestival.ee/2025-arhiiv/""}]",eestimaa looduse fond
2267420993,TUUM Consulting,https://arvamusfestival.ee/2025-arhiiv/,"[{""id"": 8752, ""title"": ""Mõõdame eurodes, mitte tihumeetrites"", ""organizer"": ""TUUM Consulting"", ""date"": ""2025-08-09T18:00:00"", ""source"": ""https://arvamusfestival.ee/2025-arhiiv/""}]",tuum consulting
2267420996,Päästame Eesti Metsad MTÜ,https://arvamusfestival.ee/2025-arhiiv/,"[{""id"": 8749, ""title"": ""Eesti inimesed soovivad, ökoloogid soovitavad ja prognoosid näitavad, et raiemahtu peaks vähendama. Mis seda takistab?"", ""organizer"": ""Päästame Eesti Metsad MTÜ"", ""date"": ""2025-08-09T12:00:00"", ""source"": ""https://arvamusfestival.ee/2025-arhiiv/""}]",päästame eesti metsad mtü
2267420999,Keskkonnainvesteeringute Keskus,https://arvamusfestival.ee/2025-arhiiv/,"[{""id"": 8751, ""title"": ""Kas tulevikumetsad vajavad rangemat kaitset või paindlikumat majandamist?"", ""organizer"": ""Keskkonnainvesteeringute Keskus"", ""date"": ""2025-08-09T16:00:00"", ""source"": ""https://arvamusfestival.ee/2025-arhiiv/""}]",keskkonnainvesteeringute keskus
2271676346,Eesti Kaitsevägi,https://arvamusfestival.ee/2025-arhiiv/,"[{""id"": 8794, ""title"": ""Ajateenistuse tulevikuvaade – kuhu liigume ja miks?"", ""organizer"": ""Eesti Kaitsevägi"", ""date"": ""2025-08-09T16:30:00"", ""source"": ""https://arvamusfestival.ee/2025-arhiiv/""}]",eesti kaitsevägi
2271676349,Eesti NATO Ühing,https://arvamusfestival.ee/2025-arhiiv/,"[{""id"": 8793, ""title"": ""Millised on minu kui kodaniku võimalused toetada laiapõhjalist riigikaitset?"", ""organizer"": ""Eesti NATO Ühing"", ""date"": ""2025-08-08T14:00:00"", ""source"": ""https://arvamusfestival.ee/2025-arhiiv/""}]",eesti nato ühing
2271676352,Eesti Sõjamuuseum,https://arvamusfestival.ee/2025-arhiiv/,"[{""id"": 8789, ""title"": ""Ajalugu oleviku teejuhina – kristallkuul või kõverpeegel?"", ""organizer"": ""Eesti Sõjamuuseum"", ""date"": ""2025-08-08T16:00:00"", ""source"": ""https://arvamusfestival.ee/2025-arhiiv/""}]",eesti sõjamuuseum
2271676355,Kaitseliit,https://arvamusfestival.ee/2025-arhiiv/,"[{""id"": 8792, ""title"": ""Valel on ohtlikud jalad ehk kuidas väärinfo ohustab meie julgeolekut"", ""organizer"": ""Kaitseliit"", ""date"": ""2025-08-09T12:30:00"", ""source"": ""https://arvamusfestival.ee/2025-arhiiv/""}]",kaitseliit
2271676358,Kaitseministeerium,https://arvamusfestival.ee/2025-arhiiv/,"[{""id"": 8787, ""title"": ""Kaitsekulud Eestis. Ühiskonna roll kaitsevõime tagajana"", ""organizer"": ""Kaitseministeerium"", ""date"": ""2025-08-08T12:00:00"", ""source"": ""https://arvamusfestival.ee/2025-arhiiv/""}]",kaitseministeerium
2271676361,Eesti Kaitsevägi,https://arvamusfestival.ee/2025-arhiiv/,"[{""id"": 8790, ""title"": ""„Kogu rahvas peab sõda. Sõjavägi peab lahinguid.“ – Kindralleitnant Nikolai Reek, Sõjavägede staabi ülem 1937"", ""organizer"": ""Eesti Kaitsevägi"", ""date"": ""2025-08-08T18:00:00"", ""source"": ""https://arvamusfestival.ee/2025-arhiiv/""}]",eesti kaitsevägi
2271676364,Kaitseministeerium ja Parempoolsed,https://arvamusfestival.ee/2025-arhiiv/,"[{""id"": 8791, ""title"": ""Rahvaarv kahaneb, aga ohud kasvavad. Kas Eesti riigikaitse vajab uut lähenemist?"", ""organizer"": ""Kaitseministeerium ja Parempoolsed"", ""date"": ""2025-08-09T10:30:00"", ""source"": ""https://arvamusfestival.ee/2025-arhiiv/""}]",kaitseministeerium ja parempoolsed
2271676367,Kaitseressursside Amet,https://arvamusfestival.ee/2025-arhiiv/,"[{""id"": 8788, ""title"": ""Kui sõda algab, kolin Hispaaniasse?"", ""organizer"": ""Kaitseressursside Amet"", ""date"": ""2025-08-09T14:30:00"", ""source"": ""https://arvamusfestival.ee/2025-arhiiv/""}]",kaitseressursside amet
2277338243,Arengukoostöö Ümarlaud (AKÜ),https://arvamusfestival.ee/2025-arhiiv/,"[{""id"": 8728, ""title"": ""Maailmahariduslik mälumäng Ivo Linnaga"", ""organizer"": ""Arengukoostöö Ümarlaud (AKÜ)"", ""date"": ""2025-08-08T16:00:00"", ""source"": ""https://arvamusfestival.ee/2025-arhiiv/""}]",arengukoostöö ümarlaud (akü)
2277338246,Tartumaa Omavalitsuste Liit,https://arvamusfestival.ee/2025-arhiiv/,"[{""id"": 8727, ""title"": ""Ettevõtjad ja noored. Kas paralleelmaailmad või partnerid ettevõtliku tulevikupõlvkonna kujundamisel?"", ""organizer"": ""Tartumaa Omavalitsuste Liit"", ""date"": ""2025-08-08T14:00:00"", ""source"": ""https://arvamusfestival.ee/2025-arhiiv/""}]",tartumaa omavalitsuste liit
2277338249,Heaoluteaduste tippkeskus EstWell,https://arvamusfestival.ee/2025-arhiiv/,"[{""id"": 8729, ""title"": ""Kas lapsi saab liikuma panna?"", ""organizer"": ""Heaoluteaduste tippkeskus EstWell"", ""date"": ""2025-08-08T18:00:00"", ""source"": ""https://arvamusfestival.ee/2025-arhiiv/""}]",heaoluteaduste tippkeskus estwell
2280202454,kood/Jõhvi,https://arvamusfestival.ee/2025-arhiiv/,"[{""id"": 8802, ""title"": ""Oskusi kombineerides saame tõenäolisemalt olümpiavõitjaks"", ""organizer"": ""kood/Jõhvi"", ""date"": ""2025-08-08T18:00:00"", ""source"": ""https://arvamusfestival.ee/2025-arhiiv/""}]",kood/jõhvi
2280202457,EENA (Eesti Ettevõtlike Naiste Assotsiatsioon),https://arvamusfestival.ee/2025-arhiiv/,"[{""id"": 8804, ""title"": ""Naised ettevõtluses. Kestlik majandus ja murrangulised ajad"", ""organizer"": ""EENA (Eesti Ettevõtlike Naiste Assotsiatsioon)"", ""date"": ""2025-08-09T14:30:00"", ""source"": ""https://arvamusfestival.ee/2025-arhiiv/""}]",eena (eesti ettevõtlike naiste assotsiatsioon)
2280202460,Adven Eesti AS,https://arvamusfestival.ee/2025-arhiiv/,"[{""id"": 8803, ""title"": ""Tööstusinvesteeringud ja energiajulgeolek. Kuidas tagada tööstuse edukas tulevik muutuvas geopoliitilises olukorras?"", ""organizer"": ""Adven Eesti AS"", ""date"": ""2025-08-09T12:30:00"", ""source"": ""https://arvamusfestival.ee/2025-arhiiv/""}]",adven eesti as
2280202463,Eesti Maaülikool,https://arvamusfestival.ee/2025-arhiiv/,"[{""id"": 8799, ""title"": ""Kohalikud bioressursid majanduse hüvanguks. Miks on see päriselus nii raske?"", ""organizer"": ""Eesti Maaülikool"", ""date"": ""2025-08-09T10:30:00"", ""source"": ""https://arvamusfestival.ee/2025-arhiiv/""}]",eesti maaülikool
2280202466,MTÜ Eesti Taastuvenergia Koda,https://arvamusfestival.ee/2025-arhiiv/,"[{""id"": 8801, ""title"": ""Kas Eestist võiks saada uute keskkonnasõbralike kütuste tootja?"", ""organizer"": ""MTÜ Eesti Taastuvenergia Koda"", ""date"": ""2025-08-08T14:00:00"", ""source"": ""https://arvamusfestival.ee/2025-arhiiv/""}]",mtü eesti taastuvenergia koda
2280202469,Loodushoiu Fond,https://arvamusfestival.ee/2025-arhiiv/,"[{""id"": 8800, ""title"": ""Eesti looduskapital. Kas roheinvestori järgmine edulugu või riiklikult pidurdatud potentsiaal?"", ""organizer"": ""Loodushoiu Fond"", ""date"": ""2025-08-09T18:30:00"", ""source"": ""https://arvamusfestival.ee/2025-arhiiv/""}]",loodushoiu fond
2280202472,"Euroopa rändevõrgustiku Eesti kontaktpunkt (EMN Eesti), Sisekaitseakadeemia, Haridus- ja Noorteamet",https://arvamusfestival.ee/2025-arhiiv/,"[{""id"": 8798, ""title"": ""Rändepööre – võimalus või identiteedikriis? "", ""organizer"": ""Euroopa rändevõrgustiku Eesti kontaktpunkt (EMN Eesti), Sisekaitseakadeemia, Haridus- ja Noorteamet"", ""date"": ""2025-08-08T16:00:00"", ""source"": ""https://arvamusfestival.ee/2025-arhiiv/""}]","euroopa rändevõrgustiku eesti kontaktpunkt (emn eesti), sisekaitseakadeemia, haridus- ja noorteamet"
2280202475,kood/Jõhvi ja Haridus- ja Noorteamet,https://arvamusfestival.ee/2025-arhiiv/,"[{""id"": 8805, ""title"": ""Kes ütles, et tehnoloogiasektoris töötamine pole naistele?"", ""organizer"": ""kood/Jõhvi ja Haridus- ja Noorteamet"", ""date"": ""2025-08-09T16:30:00"", ""source"": ""https://arvamusfestival.ee/2025-arhiiv/""}]",kood/jõhvi ja haridus- ja noorteamet
2289585014,"Telia, Eesti Interneti Sihtasutus",https://arvamusfestival.ee/2025-arhiiv/,"[{""id"": 8771, ""title"": ""Küberkurjategija mõtteviis. Kuidas mõelda nagu häkker?"", ""organizer"": ""Telia, Eesti Interneti Sihtasutus"", ""date"": ""2025-08-09T12:00:00"", ""source"": ""https://arvamusfestival.ee/2025-arhiiv/""}]","telia, eesti interneti sihtasutus"
2289585017,Eesti Interneti SA,https://arvamusfestival.ee/2025-arhiiv/,"[{""id"": 8776, ""title"": ""Vanematega kohtupinki – digilaste tulevik?"", ""organizer"": ""Eesti Interneti SA"", ""date"": ""2025-08-09T18:00:00"", ""source"": ""https://arvamusfestival.ee/2025-arhiiv/""}]",eesti interneti sa
2289585020,Telia,https://arvamusfestival.ee/2025-arhiiv/,"[{""id"": 8773, ""title"": ""Zoomer vs Boomer. Arija ja Marii Laser Techist võtavad ette sotsiaalmeedias levinud trendid ja vaidlevad selgeks, miks mingi asi trendib."", ""organizer"": ""Telia"", ""date"": ""2025-08-09T16:00:00"", ""source"": ""https://arvamusfestival.ee/2025-arhiiv/""}]",telia
2289585023,Telia,https://arvamusfestival.ee/2025-arhiiv/,"[{""id"": 8774, ""title"": ""TI-hüppe ootuses. Kas Eesti haridus on valmis tehisintellekti revolutsiooniks?"", ""organizer"": ""Telia"", ""date"": ""2025-08-08T12:30:00"", ""source"": ""https://arvamusfestival.ee/2025-arhiiv/""}]",telia
2289585026,Telia,https://arvamusfestival.ee/2025-arhiiv/,"[{""id"": 8772, ""title"": ""Kuidas kaitsta lapsi AI-ajastul internetis kurjade kavatsustega inimeste eest?"", ""organizer"": ""Telia"", ""date"": ""2025-08-08T14:30:00"", ""source"": ""https://arvamusfestival.ee/2025-arhiiv/""}]",telia
2289585029,Telia,https://arvamusfestival.ee/2025-arhiiv/,"[{""id"": 8775, ""title"": ""Alati ühenduses. Suurem produktiivsus või läbipõlemise oht?"", ""organizer"": ""Telia"", ""date"": ""2025-08-09T14:00:00"", ""source"": ""https://arvamusfestival.ee/2025-arhiiv/""}]",telia
2289585032,Telia,https://arvamusfestival.ee/2025-arhiiv/,"[{""id"": 8777, ""title"": ""Tehisaru koolipingis. Kas õpetaja parim abiline või oht kriitilisele mõtlemisele?"", ""organizer"": ""Telia"", ""date"": ""2025-08-08T16:30:00"", ""source"": ""https://arvamusfestival.ee/2025-arhiiv/""}]",telia
2293106213,Eesti Tervisemajanduse Koda (Health Founders),https://arvamusfestival.ee/2025-arhiiv/,"[{""id"": 8816, ""title"": ""Ulmefilmidest igapäevaellu. Tervisetehnoloogiad tuleviku kodus"", ""organizer"": ""Eesti Tervisemajanduse Koda (Health Founders)"", ""date"": ""2025-08-09T14:00:00"", ""source"": ""https://arvamusfestival.ee/2025-arhiiv/""}]",eesti tervisemajanduse koda (health founders)
2293106216,Confido Meditsiinikeskus,https://arvamusfestival.ee/2025-arhiiv/,"[{""id"": 8821, ""title"": ""Kuidas KOOSTÖÖS kasutada ära Eesti tervishoiu ressurss, et päästa esmatasand?"", ""organizer"": ""Confido Meditsiinikeskus"", ""date"": ""2025-08-08T14:00:00"", ""source"": ""https://arvamusfestival.ee/2025-arhiiv/""}]",confido meditsiinikeskus
2293106219,Roche Eesti OÜ,https://arvamusfestival.ee/2025-arhiiv/,"[{""id"": 8815, ""title"": ""Ravivalikute loterii – miks mõni haigus saab kõik ja teine mitte midagi?"", ""organizer"": ""Roche Eesti OÜ"", ""date"": ""2025-08-08T16:00:00"", ""source"": ""https://arvamusfestival.ee/2025-arhiiv/""}]",roche eesti oü
2293106222,Magnum AS,https://arvamusfestival.ee/2025-arhiiv/,"[{""id"": 8814, ""title"": ""Süstime rahva saledaks?"", ""organizer"": ""Magnum AS"", ""date"": ""2025-08-08T18:00:00"", ""source"": ""https://arvamusfestival.ee/2025-arhiiv/""}]",magnum as
2293106225,Allium UPI OÜ,https://arvamusfestival.ee/2025-arhiiv/,"[{""id"": 8820, ""title"": ""Kui keha haigestub, mis saab vaimust?"", ""organizer"": ""Allium UPI OÜ"", ""date"": ""2025-08-08T12:00:00"", ""source"": ""https://arvamusfestival.ee/2025-arhiiv/""}]",allium upi oü
2293106228,Eesti Hambaarstide Liit,https://arvamusfestival.ee/2025-arhiiv/,"[{""id"": 8817, ""title"": ""Kelle mure on laste suutervis?"", ""organizer"": ""Eesti Hambaarstide Liit"", ""date"": ""2025-08-09T16:00:00"", ""source"": ""https://arvamusfestival.ee/2025-arhiiv/""}]",eesti hambaarstide liit
2293106231,Tervise tuleviku ala korraldajate ühispaneel,https://arvamusfestival.ee/2025-arhiiv/,"[{""id"": 8818, ""title"": ""Haigekassa nõukogu kriisikoosolek"", ""organizer"": ""Tervise tuleviku ala korraldajate ühispaneel"", ""date"": ""2025-08-09T18:00:00"", ""source"": ""https://arvamusfestival.ee/2025-arhiiv/""}]",tervise tuleviku ala korraldajate ühispaneel
2300040479,Eesti kohtud,https://arvamusfestival.ee/2025-arhiiv/,"[{""id"": 8742, ""title"": ""Mida teha, kui hea nimi satub laimulõksu?"", ""organizer"": ""Eesti kohtud"", ""date"": ""2025-08-09T16:30:00"", ""source"": ""https://arvamusfestival.ee/2025-arhiiv/""}]",eesti kohtud
2300040482,Vabaühenduste Liit,https://arvamusfestival.ee/2025-arhiiv/,"[{""id"": 8735, ""title"": ""Kes ja kuidas peaks valvama valimisi?"", ""organizer"": ""Vabaühenduste Liit"", ""date"": ""2025-08-08T12:00:00"", ""source"": ""https://arvamusfestival.ee/2025-arhiiv/""}]",vabaühenduste liit
2300040485,Efektiivne Altruism Eesti,https://arvamusfestival.ee/2025-arhiiv/,"[{""id"": 8738, ""title"": ""Mis on heategija palk?"", ""organizer"": ""Efektiivne Altruism Eesti"", ""date"": ""2025-08-08T18:00:00"", ""source"": ""https://arvamusfestival.ee/2025-arhiiv/""}]",efektiivne altruism eesti
2300040488,MTÜ Kodanikupalga Ümarlaud Eestis,https://arvamusfestival.ee/2025-arhiiv/,"[{""id"": 8743, ""title"": ""Kas rahvuse kestmise hind saab olla liiga kõrge? Sotsiaalkaitse võimalustest sündimus tõusule aidata, maksuteemat vältimata"", ""organizer"": ""MTÜ Kodanikupalga Ümarlaud Eestis"", ""date"": ""2025-08-09T18:30:00"", ""source"": ""https://arvamusfestival.ee/2025-arhiiv/""}]",mtü kodanikupalga ümarlaud eestis
2300040491,MTÜ Lastekaitse Liit,https://arvamusfestival.ee/2025-arhiiv/,"[{""id"": 8736, ""title"": ""Lastekaitsetöö nähtamatu vastutus ja avalik kriitika"", ""organizer"": ""MTÜ Lastekaitse Liit"", ""date"": ""2025-08-08T14:00:00"", ""source"": ""https://arvamusfestival.ee/2025-arhiiv/""}]",mtü lastekaitse liit
2300040494,Eesti Õigusteaduse Üliõpilaste Liit,https://arvamusfestival.ee/2025-arhiiv/,"[{""id"": 8741, ""title"": ""Õigusmõistmine kriisi äärel. Kuidas kindlustada õiguse tulevik?"", ""organizer"": ""Eesti Õigusteaduse Üliõpilaste Liit"", ""date"": ""2025-08-09T12:30:00"", ""source"": ""https://arvamusfestival.ee/2025-arhiiv/""}]",eesti õigusteaduse üliõpilaste liit
2300040497,Vau Haldus,https://arvamusfestival.ee/2025-arhiiv/,"[{""id"": 8740, ""title"": ""Korteriühistud kui kogukonnad. Kuidas panna need ühes rütmis hingama?"", ""organizer"": ""Vau Haldus"", ""date"": ""2025-08-09T14:30:00"", ""source"": ""https://arvamusfestival.ee/2025-arhiiv/""}]",vau haldus
2300040503,Efektiivne Altruism Eesti,https://arvamusfestival.ee/2025-arhiiv/,"[{""id"": 8737, ""title"": ""Annetuskultuur. Kuidas Eestist saab helde rahvas?"", ""organizer"": ""Efektiivne Altruism Eesti"", ""date"": ""2025-08-08T16:00:00"", ""source"": ""https://arvamusfestival.ee/2025-arhiiv/""}]",efektiivne altruism eesti
2300040506,Vabaühenduste Liit,https://arvamusfestival.ee/2025-arhiiv/,"[{""id"": 8739, ""title"": ""Pärisvabakond teeb asju riigi rahata, eks?!"", ""organizer"": ""Vabaühenduste Liit"", ""date"": ""2025-08-09T10:30:00"", ""source"": ""https://arvamusfestival.ee/2025-arhiiv/""}]",vabaühenduste liit
2302899422,Tallinna Tehnikaülikool,https://arvamusfestival.ee/2025-arhiiv/,"[{""id"": 8835, ""title"": ""Suur teadlaste debatt „Teadlaste roll energiapöördes“"", ""organizer"": ""Tallinna Tehnikaülikool"", ""date"": ""2025-08-08T12:30:00"", ""source"": ""https://arvamusfestival.ee/2025-arhiiv/""}]",tallinna tehnikaülikool
2302899425,TalTech,https://arvamusfestival.ee/2025-arhiiv/,"[{""id"": 8833, ""title"": ""Energiapööre noorte pilgu läbi. Mida tahab uus põlvkond?"", ""organizer"": ""TalTech"", ""date"": ""2025-08-09T16:00:00"", ""source"": ""https://arvamusfestival.ee/2025-arhiiv/""}]",taltech
2302899428,MTÜ Eesti Taastuvenergia Koda,https://arvamusfestival.ee/2025-arhiiv/,"[{""id"": 8837, ""title"": ""Tere tulemast, uued juhitavad võimsused!"", ""organizer"": ""MTÜ Eesti Taastuvenergia Koda"", ""date"": ""2025-08-08T16:30:00"", ""source"": ""https://arvamusfestival.ee/2025-arhiiv/""}]",mtü eesti taastuvenergia koda
2302899431,Eesti jõujaamade ja kaugkütte ühing,https://arvamusfestival.ee/2025-arhiiv/,"[{""id"": 8832, ""title"": ""Kas elekter lahendab tulevikus kõik meie energiaprobleemid?"", ""organizer"": ""Eesti jõujaamade ja kaugkütte ühing"", ""date"": ""2025-08-08T14:30:00"", ""source"": ""https://arvamusfestival.ee/2025-arhiiv/""}]",eesti jõujaamade ja kaugkütte ühing
2302899434,Eesti Tuuleenergia Assotsiatsioon,https://arvamusfestival.ee/2025-arhiiv/,"[{""id"": 8831, ""title"": ""Infraheli ja tuulepargid – müüt või tegelik mõju tervisele?"", ""organizer"": ""Eesti Tuuleenergia Assotsiatsioon"", ""date"": ""2025-08-09T10:00:00"", ""source"": ""https://arvamusfestival.ee/2025-arhiiv/""}]",eesti tuuleenergia assotsiatsioon
2302899437,Tallinna Vesi,https://arvamusfestival.ee/2025-arhiiv/,"[{""id"": 8836, ""title"": ""Kas väike saab olla suur? Kuivõrd suudab Eesti oma kestlike lahenduste või innovatsiooniga maailmas mõju avaldada?"", ""organizer"": ""Tallinna Vesi"", ""date"": ""2025-08-08T18:30:00"", ""source"": ""https://arvamusfestival.ee/2025-arhiiv/""}]",tallinna vesi
2302899440,Keskkonnainvesteeringute Keskus (KIK),https://arvamusfestival.ee/2025-arhiiv/,"[{""id"": 8834, ""title"": ""Rohetehnoloogiad – puhta tööstuse ja julgeoleku alustala?"", ""organizer"": ""Keskkonnainvesteeringute Keskus (KIK)"", ""date"": ""2025-08-09T12:00:00"", ""source"": ""https://arvamusfestival.ee/2025-arhiiv/""}]",keskkonnainvesteeringute keskus (kik)
2302899443,MTÜ Eesti Taastuvenergia Koda,https://arvamusfestival.ee/2025-arhiiv/,"[{""id"": 8839, ""title"": ""Kohalik energiatootmine on kaitseinvesteering"", ""organizer"": ""MTÜ Eesti Taastuvenergia Koda"", ""date"": ""2025-08-09T14:00:00"", ""source"": ""https://arvamusfestival.ee/2025-arhiiv/""}]",mtü eesti taastuvenergia koda
2302899446,Meta Advisory OÜ,https://arvamusfestival.ee/2025-arhiiv/,"[{""id"": 8838, ""title"": ""Kuidas planeerida tuuleparke nii, et kogukonnad tunneksid end päriselt kaasatuna?"", ""organizer"": ""Meta Advisory OÜ"", ""date"": ""2025-08-09T18:00:00"", ""source"": ""https://arvamusfestival.ee/2025-arhiiv/""}]",meta advisory oü
2314163810,Välisministeerium,https://arvamusfestival.ee/2025-arhiiv/,"[{""id"": 8860, ""title"": ""Maailm täna - vaade julgeolekuolukorrale Euroopa pealinnadest"", ""organizer"": ""Välisministeerium"", ""date"": ""2025-08-09T12:30:00"", ""source"": ""https://arvamusfestival.ee/2025-arhiiv/""}]",välisministeerium
2314163813,Eesti ÜRO Ühing,https://arvamusfestival.ee/2025-arhiiv/,"[{""id"": 8862, ""title"": ""ÜRO – lootusetult rikkis või asendamatu?"", ""organizer"": ""Eesti ÜRO Ühing"", ""date"": ""2025-08-09T14:30:00"", ""source"": ""https://arvamusfestival.ee/2025-arhiiv/""}]",eesti üro ühing
2314163816,Välisministeerium,https://arvamusfestival.ee/2025-arhiiv/,"[{""id"": 8858, ""title"": ""Kuidas mõista USA-d?"", ""organizer"": ""Välisministeerium"", ""date"": ""2025-08-08T18:00:00"", ""source"": ""https://arvamusfestival.ee/2025-arhiiv/""}]",välisministeerium
2314163819,Välisministeerium,https://arvamusfestival.ee/2025-arhiiv/,"[{""id"": 8856, ""title"": ""Miks peaks Lähis-Idas toimuv meile korda minema?"", ""organizer"": ""Välisministeerium"", ""date"": ""2025-08-08T12:00:00"", ""source"": ""https://arvamusfestival.ee/2025-arhiiv/""}]",välisministeerium
2314163822,Välisministeerium,https://arvamusfestival.ee/2025-arhiiv/,"[{""id"": 8861, ""title"": ""Marshall Plan 2.0? Estonia, Ukraine and the Path Forward"", ""organizer"": ""Välisministeerium"", ""date"": ""2025-08-09T16:30:00"", ""source"": ""https://arvamusfestival.ee/2025-arhiiv/""}]",välisministeerium
2314163828,Välisministeerium,https://arvamusfestival.ee/2025-arhiiv/,"[{""id"": 8857, ""title"": ""Tahaks jääda iseendaks, aga raha tahaks ka"", ""organizer"": ""Välisministeerium"", ""date"": ""2025-08-08T16:00:00"", ""source"": ""https://arvamusfestival.ee/2025-arhiiv/""}]",välisministeerium
2314163831,Välisministeerium,https://arvamusfestival.ee/2025-arhiiv/,"[{""id"": 8859, ""title"": ""Kuidas reisides mitte lolliks jääda?"", ""organizer"": ""Välisministeerium"", ""date"": ""2025-08-09T10:30:00"", ""source"": ""https://arvamusfestival.ee/2025-arhiiv/""}]",välisministeerium
2314163834,Välisministeerium & Rahvusvaheliste Suhete Ring,https://arvamusfestival.ee/2025-arhiiv/,"[{""id"": 8855, ""title"": ""Kilud versus karud - Läänemeremaade koostöö tulevik"", ""organizer"": ""Välisministeerium & Rahvusvaheliste Suhete Ring"", ""date"": ""2025-08-08T14:00:00"", ""source"": ""https://arvamusfestival.ee/2025-arhiiv/""}]",välisministeerium & rahvusvaheliste suhete ring
2318409173,Sihtasutus Iga Laps on Andekas,https://arvamusfestival.ee/2025-arhiiv/,"[{""id"": 8872, ""title"": ""Õpilaste tugevustel põhinev haridus – miks ja kuidas?"", ""organizer"": ""Sihtasutus Iga Laps on Andekas"", ""date"": ""2025-08-09T12:30:00"", ""source"": ""https://arvamusfestival.ee/2025-arhiiv/""}]",sihtasutus iga laps on andekas
2318409176,Filmifestival Horisont,https://arvamusfestival.ee/2025-arhiiv/,"[{""id"": 8879, ""title"": ""Kaamera ei mõista hukka"", ""organizer"": ""Filmifestival Horisont"", ""date"": ""2025-08-09T16:30:00"", ""source"": ""https://arvamusfestival.ee/2025-arhiiv/""}]",filmifestival horisont
2318409179,Paide Gümnaasium,https://arvamusfestival.ee/2025-arhiiv/,"[{""id"": 8875, ""title"": ""Kas noortelt nõutakse rohkem, kui vastu pakutakse?"", ""organizer"": ""Paide Gümnaasium"", ""date"": ""2025-08-08T18:30:00"", ""source"": ""https://arvamusfestival.ee/2025-arhiiv/""}]",paide gümnaasium
2318409182,Paide Gümnaasium,https://arvamusfestival.ee/2025-arhiiv/,"[{""id"": 8876, ""title"": ""Ma tahan õppida, andke mulle tagasisidet!"", ""organizer"": ""Paide Gümnaasium"", ""date"": ""2025-08-09T10:30:00"", ""source"": ""https://arvamusfestival.ee/2025-arhiiv/""}]",paide gümnaasium
2318409185,Saaremaa Gümnaasiumi õpilasesindus,https://arvamusfestival.ee/2025-arhiiv/,"[{""id"": 8880, ""title"": ""Nutiseadmete kasutus koolikeskkonnas. Millal ja millal mitte?"", ""organizer"": ""Saaremaa Gümnaasiumi õpilasesindus"", ""date"": ""2025-08-08T14:30:00"", ""source"": ""https://arvamusfestival.ee/2025-arhiiv/""}]",saaremaa gümnaasiumi õpilasesindus
2318409188,kood/Järva,https://arvamusfestival.ee/2025-arhiiv/,"[{""id"": 8878, ""title"": ""Programmeerimine kui uus emakeel"", ""organizer"": ""kood/Järva"", ""date"": ""2025-08-09T14:30:00"", ""source"": ""https://arvamusfestival.ee/2025-arhiiv/""}]",kood/järva
2318409191,Paide Gümnaasium,https://arvamusfestival.ee/2025-arhiiv/,"[{""id"": 8877, ""title"": ""Tark pidu ei vaja tõukeainet"", ""organizer"": ""Paide Gümnaasium"", ""date"": ""2025-08-09T18:30:00"", ""source"": ""https://arvamusfestival.ee/2025-arhiiv/""}]",paide gümnaasium
2323554785,MTÜ Arvamusfestival,https://arvamusfestival.ee/2025-arhiiv/,"[{""id"": 8894, ""title"": ""Miks kaasamine pekki läheb?"", ""organizer"": ""MTÜ Arvamusfestival"", ""date"": ""2025-08-09T16:00:00"", ""source"": ""https://arvamusfestival.ee/2025-arhiiv/""}]",mtü arvamusfestival
2323554788,Eesti Noorteühenduste Liit,https://arvamusfestival.ee/2025-arhiiv/,"[{""id"": 8887, ""title"": ""Parlamendierakondade noorte debatt"", ""organizer"": ""Eesti Noorteühenduste Liit"", ""date"": ""2025-08-08T18:10:00"", ""source"": ""https://arvamusfestival.ee/2025-arhiiv/""}]",eesti noorteühenduste liit
2323554791,MTÜ Arvamusfestival,https://arvamusfestival.ee/2025-arhiiv/,"[{""id"": 8897, ""title"": ""Parlamendierakondade esimeeste debatt"", ""organizer"": ""MTÜ Arvamusfestival"", ""date"": ""2025-08-09T20:15:00"", ""source"": ""https://arvamusfestival.ee/2025-arhiiv/""}]",mtü arvamusfestival
2323554794,Sihtasutus Järvamaa,https://arvamusfestival.ee/2025-arhiiv/,"[{""id"": 8884, ""title"": ""Kas me siin Järvamaal oleme tõesti kõige rumalamad?"", ""organizer"": ""Sihtasutus Järvamaa"", ""date"": ""2025-08-08T12:00:00"", ""source"": ""https://arvamusfestival.ee/2025-arhiiv/""}]",sihtasutus järvamaa
2323554797,MTÜ Arvamusfestival,https://arvamusfestival.ee/2025-arhiiv/,"[{""id"": 8895, ""title"": ""Mida on vaja teha senisest teisiti, et Eesti majandus järjekindlalt ja kiiremini kasvaks? Majandusarengu aruteluploki finaal"", ""organizer"": ""MTÜ Arvamusfestival"", ""date"": ""2025-08-09T18:00:00"", ""source"": ""https://arvamusfestival.ee/2025-arhiiv/""}]",mtü arvamusfestival
2323554800,Eesti Roheline Liikumine,https://arvamusfestival.ee/2025-arhiiv/,"[{""id"": 8886, ""title"": ""Mis on fosforiidi kaevandamise hind? + Demokraatiatrenn"", ""organizer"": ""Eesti Roheline Liikumine"", ""date"": ""2025-08-08T15:50:00"", ""source"": ""https://arvamusfestival.ee/2025-arhiiv/""}]",eesti roheline liikumine
2323554803,Eesti Roheline Liikumine,https://arvamusfestival.ee/2025-arhiiv/,"[{""id"": 8886, ""title"": ""Mis on fosforiidi kaevandamise hind? + Demokraatiatrenn"", ""organizer"": ""Eesti Roheline Liikumine"", ""date"": ""2025-08-08T15:50:00"", ""source"": ""https://arvamusfestival.ee/2025-arhiiv/""}]",eesti roheline liikumine
2323554806,Euroopa Komisjoni Eesti esindus,https://arvamusfestival.ee/2025-arhiiv/,"[{""id"": 8885, ""title"": ""Eesti uued valikud ELi rahastuse kasutamisel"", ""organizer"": ""Euroopa Komisjoni Eesti esindus"", ""date"": ""2025-08-08T14:00:00"", ""source"": ""https://arvamusfestival.ee/2025-arhiiv/""}]",euroopa komisjoni eesti esindus
2323554809,MTÜ Arvamusfestival,https://arvamusfestival.ee/2025-arhiiv/,"[{""id"": 8894, ""title"": ""Miks kaasamine pekki läheb?"", ""organizer"": ""MTÜ Arvamusfestival"", ""date"": ""2025-08-09T16:00:00"", ""source"": ""https://arvamusfestival.ee/2025-arhiiv/""}]",mtü arvamusfestival
2323554812,Avatud Eesti Fond,https://arvamusfestival.ee/2025-arhiiv/,"[{""id"": 8892, ""title"": ""Kaasamine infosõja ajal. Mis tegelikult lõhestab Eesti ühiskonda?"", ""organizer"": ""Avatud Eesti Fond"", ""date"": ""2025-08-09T12:00:00"", ""source"": ""https://arvamusfestival.ee/2025-arhiiv/""}]",avatud eesti fond
2323554815,Eurooopa Parlamendi Büroo Eestis,https://arvamusfestival.ee/2025-arhiiv/,"[{""id"": 8891, ""title"": ""Kuidas tõsta Euroopa Liidu konkurentsivõimet ja panna majandus kiiremini kasvama?"", ""organizer"": ""Eurooopa Parlamendi Büroo Eestis"", ""date"": ""2025-08-09T10:00:00"", ""source"": ""https://arvamusfestival.ee/2025-arhiiv/""}]",eurooopa parlamendi büroo eestis
2383011942,MTÜ Teadveloleku kompetentsikeskus Toko,https://arvamusfestival.ee/kava2026/,"[{""id"": 13129, ""title"": ""Kuidas hoida tervet mõistust kriiside ajastul: teadveloleku ja kaastunde praktiline jõud"", ""organizer"": ""MTÜ Teadveloleku kompetentsikeskus Toko"", ""date"": ""2026-08-07T12:00:00"", ""source"": ""https://arvamusfestival.ee/kava2026/""}]",mtü teadveloleku kompetentsikeskus toko
2383011945,"Eesti Õigusteaduse Üliõpilaste Liit, Rahvusvaheliste Suhete Ring, Feministeerium",https://arvamusfestival.ee/kava2026/,"[{""id"": 13130, ""title"": ""Koduseinte vahelt rahvusvahelise poliitikani: naistevastane vägivald on meie kõigi lahendada"", ""organizer"": ""Eesti Õigusteaduse Üliõpilaste Liit, Rahvusvaheliste Suhete Ring, Feministeerium"", ""date"": ""2026-08-07T14:00:00"", ""source"": ""https://arvamusfestival.ee/kava2026/""}]","eesti õigusteaduse üliõpilaste liit, rahvusvaheliste suhete ring, feministeerium"
2383011948,Eesti Seksuaaltervise Liit,https://arvamusfestival.ee/kava2026/,"[{""id"": 13131, ""title"": ""Nõusolek – seksikuse summutaja või hoopis võimendaja?"", ""organizer"": ""Eesti Seksuaaltervise Liit"", ""date"": ""2026-08-07T16:00:00"", ""source"": ""https://arvamusfestival.ee/kava2026/""}]",eesti seksuaaltervise liit
2383055898,Elisabeth Luisk,https://arvamusfestival.ee/kava2026/,"[{""id"": 13132, ""title"": ""Kes õpetab tervena elama enne, kui tuleb õppida haigusega elama?"", ""organizer"": ""Elisabeth Luisk"", ""date"": ""2026-08-07T18:00:00"", ""source"": ""https://arvamusfestival.ee/kava2026/""}]",elisabeth luisk
2387966361,MTÜ Eesti Taastuvenergia Koda,https://arvamusfestival.ee/kava2026/,"[{""id"": 13195, ""title"": ""Euroopa Liidu heitekaubandus: rohepöörasus või nutikas poliitika?"", ""organizer"": ""MTÜ Eesti Taastuvenergia Koda"", ""date"": ""2026-08-07T16:30:00"", ""source"": ""https://arvamusfestival.ee/kava2026/""}]",mtü eesti taastuvenergia koda
2387966364,MTÜ Eesti jõujaamade ja kaugkütte ühing,https://arvamusfestival.ee/kava2026/,"[{""id"": 13199, ""title"": ""Millised on kohaliku kaugkütte tulevikustsenaariumid?"", ""organizer"": ""MTÜ Eesti jõujaamade ja kaugkütte ühing"", ""date"": ""2026-08-07T14:30:00"", ""source"": ""https://arvamusfestival.ee/kava2026/""}]",mtü eesti jõujaamade ja kaugkütte ühing
2387966370,Eesti Tuuleenergia Assotsiatsioon,https://arvamusfestival.ee/kava2026/,"[{""id"": 13193, ""title"": ""Kuidas edasi? Eesti energeetika järgmise kümne aasta vaade"", ""organizer"": ""Eesti Tuuleenergia Assotsiatsioon"", ""date"": ""2026-08-07T12:30:00"", ""source"": ""https://arvamusfestival.ee/kava2026/""}]",eesti tuuleenergia assotsiatsioon
2387966373,MTÜ Eesti Taastuvenergia Koda,https://arvamusfestival.ee/kava2026/,"[{""id"": 13196, ""title"": ""Miks peab elektriga kauplema börsil?"", ""organizer"": ""MTÜ Eesti Taastuvenergia Koda"", ""date"": ""2026-08-08T10:00:00"", ""source"": ""https://arvamusfestival.ee/kava2026/""}]",mtü eesti taastuvenergia koda
2387966376,Tallinna Vesi,https://arvamusfestival.ee/kava2026/,"[{""id"": 13194, ""title"": ""Milliseid riske toob kliima ettevõtete tegevusse ja kuidas neid maandada? Ettevalmistused ja õppetunnid"", ""organizer"": ""Tallinna Vesi"", ""date"": ""2026-08-08T14:00:00"", ""source"": ""https://arvamusfestival.ee/kava2026/""}]",tallinna vesi
2387966379,MTÜ Eesti Taastuvenergia Koda,https://arvamusfestival.ee/kava2026/,"[{""id"": 13197, ""title"": ""Elektridefitsiit Eestis: kui suur on tegelik majandus- ja julgeolekurisk?"", ""organizer"": ""MTÜ Eesti Taastuvenergia Koda"", ""date"": ""2026-08-08T12:00:00"", ""source"": ""https://arvamusfestival.ee/kava2026/""}]",mtü eesti taastuvenergia koda
2387966382,MTÜ Eesti Taastuvenergia Koda,https://arvamusfestival.ee/kava2026/,"[{""id"": 13198, ""title"": ""Miks me pelgame energiat kui majandusarengu mootorit?"", ""organizer"": ""MTÜ Eesti Taastuvenergia Koda"", ""date"": ""2026-08-08T16:00:00"", ""source"": ""https://arvamusfestival.ee/kava2026/""}]",mtü eesti taastuvenergia koda
2393585466,Eesti Matemaatika Selts,https://arvamusfestival.ee/kava2026/,"[{""id"": 13243, ""title"": ""Matemaatikatund ja -ring kui mõtlemise laborid"", ""organizer"": ""Eesti Matemaatika Selts"", ""date"": ""2026-08-07T12:00:00"", ""source"": ""https://arvamusfestival.ee/kava2026/""}]",eesti matemaatika selts
2393585469,Eesti Üliõpilaskondade Liit,https://arvamusfestival.ee/kava2026/,"[{""id"": 13245, ""title"": ""Mida Eesti tegelikult kõrghariduselt ootab?"", ""organizer"": ""Eesti Üliõpilaskondade Liit"", ""date"": ""2026-08-08T10:30:00"", ""source"": ""https://arvamusfestival.ee/kava2026/""}]",eesti üliõpilaskondade liit
2393585472,Tallinna Lastekodu,https://arvamusfestival.ee/kava2026/,"[{""id"": 13250, ""title"": ""Kas lapsel on päriselt koht Eestis? Elu asendushooldusel täna ja homme"", ""organizer"": ""Tallinna Lastekodu"", ""date"": ""2026-08-08T18:30:00"", ""source"": ""https://arvamusfestival.ee/kava2026/""}]",tallinna lastekodu
2393585475,Eesti Õigusteaduse Üliõpilaste Liit,https://arvamusfestival.ee/kava2026/,"[{""id"": 13248, ""title"": ""Kas internet vajab korrakaitsjat?"", ""organizer"": ""Eesti Õigusteaduse Üliõpilaste Liit"", ""date"": ""2026-08-08T14:30:00"", ""source"": ""https://arvamusfestival.ee/kava2026/""}]",eesti õigusteaduse üliõpilaste liit
2393585478,Eesti Üliõpilaskondade Liit,https://arvamusfestival.ee/kava2026/,"[{""id"": 13246, ""title"": ""Tehisintellekt kõrghariduses: reeglid alles kujunemas"", ""organizer"": ""Eesti Üliõpilaskondade Liit"", ""date"": ""2026-08-07T16:00:00"", ""source"": ""https://arvamusfestival.ee/kava2026/""}]",eesti üliõpilaskondade liit
2393585481,"Tallinna Ülikool, Tartu Ülikool, Eesti Maaülikool",https://arvamusfestival.ee/kava2026/,"[{""id"": 13247, ""title"": ""Ekspert ekraanil, märklaud seljal: mis on ekspertarvamuse hind?"", ""organizer"": ""Tallinna Ülikool, Tartu Ülikool, Eesti Maaülikool"", ""date"": ""2026-08-08T12:30:00"", ""source"": ""https://arvamusfestival.ee/kava2026/""}]","tallinna ülikool, tartu ülikool, eesti maaülikool"
2393585484,Eesti Õpilasesinduste Liit,https://arvamusfestival.ee/kava2026/,"[{""id"": 13244, ""title"": ""Hinded ja heaolu – kas kool hindab õigesti?"", ""organizer"": ""Eesti Õpilasesinduste Liit"", ""date"": ""2026-08-07T14:00:00"", ""source"": ""https://arvamusfestival.ee/kava2026/""}]",eesti õpilasesinduste liit
2394248493,Eesti vähitõrje võrgustik (ESTCAN),https://arvamusfestival.ee/kava2026/,"[{""id"": 13137, ""title"": ""Kuidas rääkida vähist ja tervisest nii, et kasvaks teadlikkus, mitte ärevus?"", ""organizer"": ""Eesti vähitõrje võrgustik (ESTCAN)"", ""date"": ""2026-08-08T18:00:00"", ""source"": ""https://arvamusfestival.ee/kava2026/""}]",eesti vähitõrje võrgustik (estcan)
2394248496,Eesti vähitõrje võrgustik (ESTCAN),https://arvamusfestival.ee/kava2026/,"[{""id"": 13135, ""title"": ""Surm ei küsi diagnoosi – kas sina oled valmis?"", ""organizer"": ""Eesti vähitõrje võrgustik (ESTCAN)"", ""date"": ""2026-08-08T14:00:00"", ""source"": ""https://arvamusfestival.ee/kava2026/""}]",eesti vähitõrje võrgustik (estcan)
2394248499,Eesti vähitõrje võrgustik (ESTCAN),https://arvamusfestival.ee/kava2026/,"[{""id"": 13133, ""title"": ""Vähipatsiendi infoauk: kelle vastutus on seda täita?"", ""organizer"": ""Eesti vähitõrje võrgustik (ESTCAN)"", ""date"": ""2026-08-08T10:00:00"", ""source"": ""https://arvamusfestival.ee/kava2026/""}]",eesti vähitõrje võrgustik (estcan)
2394248502,Eesti vähitõrje võrgustik (ESTCAN),https://arvamusfestival.ee/kava2026/,"[{""id"": 13134, ""title"": ""Vähitõrje järgmised viis aastat – mida peab Eesti teisiti tegema?"", ""organizer"": ""Eesti vähitõrje võrgustik (ESTCAN)"", ""date"": ""2026-08-08T12:00:00"", ""source"": ""https://arvamusfestival.ee/kava2026/""}]",eesti vähitõrje võrgustik (estcan)
2394248505,Eesti vähitõrje võrgustik (ESTCAN),https://arvamusfestival.ee/kava2026/,"[{""id"": 13136, ""title"": ""Tehisintellekti tulevik vähiravis"", ""organizer"": ""Eesti vähitõrje võrgustik (ESTCAN)"", ""date"": ""2026-08-08T16:00:00"", ""source"": ""https://arvamusfestival.ee/kava2026/""}]",eesti vähitõrje võrgustik (estcan)
2395857120,EMN Eesti,https://arvamusfestival.ee/kava2026/,"[{""id"": 13097, ""title"": ""Muutuv rändemaastik: milleks peab Eesti Euroopa piiririigina valmis olema?"", ""organizer"": ""EMN Eesti"", ""date"": ""2026-08-07T14:30:00"", ""source"": ""https://arvamusfestival.ee/kava2026/""}]",emn eesti
2395857123,ÜRO Pagulasamet,https://arvamusfestival.ee/kava2026/,"[{""id"": 13096, ""title"": ""Uus elu, uued rollid: pagulaste identiteet ja kuuluvus Eestis"", ""organizer"": ""ÜRO Pagulasamet"", ""date"": ""2026-08-07T12:30:00"", ""source"": ""https://arvamusfestival.ee/kava2026/""}]",üro pagulasamet
2395857126,Integratsiooni Sihtasutus,https://arvamusfestival.ee/kava2026/,"[{""id"": 13098, ""title"": ""Kuuluvustunne või äärmuslus? Kuidas ennetada radikaliseerumist"", ""organizer"": ""Integratsiooni Sihtasutus"", ""date"": ""2026-08-07T18:30:00"", ""source"": ""https://arvamusfestival.ee/kava2026/""}]",integratsiooni sihtasutus
2395857129,Fenno-Ugria Asutus,https://arvamusfestival.ee/kava2026/,"[{""id"": 13099, ""title"": ""Pagulus ja rahvus"", ""organizer"": ""Fenno-Ugria Asutus"", ""date"": ""2026-08-08T10:00:00"", ""source"": ""https://arvamusfestival.ee/kava2026/""}]",fenno-ugria asutus
2395857132,Justiits- ja Digiministeerium,https://arvamusfestival.ee/kava2026/,"[{""id"": 13095, ""title"": ""Kes vastutab, kui välistöötajad elavad kümnekesi kitsas köögis ega saa palka?"", ""organizer"": ""Justiits- ja Digiministeerium"", ""date"": ""2026-08-07T16:30:00"", ""source"": ""https://arvamusfestival.ee/kava2026/""}]",justiits- ja digiministeerium
2395857135,Kultuuriministeerium,https://arvamusfestival.ee/kava2026/,"[{""id"": 13101, ""title"": ""Kellel lubame otsustada, kes Eestisse elama tuleb?"", ""organizer"": ""Kultuuriministeerium"", ""date"": ""2026-08-08T14:00:00"", ""source"": ""https://arvamusfestival.ee/kava2026/""}]",kultuuriministeerium
2395857138,Pullivara Group,https://arvamusfestival.ee/kava2026/,"[{""id"": 13100, ""title"": ""Do They Belong Here, Or Do They Just Live Here?"", ""organizer"": ""Pullivara Group"", ""date"": ""2026-08-08T12:00:00"", ""source"": ""https://arvamusfestival.ee/kava2026/""}]",pullivara group
2395857141,Tartu Kristjan Jaak Petersoni Gümnaasium / Kultuuriministeerium,https://arvamusfestival.ee/kava2026/,"[{""id"": 13102, ""title"": ""Kes ütleb meile, et nemad pole meie?"", ""organizer"": ""Tartu Kristjan Jaak Petersoni Gümnaasium / Kultuuriministeerium"", ""date"": ""2026-08-08T16:00:00"", ""source"": ""https://arvamusfestival.ee/kava2026/""}]",tartu kristjan jaak petersoni gümnaasium / kultuuriministeerium
2395857144,Siseministeerium,https://arvamusfestival.ee/kava2026/,"[{""id"": 13103, ""title"": ""Vabatahtlikkus: lõimumise mootor või lõhede peegel?"", ""organizer"": ""Siseministeerium"", ""date"": ""2026-08-08T18:00:00"", ""source"": ""https://arvamusfestival.ee/kava2026/""}]",siseministeerium
2395991448,Eesti Personalijuhtimise Ühing PARE ja Tööinspektsioon,https://arvamusfestival.ee/kava2026/,"[{""id"": 13223, ""title"": ""Töö ei küsi vanust?"", ""organizer"": ""Eesti Personalijuhtimise Ühing PARE ja Tööinspektsioon"", ""date"": ""2026-08-08T14:30:00"", ""source"": ""https://arvamusfestival.ee/kava2026/""}]",eesti personalijuhtimise ühing pare ja tööinspektsioon
2395991451,Eesti Personalijuhtimise Ühing PARE ja Tööinspektsioon,https://arvamusfestival.ee/kava2026/,"[{""id"": 13224, ""title"": ""Kas lapsed maksavad karjääris kätte?"", ""organizer"": ""Eesti Personalijuhtimise Ühing PARE ja Tööinspektsioon"", ""date"": ""2026-08-08T16:30:00"", ""source"": ""https://arvamusfestival.ee/kava2026/""}]",eesti personalijuhtimise ühing pare ja tööinspektsioon
2395991454,Eesti Personalijuhtimise Ühing PARE ja Tööinspektsioon,https://arvamusfestival.ee/kava2026/,"[{""id"": 13219, ""title"": ""Kas süsteem hoiab naisi tagasi?"", ""organizer"": ""Eesti Personalijuhtimise Ühing PARE ja Tööinspektsioon"", ""date"": ""2026-08-07T16:00:00"", ""source"": ""https://arvamusfestival.ee/kava2026/""}]",eesti personalijuhtimise ühing pare ja tööinspektsioon
2395991457,Eesti Personalijuhtimise Ühing PARE ja Tööinspektsioon,https://arvamusfestival.ee/kava2026/,"[{""id"": 13222, ""title"": ""Paindlikkus või kontroll?"", ""organizer"": ""Eesti Personalijuhtimise Ühing PARE ja Tööinspektsioon"", ""date"": ""2026-08-08T12:30:00"", ""source"": ""https://arvamusfestival.ee/kava2026/""}]",eesti personalijuhtimise ühing pare ja tööinspektsioon
2395991460,Eesti Personalijuhtimise Ühing PARE ja Tööinspektsioon,https://arvamusfestival.ee/kava2026/,"[{""id"": 13221, ""title"": ""Kriis ei vabasta juhtimisest"", ""organizer"": ""Eesti Personalijuhtimise Ühing PARE ja Tööinspektsioon"", ""date"": ""2026-08-08T10:30:00"", ""source"": ""https://arvamusfestival.ee/kava2026/""}]",eesti personalijuhtimise ühing pare ja tööinspektsioon
2395991463,Eesti Personalijuhtimise Ühing PARE ja Tööinspektsioon,https://arvamusfestival.ee/kava2026/,"[{""id"": 13225, ""title"": ""Mees, kus su lapsed on?"", ""organizer"": ""Eesti Personalijuhtimise Ühing PARE ja Tööinspektsioon"", ""date"": ""2026-08-08T18:30:00"", ""source"": ""https://arvamusfestival.ee/kava2026/""}]",eesti personalijuhtimise ühing pare ja tööinspektsioon
2395991466,Eesti Personalijuhtimise Ühing PARE ja Tööinspektsioon,https://arvamusfestival.ee/kava2026/,"[{""id"": 13217, ""title"": ""Miks noored mehed surevad?"", ""organizer"": ""Eesti Personalijuhtimise Ühing PARE ja Tööinspektsioon"", ""date"": ""2026-08-07T12:00:00"", ""source"": ""https://arvamusfestival.ee/kava2026/""}]",eesti personalijuhtimise ühing pare ja tööinspektsioon
2395991469,Eesti Personalijuhtimise Ühing PARE ja Tööinspektsioon,https://arvamusfestival.ee/kava2026/,"[{""id"": 13220, ""title"": ""Kes võidab AI-ajastul?"", ""organizer"": ""Eesti Personalijuhtimise Ühing PARE ja Tööinspektsioon"", ""date"": ""2026-08-07T18:00:00"", ""source"": ""https://arvamusfestival.ee/kava2026/""}]",eesti personalijuhtimise ühing pare ja tööinspektsioon
2395991472,Eesti Personalijuhtimise Ühing PARE ja Tööinspektsioon,https://arvamusfestival.ee/kava2026/,"[{""id"": 13218, ""title"": ""Kas iga ebamugavus on kiusamine?"", ""organizer"": ""Eesti Personalijuhtimise Ühing PARE ja Tööinspektsioon"", ""date"": ""2026-08-07T14:00:00"", ""source"": ""https://arvamusfestival.ee/kava2026/""}]",eesti personalijuhtimise ühing pare ja tööinspektsioon
2396670915,Eesti Seksuaaltervise Liit,https://arvamusfestival.ee/kava2026/,"[{""id"": 13259, ""title"": ""Pedofiilia uus nägu: kuidas avatus loob uusi riske"", ""organizer"": ""Eesti Seksuaaltervise Liit"", ""date"": ""2026-08-08T18:00:00"", ""source"": ""https://arvamusfestival.ee/kava2026/""}]",eesti seksuaaltervise liit
2396670918,Eesti Ametiühingute Keskliit,https://arvamusfestival.ee/kava2026/,"[{""id"": 13257, ""title"": ""Kas töötamine päästab Eestis vaesusest? Räägime miinimumpalgast"", ""organizer"": ""Eesti Ametiühingute Keskliit"", ""date"": ""2026-08-08T14:00:00"", ""source"": ""https://arvamusfestival.ee/kava2026/""}]",eesti ametiühingute keskliit
2396670921,Kaja Pae,https://arvamusfestival.ee/kava2026/,"[{""id"": 13251, ""title"": ""Kas Eesti tulevik on parkla või meeldiv elukeskkond?"", ""organizer"": ""Kaja Pae"", ""date"": ""2026-08-07T12:30:00"", ""source"": ""https://arvamusfestival.ee/kava2026/""}]",kaja pae
2396670924,Eestimaa Looduse Fond,https://arvamusfestival.ee/kava2026/,"[{""id"": 13252, ""title"": ""Loodusrahvas või ressursirahvas: miks keskkond valimiskasti juures kaotab?"", ""organizer"": ""Eestimaa Looduse Fond"", ""date"": ""2026-08-07T14:30:00"", ""source"": ""https://arvamusfestival.ee/kava2026/""}]",eestimaa looduse fond
2396670927,Eesti Arhitektide Liit MTÜ,https://arvamusfestival.ee/kava2026/,"[{""id"": 13253, ""title"": ""Kodude kättesaadavus: kas Eestil on plaan?"", ""organizer"": ""Eesti Arhitektide Liit MTÜ"", ""date"": ""2026-08-07T16:30:00"", ""source"": ""https://arvamusfestival.ee/kava2026/""}]",eesti arhitektide liit mtü
2396670930,Eesti ÜRO Ühing,https://arvamusfestival.ee/kava2026/,"[{""id"": 13255, ""title"": ""ÜRO kõnnib Rahvasteliidu teed"", ""organizer"": ""Eesti ÜRO Ühing"", ""date"": ""2026-08-08T10:00:00"", ""source"": ""https://arvamusfestival.ee/kava2026/""}]",eesti üro ühing
2396670933,Korruptsioonivaba Eesti MTÜ,https://arvamusfestival.ee/kava2026/,"[{""id"": 13258, ""title"": ""Kui pole mugav, siis ei kaasa?!"", ""organizer"": ""Korruptsioonivaba Eesti MTÜ"", ""date"": ""2026-08-08T16:00:00"", ""source"": ""https://arvamusfestival.ee/kava2026/""}]",korruptsioonivaba eesti mtü
2396670936,"Eesti Maaülikool, veterinaarmeditsiini ja loomakasvatuse instituut",https://arvamusfestival.ee/kava2026/,"[{""id"": 13254, ""title"": ""Kas Eesti on valmis järgmiseks kriisiks, mis ei tule tankiga? Keemilised, bioloogilised, radioloogilised ja tuumariskid"", ""organizer"": ""Eesti Maaülikool, veterinaarmeditsiini ja loomakasvatuse instituut"", ""date"": ""2026-08-07T18:30:00"", ""source"": ""https://arvamusfestival.ee/kava2026/""}]","eesti maaülikool, veterinaarmeditsiini ja loomakasvatuse instituut"
2396692734,Taastuvenergia Koda,https://arvamusfestival.ee/kava2026/,"[{""id"": 13110, ""title"": ""Kas rohereform vajab ebapopulaarseid otsuseid?"", ""organizer"": ""Taastuvenergia Koda"", ""date"": ""2026-08-08T14:00:00"", ""source"": ""https://arvamusfestival.ee/kava2026/""}]",taastuvenergia koda
2396692737,Keskkonnainvesteeringute Keskus,https://arvamusfestival.ee/kava2026/,"[{""id"": 13106, ""title"": ""Keskkonnahoid vastutuules: kas keskkonnaprojektid on vaid kulu või ka väärtus inimestele ja ettevõtetele?"", ""organizer"": ""Keskkonnainvesteeringute Keskus"", ""date"": ""2026-08-07T16:00:00"", ""source"": ""https://arvamusfestival.ee/kava2026/""}]",keskkonnainvesteeringute keskus
2396692740,Adven Eesti AS,https://arvamusfestival.ee/kava2026/,"[{""id"": 13112, ""title"": ""Kas tööstus julgeb investeerida? Energiamajanduslikud otsused ebakindla poliitika ja turu tingimustes"", ""organizer"": ""Adven Eesti AS"", ""date"": ""2026-08-08T18:00:00"", ""source"": ""https://arvamusfestival.ee/kava2026/""}]",adven eesti as
2396692743,SA Õpilasmalev,https://arvamusfestival.ee/kava2026/,"[{""id"": 13104, ""title"": ""Järgmise põlvkonna õpilasmalev"", ""organizer"": ""SA Õpilasmalev"", ""date"": ""2026-08-07T12:00:00"", ""source"": ""https://arvamusfestival.ee/kava2026/""}]",sa õpilasmalev
2396692746,Eesti Arhitektide Liit / Maa- ja Ruumiamet,https://arvamusfestival.ee/kava2026/,"[{""id"": 13109, ""title"": ""Kuidas hoida kokkuleppeid ruumis?"", ""organizer"": ""Eesti Arhitektide Liit / Maa- ja Ruumiamet"", ""date"": ""2026-08-08T12:00:00"", ""source"": ""https://arvamusfestival.ee/kava2026/""}]",eesti arhitektide liit / maa- ja ruumiamet
2396692749,Vindr Baltic OÜ ja VKG,https://arvamusfestival.ee/kava2026/,"[{""id"": 13111, ""title"": ""Kas elekter saab olla korraga odav, roheline ja kindel ning hoida Eesti majanduse konkurentsivõimelisena?"", ""organizer"": ""Vindr Baltic OÜ ja VKG"", ""date"": ""2026-08-08T16:00:00"", ""source"": ""https://arvamusfestival.ee/kava2026/""}]",vindr baltic oü ja vkg
2396692752,"Tallinna Tehnikaülikool, Vastutustundliku Majanduse ja ESG Fookustippkeskus",https://arvamusfestival.ee/kava2026/,"[{""id"": 13107, ""title"": ""Tuleviku Eesti edulugu: majanduskasv või tasaareng?"", ""organizer"": ""Tallinna Tehnikaülikool, Vastutustundliku Majanduse ja ESG Fookustippkeskus"", ""date"": ""2026-08-07T18:00:00"", ""source"": ""https://arvamusfestival.ee/kava2026/""}]","tallinna tehnikaülikool, vastutustundliku majanduse ja esg fookustippkeskus"
2396692755,Geoteaduste Üliõpilaste Selts,https://arvamusfestival.ee/kava2026/,"[{""id"": 13105, ""title"": ""Tehisintellekti nähtamatu jalajälg: kas digiareng tuleb keskkonna arvelt?"", ""organizer"": ""Geoteaduste Üliõpilaste Selts"", ""date"": ""2026-08-07T14:00:00"", ""source"": ""https://arvamusfestival.ee/kava2026/""}]",geoteaduste üliõpilaste selts
2397177237,Eesti Väitlusselts,https://arvamusfestival.ee/kava2026/,"[{""id"": 13127, ""title"": ""Kas sotsiaalmeediasse mahub sisukas poliitiline diskussioon?"", ""organizer"": ""Eesti Väitlusselts"", ""date"": ""2026-08-08T16:00:00"", ""source"": ""https://arvamusfestival.ee/kava2026/""}]",eesti väitlusselts
2397177240,Ühendus KULTUURITAHE,https://arvamusfestival.ee/kava2026/,"[{""id"": 13123, ""title"": ""Kultuur on majandusharu"", ""organizer"": ""Ühendus KULTUURITAHE"", ""date"": ""2026-08-07T16:30:00"", ""source"": ""https://arvamusfestival.ee/kava2026/""}]",ühendus kultuuritahe
2397177243,Eesti Vaimse Tervise ja Heaolu Koalitsioon VATEK,https://arvamusfestival.ee/kava2026/,"[{""id"": 13128, ""title"": ""Kultuuriretsept – ravi positiivsete kõrvaltoimetega"", ""organizer"": ""Eesti Vaimse Tervise ja Heaolu Koalitsioon VATEK"", ""date"": ""2026-08-08T18:00:00"", ""source"": ""https://arvamusfestival.ee/kava2026/""}]",eesti vaimse tervise ja heaolu koalitsioon vatek
2397177246,Loomus MTÜ,https://arvamusfestival.ee/kava2026/,"[{""id"": 13122, ""title"": ""Reklaamide vastutamatusest ja vastutusest"", ""organizer"": ""Loomus MTÜ"", ""date"": ""2026-08-07T14:30:00"", ""source"": ""https://arvamusfestival.ee/kava2026/""}]",loomus mtü
2397177249,Tallinna Ettevõtlusinkubaator,https://arvamusfestival.ee/kava2026/,"[{""id"": 13126, ""title"": ""AI ajastu ettevõtlus – kas miljon mikroettevõtjat või paar suurt võitjat?"", ""organizer"": ""Tallinna Ettevõtlusinkubaator"", ""date"": ""2026-08-08T14:00:00"", ""source"": ""https://arvamusfestival.ee/kava2026/""}]",tallinna ettevõtlusinkubaator
2397177252,Ühendus KULTUURITAHE,https://arvamusfestival.ee/kava2026/,"[{""id"": 13125, ""title"": ""Tehisintellekt kultuuris – kas loovisik on järgmine väljasureja?"", ""organizer"": ""Ühendus KULTUURITAHE"", ""date"": ""2026-08-08T12:00:00"", ""source"": ""https://arvamusfestival.ee/kava2026/""}]",ühendus kultuuritahe
2397177255,Ühendus KULTUURITAHE,https://arvamusfestival.ee/kava2026/,"[{""id"": 13124, ""title"": ""Vabakutseliste loovisikute toimetulek"", ""organizer"": ""Ühendus KULTUURITAHE"", ""date"": ""2026-08-07T18:30:00"", ""source"": ""https://arvamusfestival.ee/kava2026/""}]",ühendus kultuuritahe
2397177258,Eesti Kunstikoolide Liit (Noored),https://arvamusfestival.ee/kava2026/,"[{""id"": 13121, ""title"": ""Kas tänavakunst peaks olema legaalne?"", ""organizer"": ""Eesti Kunstikoolide Liit (Noored)"", ""date"": ""2026-08-07T12:30:00"", ""source"": ""https://arvamusfestival.ee/kava2026/""}]",eesti kunstikoolide liit (noored)
2397264564,Eesti Interneti SA,https://arvamusfestival.ee/kava2026/,"[{""id"": 13141, ""title"": ""Küberturvalisus vs ettevõtlusvõime: kus on tasakaal?"", ""organizer"": ""Eesti Interneti SA"", ""date"": ""2026-08-07T18:00:00"", ""source"": ""https://arvamusfestival.ee/kava2026/""}]",eesti interneti sa
2397264567,Sihtasutus Eesti Teadusagentuur (ETAG),https://arvamusfestival.ee/kava2026/,"[{""id"": 13145, ""title"": ""Teadmussiirdedoktorantuur – Eesti majanduse kasutamata potentsiaal?"", ""organizer"": ""Sihtasutus Eesti Teadusagentuur (ETAG)"", ""date"": ""2026-08-08T16:30:00"", ""source"": ""https://arvamusfestival.ee/kava2026/""}]",sihtasutus eesti teadusagentuur (etag)
2397264570,Sihtasutus Eesti Teadusagentuur (ETAG),https://arvamusfestival.ee/kava2026/,"[{""id"": 13138, ""title"": ""Miljon sensorit, üks planeet: kuidas tehisintellekt asjades (AIoT) muudab teadust?"", ""organizer"": ""Sihtasutus Eesti Teadusagentuur (ETAG)"", ""date"": ""2026-08-07T12:00:00"", ""source"": ""https://arvamusfestival.ee/kava2026/""}]",sihtasutus eesti teadusagentuur (etag)
2397264573,Eesti Interneti SA,https://arvamusfestival.ee/kava2026/,"[{""id"": 13140, ""title"": ""Kas oleme tehisaru nimel valmis ohverdama oma inimõigused?"", ""organizer"": ""Eesti Interneti SA"", ""date"": ""2026-08-07T16:00:00"", ""source"": ""https://arvamusfestival.ee/kava2026/""}]",eesti interneti sa
2397264576,Eesti Loomaarstide Koda (ELK),https://arvamusfestival.ee/kava2026/,"[{""id"": 13139, ""title"": ""Kas linnud ja loomad keedavad meile uut superhaigust?"", ""organizer"": ""Eesti Loomaarstide Koda (ELK)"", ""date"": ""2026-08-07T14:00:00"", ""source"": ""https://arvamusfestival.ee/kava2026/""}]",eesti loomaarstide koda (elk)
2397264579,Rail Baltic Estonia,https://arvamusfestival.ee/kava2026/,"[{""id"": 13144, ""title"": ""Elu võimalikkusest pealinnast eemal"", ""organizer"": ""Rail Baltic Estonia"", ""date"": ""2026-08-08T14:30:00"", ""source"": ""https://arvamusfestival.ee/kava2026/""}]",rail baltic estonia
2397264582,Regionaal- ja Põllumajandusministeerium,https://arvamusfestival.ee/kava2026/,"[{""id"": 13142, ""title"": ""Kes vastutab Eesti toidujulgeoleku eest?"", ""organizer"": ""Regionaal- ja Põllumajandusministeerium"", ""date"": ""2026-08-08T10:30:00"", ""source"": ""https://arvamusfestival.ee/kava2026/""}]",regionaal- ja põllumajandusministeerium
2397264585,Põllumajandus- ja Toiduamet,https://arvamusfestival.ee/kava2026/,"[{""id"": 13143, ""title"": ""Toiduraiskamine või toiduohutus – kas peame valima?"", ""organizer"": ""Põllumajandus- ja Toiduamet"", ""date"": ""2026-08-08T12:30:00"", ""source"": ""https://arvamusfestival.ee/kava2026/""}]",põllumajandus- ja toiduamet
2397264588,Rail Baltic Estonia,https://arvamusfestival.ee/kava2026/,"[{""id"": 13146, ""title"": ""Mille taha jääb majanduskasv?"", ""organizer"": ""Rail Baltic Estonia"", ""date"": ""2026-08-08T18:30:00"", ""source"": ""https://arvamusfestival.ee/kava2026/""}]",rail baltic estonia
2397829623,Justiits- ja digiministeerium,https://arvamusfestival.ee/kava2026/,"[{""id"": 13227, ""title"": ""Noorte julm vägivald – kas sinu kodukant on järgmine?"", ""organizer"": ""Justiits- ja digiministeerium"", ""date"": ""2026-08-07T14:30:00"", ""source"": ""https://arvamusfestival.ee/kava2026/""}]",justiits- ja digiministeerium
2397829626,Tartu Ülikool,https://arvamusfestival.ee/kava2026/,"[{""id"": 13231, ""title"": ""Kui sensoreid saab rohkem kui inimesi, siis kes hoiab piirialade Eestit?"", ""organizer"": ""Tartu Ülikool"", ""date"": ""2026-08-08T12:00:00"", ""source"": ""https://arvamusfestival.ee/kava2026/""}]",tartu ülikool
2397829629,Eesti Urantia Assotsiatsioon MTÜ,https://arvamusfestival.ee/kava2026/,"[{""id"": 13230, ""title"": ""Religioossete ühenduste roll ühiskonna toetaja ja tasakaalustajana"", ""organizer"": ""Eesti Urantia Assotsiatsioon MTÜ"", ""date"": ""2026-08-08T10:00:00"", ""source"": ""https://arvamusfestival.ee/kava2026/""}]",eesti urantia assotsiatsioon mtü
2397829632,Eesti Muuseumiühing koostöös Eesti Muuseumide Liiduga,https://arvamusfestival.ee/kava2026/,"[{""id"": 13229, ""title"": ""Appi! Mind ei lasta muuseumisse! Kultuuriharidus kui regionaalpoliitika"", ""organizer"": ""Eesti Muuseumiühing koostöös Eesti Muuseumide Liiduga"", ""date"": ""2026-08-07T18:30:00"", ""source"": ""https://arvamusfestival.ee/kava2026/""}]",eesti muuseumiühing koostöös eesti muuseumide liiduga
2397829635,Eesti Kaubandus-Tööstuskoda,https://arvamusfestival.ee/kava2026/,"[{""id"": 13228, ""title"": ""„Veibi-Vellod“ ja veipivad noored – miks salaturg võidab ja mida teha teisiti?"", ""organizer"": ""Eesti Kaubandus-Tööstuskoda"", ""date"": ""2026-08-07T16:30:00"", ""source"": ""https://arvamusfestival.ee/kava2026/""}]",eesti kaubandus-tööstuskoda
2397829638,Bonava Eesti,https://arvamusfestival.ee/kava2026/,"[{""id"": 13233, ""title"": ""Kus on noore kodu? Kuidas elatakse tulevikus ja kas kodu peab tingimata omama?"", ""organizer"": ""Bonava Eesti"", ""date"": ""2026-08-08T16:00:00"", ""source"": ""https://arvamusfestival.ee/kava2026/""}]",bonava eesti
2397829641,Tartumaa Omavalitsuste Liit,https://arvamusfestival.ee/kava2026/,"[{""id"": 13226, ""title"": ""Kelle vastutus on NEET-olukorras noor – tema enda, spetsialistide või kogu ühiskonna?"", ""organizer"": ""Tartumaa Omavalitsuste Liit"", ""date"": ""2026-08-07T12:30:00"", ""source"": ""https://arvamusfestival.ee/kava2026/""}]",tartumaa omavalitsuste liit
2400164898,Eesti Montessori Ühing,https://arvamusfestival.ee/kava2026/,"[{""id"": 13115, ""title"": ""Kas lapsevanem on partner või lihtsalt teenusetarbija?"", ""organizer"": ""Eesti Montessori Ühing"", ""date"": ""2026-08-07T16:00:00"", ""source"": ""https://arvamusfestival.ee/kava2026/""}]",eesti montessori ühing
2400164901,Lasteklubi Väike Päike,https://arvamusfestival.ee/kava2026/,"[{""id"": 13119, ""title"": ""Ühiskondlik ebavõrdsus algab enne kooli – kas me tunnistame seda?"", ""organizer"": ""Lasteklubi Väike Päike"", ""date"": ""2026-08-08T14:30:00"", ""source"": ""https://arvamusfestival.ee/kava2026/""}]",lasteklubi väike päike
2400164904,Maililii OÜ,https://arvamusfestival.ee/kava2026/,"[{""id"": 13113, ""title"": ""Kuidas toetada lapse keele ja kõne arengut liikumismängude kaudu?"", ""organizer"": ""Maililii OÜ"", ""date"": ""2026-08-07T12:00:00"", ""source"": ""https://arvamusfestival.ee/kava2026/""}]",maililii oü
2400164907,Eesti Lastehoidude Liit,https://arvamusfestival.ee/kava2026/,"[{""id"": 13117, ""title"": ""Iga lapse tulevik on Eesti arenguküsimus"", ""organizer"": ""Eesti Lastehoidude Liit"", ""date"": ""2026-08-08T10:30:00"", ""source"": ""https://arvamusfestival.ee/kava2026/""}]",eesti lastehoidude liit
2400164910,Eesti Lastehoidude Liit,https://arvamusfestival.ee/kava2026/,"[{""id"": 13114, ""title"": ""Mida laps tegelikult tahab, et me märkaks?"", ""organizer"": ""Eesti Lastehoidude Liit"", ""date"": ""2026-08-07T14:00:00"", ""source"": ""https://arvamusfestival.ee/kava2026/""}]",eesti lastehoidude liit
2400164913,Lasteklubi Väike Päike,https://arvamusfestival.ee/kava2026/,"[{""id"": 13120, ""title"": ""Alushariduse agenda 2027–2031: mida Eesti peab nüüd otsustama?"", ""organizer"": ""Lasteklubi Väike Päike"", ""date"": ""2026-08-08T16:30:00"", ""source"": ""https://arvamusfestival.ee/kava2026/""}]",lasteklubi väike päike
2400164916,Lasteklubi Väike Päike,https://arvamusfestival.ee/kava2026/,"[{""id"": 13116, ""title"": ""Aga kes hoiab õpetajat?"", ""organizer"": ""Lasteklubi Väike Päike"", ""date"": ""2026-08-07T18:00:00"", ""source"": ""https://arvamusfestival.ee/kava2026/""}]",lasteklubi väike päike
2400184974,Eesti e-residentsuse programm,https://arvamusfestival.ee/kava2026/,"[{""id"": 13425, ""title"": ""Väike rahvas, suur mudel: kas tehisaru on Eesti jaoks loodud?"", ""organizer"": ""Eesti e-residentsuse programm"", ""date"": ""2026-08-07T16:00:00"", ""source"": ""https://arvamusfestival.ee/kava2026/""}]",eesti e-residentsuse programm
2400184977,Eesti e-residentsuse programm,https://arvamusfestival.ee/kava2026/,"[{""id"": 13424, ""title"": ""Post-it, pastakas ja AI-agent - Eesti.ai praktiline töötuba nutikama tööpäeva disainimiseks"", ""organizer"": ""Eesti e-residentsuse programm"", ""date"": ""2026-08-07T14:00:00"", ""source"": ""https://arvamusfestival.ee/kava2026/""}, {""id"": 13430, ""title"": ""Post-it, pastakas ja AI-agent - Eesti.ai praktiline töötuba nutikama tööpäeva disainimiseks"", ""organizer"": ""Eesti e-residentsuse programm"", ""date"": ""2026-08-08T16:30:00"", ""source"": ""https://arvamusfestival.ee/kava2026/""}]",eesti e-residentsuse programm
2400184980,Eesti e-residentsuse programm,https://arvamusfestival.ee/kava2026/,"[{""id"": 13426, ""title"": ""Eesti, Singapur, Dubai, Delaware. Kui konkurentsivõimelised me globaalselt oleme?"", ""organizer"": ""Eesti e-residentsuse programm"", ""date"": ""2026-08-07T18:00:00"", ""source"": ""https://arvamusfestival.ee/kava2026/""}]",eesti e-residentsuse programm
2400184983,Eesti e-residentsuse programm,https://arvamusfestival.ee/kava2026/,"[{""id"": 13424, ""title"": ""Post-it, pastakas ja AI-agent - Eesti.ai praktiline töötuba nutikama tööpäeva disainimiseks"", ""organizer"": ""Eesti e-residentsuse programm"", ""date"": ""2026-08-07T14:00:00"", ""source"": ""https://arvamusfestival.ee/kava2026/""}, {""id"": 13430, ""title"": ""Post-it, pastakas ja AI-agent - Eesti.ai praktiline töötuba nutikama tööpäeva disainimiseks"", ""organizer"": ""Eesti e-residentsuse programm"", ""date"": ""2026-08-08T16:30:00"", ""source"": ""https://arvamusfestival.ee/kava2026/""}]",eesti e-residentsuse programm
2400184986,Eesti e-residentsuse programm,https://arvamusfestival.ee/kava2026/,"[{""id"": 13423, ""title"": ""Eesti loob maailma esimese agentide riigi"", ""organizer"": ""Eesti e-residentsuse programm"", ""date"": ""2026-08-07T12:00:00"", ""source"": ""https://arvamusfestival.ee/kava2026/""}]",eesti e-residentsuse programm
2400184989,Eesti e-residentsuse programm,https://arvamusfestival.ee/kava2026/,"[{""id"": 13429, ""title"": ""Tiigri üleandmine. Kes kannab Eesti digilugu edasi?"", ""organizer"": ""Eesti e-residentsuse programm"", ""date"": ""2026-08-08T14:30:00"", ""source"": ""https://arvamusfestival.ee/kava2026/""}]",eesti e-residentsuse programm
2400184992,Eesti e-residentsuse programm,https://arvamusfestival.ee/kava2026/,"[{""id"": 13427, ""title"": ""Usalda, aga kontrolli – mis saab valesti minna, kui AI-agent saab isikukoodi?"", ""organizer"": ""Eesti e-residentsuse programm"", ""date"": ""2026-08-08T10:00:00"", ""source"": ""https://arvamusfestival.ee/kava2026/""}]",eesti e-residentsuse programm
2400184995,Eesti e-residentsuse programm,https://arvamusfestival.ee/kava2026/,"[{""id"": 13428, ""title"": ""Kas annaksid AI-le õiguse enda nimel tegutseda?"", ""organizer"": ""Eesti e-residentsuse programm"", ""date"": ""2026-08-08T12:00:00"", ""source"": ""https://arvamusfestival.ee/kava2026/""}]",eesti e-residentsuse programm
2400207741,Eesti Tervisemajanduse Koda (Health Founders Estonia),https://arvamusfestival.ee/kava2026/,"[{""id"": 13215, ""title"": ""Kuidas rahastada terviseidusid nii, et uued lahendused jõuaksid ka Eestis kasutusele?"", ""organizer"": ""Eesti Tervisemajanduse Koda (Health Founders Estonia)"", ""date"": ""2026-08-08T16:00:00"", ""source"": ""https://arvamusfestival.ee/kava2026/""}]",eesti tervisemajanduse koda (health founders estonia)
2400207744,Magnum AS,https://arvamusfestival.ee/kava2026/,"[{""id"": 13213, ""title"": ""Konkurents tervishoius – kas oht või lahendus?"", ""organizer"": ""Magnum AS"", ""date"": ""2026-08-08T12:00:00"", ""source"": ""https://arvamusfestival.ee/kava2026/""}]",magnum as
2400207747,Confido,https://arvamusfestival.ee/kava2026/,"[{""id"": 13209, ""title"": ""Kuidas tehnoloogia areng meie aju mõjutab?"", ""organizer"": ""Confido"", ""date"": ""2026-08-07T14:30:00"", ""source"": ""https://arvamusfestival.ee/kava2026/""}]",confido
2400207750,Novartis,https://arvamusfestival.ee/kava2026/,"[{""id"": 13211, ""title"": ""Eesti terviseandmed: kristallkuul või kompass?"", ""organizer"": ""Novartis"", ""date"": ""2026-08-07T18:30:00"", ""source"": ""https://arvamusfestival.ee/kava2026/""}]",novartis
2400207753,Eesti Hambaarstide Liit,https://arvamusfestival.ee/kava2026/,"[{""id"": 13210, ""title"": ""Uued hambad Türgist – kes parandab, kui midagi läheb valesti?"", ""organizer"": ""Eesti Hambaarstide Liit"", ""date"": ""2026-08-07T16:30:00"", ""source"": ""https://arvamusfestival.ee/kava2026/""}]",eesti hambaarstide liit
2400207756,Roche,https://arvamusfestival.ee/kava2026/,"[{""id"": 13212, ""title"": ""Kuhu kaovad töötajad?"", ""organizer"": ""Roche"", ""date"": ""2026-08-08T10:00:00"", ""source"": ""https://arvamusfestival.ee/kava2026/""}]",roche
2400207759,Kogu ala ühispaneel,https://arvamusfestival.ee/kava2026/,"[{""id"": 13216, ""title"": ""Tervishoid aastal 2050: milliseid otsuseid peame tegema juba täna?"", ""organizer"": ""Kogu ala ühispaneel"", ""date"": ""2026-08-08T18:00:00"", ""source"": ""https://arvamusfestival.ee/kava2026/""}]",kogu ala ühispaneel
2400207762,SYNLAB,https://arvamusfestival.ee/kava2026/,"[{""id"": 13214, ""title"": ""Kelle vastutus on ennetus tervishoius?"", ""organizer"": ""SYNLAB"", ""date"": ""2026-08-08T14:00:00"", ""source"": ""https://arvamusfestival.ee/kava2026/""}]",synlab
2400207765,Apotheka,https://arvamusfestival.ee/kava2026/,"[{""id"": 13208, ""title"": ""Üksilduse rohi: kes vastutab üksilduse eest?"", ""organizer"": ""Apotheka"", ""date"": ""2026-08-07T12:30:00"", ""source"": ""https://arvamusfestival.ee/kava2026/""}]",apotheka
