jev_high_level_id,jev_high_level_name,segments,talks,recording_hours
ai,Tehisintellekt ja digitehnoloogia,181,30,13.725116666666667
children,Laste ja noorte kaitse ning toetamine,153,20,11.697189166666664
climate,"Kliima, rohepööre ja kestlik tarbimine",172,37,13.664942222222223
culture,"Kultuur, loome ja pärand",115,10,9.887396944444445
cyber,"Küberturvalisus, privaatsus ja digiohud",75,17,6.279609444444444
defence,"Riigikaitse, julgeolek ja kriisivalmidus",181,20,14.800300833333333
economy,"Majandus, ettevõtlus ja innovatsioon",122,30,9.504795555555555
education,"Haridus, õppimine ja oskused",516,71,41.669575
energy,Energeetika ja energiaturud,240,27,18.992374999999996
family,"Pere, suhted ja sooline võrdsus",129,11,10.260590555555554
food,"Toit, põllumajandus ja toidujulgeolek",39,7,2.8743188888888884
governance,"Riigijuhtimine, kodanikuühiskond ja õigus",226,43,18.104595
healthcare,"Tervishoid, ravi ja terviseandmed",347,29,27.725610833333334
international,"Rahvusvahelised suhted, Euroopa Liit ja humanitaarabi",146,17,11.699914722222221
media,"Meedia, avalik arutelu ja infokvaliteet",111,19,8.586562222222222
migration,"Ränne, lõimumine ja kuuluvus",141,21,11.346763055555556
nature,"Loodus, metsandus ja maavarad",170,17,13.578815277777778
place,"Eluase, ruum ja ühendused",180,19,13.85785277777778
unassigned,Määramata,389,156,19.845125833333334
wellbeing,"Vaimne tervis, tervisekäitumine ja ennetus",215,33,16.395239444444446
work,"Tööelu, juhtimine ja töötajate õigused",284,35,23.26681333333333
