episode_id,topic_count,topic_changes,changes_per_hour
2247188693,1,0,0.0
2250797867,1,0,0.0
2271676346,1,0,0.0
2314163813,3,11,6.692829545800248
2314163816,2,3,1.9644768025302461
2387966373,2,5,4.788447710284017
2393585466,1,0,0.0
2394248499,1,0,0.0
2395857123,1,0,0.0
2395991463,2,2,1.3058306062028404
2396670927,2,6,4.171091209599071
2396692746,1,0,0.0
2397177243,1,10,6.925861918706157
2397177249,3,14,8.880037042440232
2397264585,2,9,6.472486737395231
2400164916,1,4,4.001607312270429
2400184983,2,1,0.9834171286678386
2400207765,3,14,9.19746296013776
