segment_key,episode_id,talk_name,start_seconds,end_seconds,original_topic_id,original_topic_name,jev_topic_id,jev_topic_name,jev_probability,review_verdict,review_note,reviewer,review_date
semantic:bge:leaf-local-6-2:42:2397177249:000000398480-000000490080,2397177249,AI ajastu ettevõtlus – kas miljon mikroettevõtjat või paar suurt võitjat_,398.48,490.08,9,AI-assistendi prompti ülesehitus,186,AI mõju töökorraldusele ja tööturule,0.95,jev_better,Agent-driven development and changing jobs; no substantive prompt-design guidance.,Codex text-based assessment,2026-10-04
semantic:bge:leaf-local-6-2:42:2397177249:000000997800-000001158920,2397177249,AI ajastu ettevõtlus – kas miljon mikroettevõtjat või paar suurt võitjat_,997.8,1158.92,-1,Unassigned,186,AI mõju töökorraldusele ja tööturule,0.97,jev_better,"Which jobs and human skills survive automation: hairdressers, empathy, taste and face-to-face contact.",Codex text-based assessment,2026-10-04
semantic:bge:leaf-local-6-2:42:2397177249:000001505640-000001633320,2397177249,AI ajastu ettevõtlus – kas miljon mikroettevõtjat või paar suurt võitjat_,1505.64,1633.32,120,AI odava kasutuselevõtu ja eksporti,155,AI-agentide vastutus ja kontroll,0.8200000000000001,jev_better_with_overlap,"Starts with unpredictable agents and lack of control, then shifts to institutional inertia and technology adoption. Jev is closer, but the segment is mixed.",Codex text-based assessment,2026-10-04
semantic:bge:leaf-local-6-2:42:2397177249:000002738640-000002868800,2397177249,AI ajastu ettevõtlus – kas miljon mikroettevõtjat või paar suurt võitjat_,2738.64,2868.8,11,laste nutiekraani ja sotsiaalmeedia sõltuvus,-1,Unassigned,0.47,neither_ideal,"Teenager builds an AI-assisted affiliate business; screen addiction is unsupported. Jev abstains, but topic 234 about AI-enabled entrepreneurship would be more useful.",Codex text-based assessment,2026-10-04
semantic:bge:leaf-local-6-2:42:2397177249:000004117240-000004373560,2397177249,AI ajastu ettevõtlus – kas miljon mikroettevõtjat või paar suurt võitjat_,4117.24,4373.56,186,AI mõju töökorraldusele ja tööturule,-1,Unassigned,0.64,jev_abstention_reasonable,Main subject is learning from entrepreneurial failure versus success. AI work/labour-market label is weak; an agent competition example occurs at the end.,Codex text-based assessment,2026-10-04
semantic:bge:leaf-local-6-2:42:2397177249:000005276920-000005546000,2397177249,AI ajastu ettevõtlus – kas miljon mikroettevõtjat või paar suurt võitjat_,5276.92,5546.0,-1,Unassigned,60,andmejärelevalve ja tehisintellekti piirid,0.93,jev_better,"AI-generated marketing content, disclosure, personal/business data and platform power. Data oversight and AI boundaries fits substantial content.",Codex text-based assessment,2026-10-04
semantic:bge:leaf-local-6-2:42:2400164916:000000207080-000000406520,2400164916,Aga kes hoiab õpetajat_,207.08,406.52,-1,Unassigned,-1,Unassigned,0.85,agreement_reasonable,"Audience icebreaker: geography, introductions, years of education experience and group formation. Procedural unassigned is appropriate.",Codex text-based assessment,2026-10-04
semantic:bge:leaf-local-6-2:42:2400164916:000001617120-000001712960,2400164916,Aga kes hoiab õpetajat_,1617.12,1712.96,162,Seto kultuuri üleküllus koolis,180,Õpetaja hoituse rollid alushariduses,0.5,jev_better,"Teacher describes support from family and children, fatigue and discussing worries at home. No Seto-culture content.",Codex text-based assessment,2026-10-04
semantic:bge:leaf-local-6-2:42:2400164916:000002334880-000002534640,2400164916,Aga kes hoiab õpetajat_,2334.88,2534.64,-1,Unassigned,172,Alushariduse vastutus ja kvaliteet,0.54,jev_better_with_overlap,"Curriculum politics, roles of parliament/ministry/local government and teacher salary linkage. Topic 172 fits; 180 is also plausible.",Codex text-based assessment,2026-10-04
semantic:bge:leaf-local-6-2:42:2400164916:000002534640-000002632080,2400164916,Aga kes hoiab õpetajat_,2534.64,2632.08,-1,Unassigned,-1,Unassigned,0.42,both_miss_useful_topic,Municipal opposition to teacher salary linkage and state salary support funding. Education responsibility/funding topic 172 would be useful despite both abstaining.,Codex text-based assessment,2026-10-04
semantic:bge:leaf-local-6-2:42:2271676346:000001327920-000001598080,2271676346,Ajateenistuse tulevikuvaade – kuhu liigume ja miks_,1327.92,1598.08,106,Sooneutraalne ajateenistus ja reservi täitmine,45,Lai riigikaitse kodune ja kogukondlik valmisolek,0.5700000000000001,taxonomy_mismatch,Preparing pupils physically/mentally for conscription and normalising military service. Both 106 and 45 are imperfect: gender-neutral reserve filling versus household/community preparedness.,Codex text-based assessment,2026-10-04
semantic:bge:leaf-local-6-2:42:2271676346:000002538680-000002639440,2271676346,Ajateenistuse tulevikuvaade – kuhu liigume ja miks_,2538.68,2639.44,102,Hispaaniasse kolimise hirm reservväelaste seas,-1,Unassigned,0.37,jev_abstention_reasonable,Training comfort and scheduling conscription with education. Original Spain-relocation label is unsupported; Jev is uncertain between unassigned and 106.,Codex text-based assessment,2026-10-04
semantic:bge:leaf-local-6-2:42:2271676346:000003034440-000003167920,2271676346,Ajateenistuse tulevikuvaade – kuhu liigume ja miks_,3034.44,3167.92,102,Hispaaniasse kolimise hirm reservväelaste seas,106,Sooneutraalne ajateenistus ja reservi täitmine,0.32,jev_closer_but_imperfect,"Both reservist parents called to war, childcare and voluntary obligations of women. Jev 106 is closer than Spain relocation, but alternatives 100/45 overlap.",Codex text-based assessment,2026-10-04
semantic:bge:leaf-local-6-2:42:2271676346:000004356720-000004592240,2271676346,Ajateenistuse tulevikuvaade – kuhu liigume ja miks_,4356.72,4592.24,189,kihiline õhukaitse ja mehitamata võimed,189,kihiline õhukaitse ja mehitamata võimed,0.92,agreement_good,"Drones, operators, unmanned systems, electronic warfare and adapting military doctrine. Both topic 189 labels fit.",Codex text-based assessment,2026-10-04
semantic:bge:leaf-local-6-2:42:2397177249:000000490080-000000626920,2397177249,AI ajastu ettevõtlus – kas miljon mikroettevõtjat või paar suurt võitjat_,490.08,626.92,234,AI muudab üksikettevõtluse lihtsamaks,186,AI mõju töökorraldusele ja tööturule,0.53,mixed_no_clear_winner,"Mostly panelist introductions: human versus machine, followed by a young founder expanding with AI. Both 186 and 234 fit parts; a substantive topic label overstates the introductions.",Codex text-based assessment,2026-10-04
semantic:bge:leaf-local-6-2:42:2397177249:000000626920-000000866640,2397177249,AI ajastu ettevõtlus – kas miljon mikroettevõtjat või paar suurt võitjat_,626.92,866.64,199,AI kasutamine töö- ja loometekstide koostamisel,234,AI muudab üksikettevõtluse lihtsamaks,0.56,both_defensible,"Concrete AI uses include preparation/research, personalised offer pages, social posts and artwork lists. Original 199 fits much of the text; Jev 234 fits solo-business framing. Prefer multiple labels rather than calling the original wrong.",Codex text-based assessment,2026-10-04
semantic:bge:leaf-local-6-2:42:2397177249:000000866640-000000997800,2397177249,AI ajastu ettevõtlus – kas miljon mikroettevõtjat või paar suurt võitjat_,866.64,997.8,234,AI muudab üksikettevõtluse lihtsamaks,186,AI mõju töökorraldusele ja tööturule,0.9,jev_better_with_overlap,"Explicit question on AI removing jobs versus creating companies, followed by one-person unicorns. Jev 186 is a good primary label, but 234 is also substantial; 90% looks more decisive than my reading.",Codex text-based assessment,2026-10-04
semantic:bge:leaf-local-6-2:42:2397177249:000001795240-000002214480,2397177249,AI ajastu ettevõtlus – kas miljon mikroettevõtjat või paar suurt võitjat_,1795.24,2214.48,170,AI abil teksti ja heli konverteerimine,234,AI muudab üksikettevõtluse lihtsamaks,0.71,jev_better_with_overlap,First part discusses creativity and human-machine co-creation; later examples cover vibe-coded apps and businesses born from solving personal problems. Jev 234 fits the latter; original text/audio conversion is unsupported.,Codex text-based assessment,2026-10-04
semantic:bge:leaf-local-6-2:42:2397177249:000004373560-000004503720,2397177249,AI ajastu ettevõtlus – kas miljon mikroettevõtjat või paar suurt võitjat_,4373.56,4503.72,234,AI muudab üksikettevõtluse lihtsamaks,157,Startup-ökosüsteemi kogukond ja eeskujud,0.42,jev_closer_but_uncertain,"Mentors, learning from mistakes, incubator support and transition to national AI strategy. Jev startup community is closer than solo AI entrepreneurship, but the segment is a transition with several subjects.",Codex text-based assessment,2026-10-04
semantic:bge:leaf-local-6-2:42:2397177249:000004503720-000005052880,2397177249,AI ajastu ettevõtlus – kas miljon mikroettevõtjat või paar suurt võitjat_,4503.72,5052.88,170,AI abil teksti ja heli konverteerimine,120,AI odava kasutuselevõtu ja eksporti,0.83,jev_better,"National AI adoption programme, training, experimentation credits, productivity, education and enterprise support. Topic 120 broadly fits adoption; original text/audio conversion is unsupported. Export is not the main focus.",Codex text-based assessment,2026-10-04
semantic:bge:leaf-local-6-2:42:2397177249:000005052880-000005276920,2397177249,AI ajastu ettevõtlus – kas miljon mikroettevõtjat või paar suurt võitjat_,5052.88,5276.92,-1,Unassigned,186,AI mõju töökorraldusele ja tööturule,0.38,mixed_no_clear_winner,"Closing optimism about AI, youth, experimentation and people controlling change. Jev 186 and 234 are tied at 38%; no strong specific primary topic. Original abstention is defensible.",Codex text-based assessment,2026-10-04
semantic:bge:leaf-local-6-2:42:2397177249:000005546000-000005687252,2397177249,AI ajastu ettevõtlus – kas miljon mikroettevõtjat või paar suurt võitjat_,5546.0,5687.252,9,AI-assistendi prompti ülesehitus,60,andmejärelevalve ja tehisintellekti piirid,0.49,jev_better_with_overlap,"Corporate versus government power, surveillance and moral responsibility, plus Skype competition anecdote and closing thanks. Topic 60 fits substantial content; no prompt-design discussion.",Codex text-based assessment,2026-10-04
semantic:bge:leaf-local-6-2:42:2400164916:000000406520-000000642160,2400164916,Aga kes hoiab õpetajat_,406.52,642.16,-1,Unassigned,180,Õpetaja hoituse rollid alushariduses,0.64,jev_better,Workshop facilitation asks participants to rate feeling valued and supported; a participant reports lack of leadership/colleague support. Topic 180 captures the exercise subject despite procedural wording.,Codex text-based assessment,2026-10-04
semantic:bge:leaf-local-6-2:42:2400164916:000002133960-000002334880,2400164916,Aga kes hoiab õpetajat_,2133.96,2334.88,-1,Unassigned,180,Õpetaja hoituse rollid alushariduses,0.64,jev_better,"Colleagues noticing stress, support versus power struggles, leadership example and hidden organisational culture. Topic 180 fits substantive teacher-support content.",Codex text-based assessment,2026-10-04
semantic:bge:leaf-local-6-2:42:2271676346:000000198360-000000561160,2271676346,Ajateenistuse tulevikuvaade – kuhu liigume ja miks_,198.36,561.16,-1,Unassigned,106,Sooneutraalne ajateenistus ja reservi täitmine,0.32,original_abstention_defensible,"Personal testimony about conscription as self-development, hardship and renewed appreciation of everyday comforts; ends with a recruitment transition. Jev 106 gender-neutral reserve filling is too specific for most of the passage.",Codex text-based assessment,2026-10-04
semantic:bge:leaf-local-6-2:42:2271676346:000004592240-000004892080,2271676346,Ajateenistuse tulevikuvaade – kuhu liigume ja miks_,4592.24,4892.08,106,Sooneutraalne ajateenistus ja reservi täitmine,45,Lai riigikaitse kodune ja kogukondlik valmisolek,0.67,both_fit_parts,"First half covers selecting military leaders; second half covers medical eligibility, civilian crisis roles and preparedness guidance. Original 106 and Jev 45 each capture parts; neither is a complete label.",Codex text-based assessment,2026-10-04
semantic:bge:leaf-local-6-2:42:2271676346:000004892080-000005419640,2271676346,Ajateenistuse tulevikuvaade – kuhu liigume ja miks_,4892.08,5419.64,106,Sooneutraalne ajateenistus ja reservi täitmine,45,Lai riigikaitse kodune ja kogukondlik valmisolek,0.56,original_closer_but_taxonomy_narrow,"Most text covers professional military recruitment/retention, good training and leadership, then school preparation and motivation. Original military-service/reserve topic is closer to the dominant subject than Jev household preparedness, although its gender framing is also too narrow.",Codex text-based assessment,2026-10-04
semantic:bge:leaf-local-6-2:42:2271676346:000005419640-000005572624,2271676346,Ajateenistuse tulevikuvaade – kuhu liigume ja miks_,5419.64,5572.624,-1,Unassigned,45,Lai riigikaitse kodune ja kogukondlik valmisolek,0.88,jev_better_with_overlap,"Closing asks citizens to know their role in a crisis, then praises and discusses adapting the conscription model. Jev preparedness topic is useful; military-service content remains a second theme.",Codex text-based assessment,2026-10-04
