topic_id,topic_name,topic_key,high_level_id,high_level_name,x,y,segment_count,talk_count
0.0,noorte radikaliseerumine ja kuuluvus,semantic:bge:leaf-local-6-2:42:0,children,Laste ja noorte kaitse ning toetamine,1.9434434,6.685128,20,3
1.0,Tööõnnetuste ennetus ja tööohutuse teadlikkus,semantic:bge:leaf-local-6-2:42:1,work,"Tööelu, juhtimine ja töötajate õigused",0.15777734,4.5219426,19,1
2.0,Vähiravi patsiendikesksus ja palliatiivne tugi,semantic:bge:leaf-local-6-2:42:2,healthcare,"Tervishoid, ravi ja terviseandmed",2.0083575,4.221783,17,4
3.0,Juhi ja töötaja äärmused organisatsioonis,semantic:bge:leaf-local-6-2:42:3,work,"Tööelu, juhtimine ja töötajate õigused",0.16034243,4.685175,3,3
4.0,"Lasteaia kvaliteet, märkamise ja toetuse roll",semantic:bge:leaf-local-6-2:42:4,education,"Haridus, õppimine ja oskused",-0.18189807,6.785386,25,5
5.0,Rohetehnoloogia rahastus ja laenuotsused,semantic:bge:leaf-local-6-2:42:5,climate,"Kliima, rohepööre ja kestlik tarbimine",2.7510364,9.664393,1,1
6.0,AI-agentide volitamine isikukoodi kaudu,semantic:bge:leaf-local-6-2:42:6,ai,Tehisintellekt ja digitehnoloogia,0.07936631,9.765148,16,3
7.0,Tagasiside ja hinde seos õppimisega,semantic:bge:leaf-local-6-2:42:7,education,"Haridus, õppimine ja oskused",-0.11458686,7.9399896,16,2
9.0,AI-assistendi prompti ülesehitus,semantic:bge:leaf-local-6-2:42:9,ai,Tehisintellekt ja digitehnoloogia,0.08470683,9.516718,18,2
10.0,Nõusolek paarisuhtes ja läheduses,semantic:bge:leaf-local-6-2:42:10,family,"Pere, suhted ja sooline võrdsus",0.83517486,5.2731323,17,1
11.0,laste nutiekraani ja sotsiaalmeedia sõltuvus,semantic:bge:leaf-local-6-2:42:11,wellbeing,"Vaimne tervis, tervisekäitumine ja ennetus",0.8236332,6.72691,13,3
12.0,sündimuse toetamine läbi perekindluse,semantic:bge:leaf-local-6-2:42:12,family,"Pere, suhted ja sooline võrdsus",0.24158584,5.6976023,2,1
13.0,Emaduse karjäärikaod ja naasmine tööle,semantic:bge:leaf-local-6-2:42:13,family,"Pere, suhted ja sooline võrdsus",0.105000086,5.322137,18,3
14.0,Üksilduse vähendamine suhtluse ja kogukonnaga,semantic:bge:leaf-local-6-2:42:14,wellbeing,"Vaimne tervis, tervisekäitumine ja ennetus",1.662845,5.27293,23,2
15.0,lapsevanema kaasamine lasteaia koostöösse,semantic:bge:leaf-local-6-2:42:15,education,"Haridus, õppimine ja oskused",-0.21255633,6.6979327,18,3
16.0,Töökiusamise piiri tõmbamine tööl,semantic:bge:leaf-local-6-2:42:16,work,"Tööelu, juhtimine ja töötajate õigused",0.19268732,4.6330957,3,1
17.0,Biogaasi ja vesiniku kasutus Eestis,semantic:bge:leaf-local-6-2:42:17,energy,Energeetika ja energiaturud,3.5449686,10.089905,7,6
18.0,Töökiusu ja vaidluste piiritlemine töösuhtes,semantic:bge:leaf-local-6-2:42:18,work,"Tööelu, juhtimine ja töötajate õigused",0.27892694,4.670712,10,2
19.0,teadlaste ja ajakirjanduse suhtlusriskid,semantic:bge:leaf-local-6-2:42:19,media,"Meedia, avalik arutelu ja infokvaliteet",2.7207773,6.3649035,19,2
21.0,Tööelu jätkamine kroonilise haiguse ajal,semantic:bge:leaf-local-6-2:42:21,work,"Tööelu, juhtimine ja töötajate õigused",1.3275933,4.3098755,17,1
23.0,õpilasmaleva esimese töökogemuse roll,semantic:bge:leaf-local-6-2:42:23,education,"Haridus, õppimine ja oskused",0.35651544,7.256754,18,2
24.0,Eesti kliimahoiakud ja rohepöörde skeptitsism,semantic:bge:leaf-local-6-2:42:24,climate,"Kliima, rohepööre ja kestlik tarbimine",3.7574043,9.279669,17,5
25.0,Teadmussiirdedoktorantuuri ettevõtluslik praktilisus,semantic:bge:leaf-local-6-2:42:25,education,"Haridus, õppimine ja oskused",1.7068207,9.292488,16,3
26.0,Islami ja kristluse roll ühiskonnas,semantic:bge:leaf-local-6-2:42:26,culture,"Kultuur, loome ja pärand",2.1799138,6.810904,12,1
32.0,Vererõhu ja südameriski varajane ennetus,semantic:bge:leaf-local-6-2:42:32,wellbeing,"Vaimne tervis, tervisekäitumine ja ennetus",2.0046976,4.046623,6,2
33.0,Kogukonna hääle kaasamine otsustesse,semantic:bge:leaf-local-6-2:42:33,governance,"Riigijuhtimine, kodanikuühiskond ja õigus",3.2443647,7.4993625,6,5
36.0,Lastekodukasvamise kogemus ja märkamise roll,semantic:bge:leaf-local-6-2:42:36,children,Laste ja noorte kaitse ning toetamine,0.08375478,6.382218,27,3
37.0,kliimariski mõju vee- ja soojusvarustusele,semantic:bge:leaf-local-6-2:42:37,climate,"Kliima, rohepööre ja kestlik tarbimine",3.4345071,10.35053,16,4
38.0,eesti keele õppimine mitmekeelses koolis,semantic:bge:leaf-local-6-2:42:38,education,"Haridus, õppimine ja oskused",1.1363283,7.4985695,1,1
40.0,Õige keha- ja seksuaalsõnavara õpetamine,semantic:bge:leaf-local-6-2:42:40,family,"Pere, suhted ja sooline võrdsus",0.6697669,6.0334373,1,1
42.0,Idapiirialade eraldi regionaalpoliitika,semantic:bge:leaf-local-6-2:42:42,place,"Eluase, ruum ja ühendused",2.7380905,8.06514,16,1
43.0,Välistöötajate ärakasutamine ja palgavõlg,semantic:bge:leaf-local-6-2:42:43,work,"Tööelu, juhtimine ja töötajate õigused",1.8837156,8.079622,13,1
44.0,Tööstuse energiaportfelli ja emissioonide optimeerimine,semantic:bge:leaf-local-6-2:42:44,climate,"Kliima, rohepööre ja kestlik tarbimine",3.2744515,10.1523905,4,2
46.0,laimavate netikommentaaride ja mainekahju vaidlused kohtus,semantic:bge:leaf-local-6-2:42:46,governance,"Riigijuhtimine, kodanikuühiskond ja õigus",2.444676,6.0971146,3,1
48.0,Toidujulgeoleku tarneahela toimepidevus,semantic:bge:leaf-local-6-2:42:48,food,"Toit, põllumajandus ja toidujulgeolek",3.3004844,9.428782,21,4
49.0,Eesti keele kvaliteet suurtes keelemudelites,semantic:bge:leaf-local-6-2:42:49,ai,Tehisintellekt ja digitehnoloogia,0.27484518,9.860595,15,5
51.0,parim enne ja kõlblik kuni märgistus,semantic:bge:leaf-local-6-2:42:51,food,"Toit, põllumajandus ja toidujulgeolek",3.1940112,9.170843,13,1
52.0,Narva-ründe ja hübriidohu arutelu,semantic:bge:leaf-local-6-2:42:52,defence,"Riigikaitse, julgeolek ja kriisivalmidus",3.858315,6.7196436,2,2
53.0,koolivõrgu koondamine ja juhtimisotsused,semantic:bge:leaf-local-6-2:42:53,education,"Haridus, õppimine ja oskused",0.2530647,7.663032,1,1
54.0,Istanbuli konventsiooni vaidlused ja rakendamine,semantic:bge:leaf-local-6-2:42:54,family,"Pere, suhted ja sooline võrdsus",3.0273724,6.2057605,18,1
56.0,Noorte koduostu ja üüri kättesaadavus,semantic:bge:leaf-local-6-2:42:56,place,"Eluase, ruum ja ühendused",2.602965,8.2680435,16,3
58.0,Türgi hambaravi garantii- ja parandamisvaidlused,semantic:bge:leaf-local-6-2:42:58,healthcare,"Tervishoid, ravi ja terviseandmed",2.375781,4.1345396,17,1
59.0,Käibemaksu ja toetuste mõju kultuurile,semantic:bge:leaf-local-6-2:42:59,culture,"Kultuur, loome ja pärand",2.372257,9.06272,14,2
60.0,andmejärelevalve ja tehisintellekti piirid,semantic:bge:leaf-local-6-2:42:60,cyber,"Küberturvalisus, privaatsus ja digiohud",0.165448,9.649697,23,9
62.0,Rail Balticu ja raudteeühenduste mõju,semantic:bge:leaf-local-6-2:42:62,place,"Eluase, ruum ja ühendused",2.8342905,8.589176,16,3
64.0,Eesti 2050 ühised unistused ja tulevikunägemus,semantic:bge:leaf-local-6-2:42:64,governance,"Riigijuhtimine, kodanikuühiskond ja õigus",2.5632832,7.69995,1,1
65.0,AI roll elamisloa otsustes,semantic:bge:leaf-local-6-2:42:65,migration,"Ränne, lõimumine ja kuuluvus",0.29641357,9.485624,13,1
66.0,NEET-noorte toetamine ja vastutuse jagamine,semantic:bge:leaf-local-6-2:42:66,children,Laste ja noorte kaitse ning toetamine,0.42873716,6.8801055,12,3
67.0,Perearsti tööjaotus ja koostöövõrgustik,semantic:bge:leaf-local-6-2:42:67,healthcare,"Tervishoid, ravi ja terviseandmed",2.2061532,4.2361064,3,1
68.0,Ettevõtliku hoiakuga kooli ja töö sidumine,semantic:bge:leaf-local-6-2:42:68,education,"Haridus, õppimine ja oskused",0.46382913,8.021276,1,1
69.0,Kohtla-Järve tuhamägede väetisetehas,semantic:bge:leaf-local-6-2:42:69,nature,"Loodus, metsandus ja maavarad",3.6440094,9.805861,1,1
70.0,Õpiampsud töö- ja enesearengu osana,semantic:bge:leaf-local-6-2:42:70,education,"Haridus, õppimine ja oskused",0.27512997,8.336437,1,1
71.0,Miinimumpalga tõstmise mõju tööle ja vaesusele,semantic:bge:leaf-local-6-2:42:71,work,"Tööelu, juhtimine ja töötajate õigused",2.1744876,8.842122,13,2
72.0,Metsaomanike kaitse- ja majandusvaidlused,semantic:bge:leaf-local-6-2:42:72,nature,"Loodus, metsandus ja maavarad",4.4486485,9.306699,1,1
74.0,eestikeelse suhtluse ja ühiskeele otsimine,semantic:bge:leaf-local-6-2:42:74,migration,"Ränne, lõimumine ja kuuluvus",1.7028532,7.399541,2,2
75.0,Tuuleparkide kaasamise usalduskriis,semantic:bge:leaf-local-6-2:42:75,energy,Energeetika ja energiaturud,3.863557,8.48602,2,2
76.0,Laste ja AI-petuste internetiohud,semantic:bge:leaf-local-6-2:42:76,children,Laste ja noorte kaitse ning toetamine,0.8835976,6.6864743,4,3
77.0,ravikindlustus vabakutselistele loovisikutele,semantic:bge:leaf-local-6-2:42:77,culture,"Kultuur, loome ja pärand",2.5279217,4.892929,15,2
79.0,"Kodu, kool ja sõbrad kujundavad sallivust",semantic:bge:leaf-local-6-2:42:79,migration,"Ränne, lõimumine ja kuuluvus",0.7656029,7.1665816,15,4
80.0,Varude ja tsiviilkaasatuse sõjaks valmistumine,semantic:bge:leaf-local-6-2:42:80,defence,"Riigikaitse, julgeolek ja kriisivalmidus",4.1435165,6.970797,2,2
82.0,Vanus ja oskused tööelus,semantic:bge:leaf-local-6-2:42:82,work,"Tööelu, juhtimine ja töötajate õigused",-0.08993943,5.2634172,19,4
84.0,surmaga toimetulek ja sellest rääkimine,semantic:bge:leaf-local-6-2:42:84,healthcare,"Tervishoid, ravi ja terviseandmed",1.8073221,4.5128894,20,3
86.0,"Grafiti, tänavakunsti ja lubade vahe",semantic:bge:leaf-local-6-2:42:86,culture,"Kultuur, loome ja pärand",2.0865123,6.865275,16,1
88.0,AI kasutamise reeglid ja hindamine ülikoolis,semantic:bge:leaf-local-6-2:42:88,education,"Haridus, õppimine ja oskused",0.024655102,8.77591,9,1
90.0,kaugtöö ja töövälise aja piirid,semantic:bge:leaf-local-6-2:42:90,work,"Tööelu, juhtimine ja töötajate õigused",0.12286174,4.798325,8,3
92.0,Soome-ugri pagulus ja keeleidentiteet,semantic:bge:leaf-local-6-2:42:92,migration,"Ränne, lõimumine ja kuuluvus",1.6827283,7.418371,14,1
93.0,Eestisse kolijate kuuluvustunne ja kohanemine,semantic:bge:leaf-local-6-2:42:93,migration,"Ränne, lõimumine ja kuuluvus",2.02784,7.4510965,18,6
94.0,planeeringute ja kaasamise venimine,semantic:bge:leaf-local-6-2:42:94,place,"Eluase, ruum ja ühendused",3.0733986,8.114588,19,6
95.0,Veebis lastega suhtlemise seksuaalriskid,semantic:bge:leaf-local-6-2:42:95,children,Laste ja noorte kaitse ning toetamine,0.87182724,6.6209216,21,1
96.0,CBRN-riskideks valmisoleku arutelu,semantic:bge:leaf-local-6-2:42:96,defence,"Riigikaitse, julgeolek ja kriisivalmidus",4.1579475,6.740372,16,1
98.0,Vajaduspõhine tudengitoetus ja elamiskulud,semantic:bge:leaf-local-6-2:42:98,education,"Haridus, õppimine ja oskused",0.98164874,8.393152,5,1
99.0,Hingamisega rahunemine ja enesekaastunne,semantic:bge:leaf-local-6-2:42:99,wellbeing,"Vaimne tervis, tervisekäitumine ja ennetus",0.68768865,4.764103,14,2
101.0,Liikumisharjumuste kujundamine lastel,semantic:bge:leaf-local-6-2:42:101,wellbeing,"Vaimne tervis, tervisekäitumine ja ennetus",0.21529494,6.949658,2,2
103.0,üleriigiline planeering ja ruumipoliitika,semantic:bge:leaf-local-6-2:42:103,place,"Eluase, ruum ja ühendused",2.8611345,8.085213,31,4
104.0,Trumpi mõju USA poliitika ja Ukraina suunal,semantic:bge:leaf-local-6-2:42:104,international,"Rahvusvahelised suhted, Euroopa Liit ja humanitaarabi",3.7459881,6.5179524,1,1
105.0,Linnugripi ja marutaudi vaktsineerimine,semantic:bge:leaf-local-6-2:42:105,healthcare,"Tervishoid, ravi ja terviseandmed",3.7530189,8.8305645,12,1
107.0,Fookuse hoidmise liikumismängud,semantic:bge:leaf-local-6-2:42:107,education,"Haridus, õppimine ja oskused",-0.31932014,6.960567,9,1
108.0,Kultuuriretsepti rakendamine vaimse tervise toetuseks,semantic:bge:leaf-local-6-2:42:108,wellbeing,"Vaimne tervis, tervisekäitumine ja ennetus",2.145531,4.9256897,14,1
109.0,AI päringute energiakulu läbipaistvus,semantic:bge:leaf-local-6-2:42:109,climate,"Kliima, rohepööre ja kestlik tarbimine",0.45169607,9.934066,16,2
110.0,Perearstikeskuste küberturvalisuse nõuded,semantic:bge:leaf-local-6-2:42:110,cyber,"Küberturvalisus, privaatsus ja digiohud",2.4840925,4.4523234,13,1
112.0,Autoriõigused ja AI treeningu läbipaistvus,semantic:bge:leaf-local-6-2:42:112,ai,Tehisintellekt ja digitehnoloogia,0.17971547,9.802472,16,3
113.0,Rohe- ja heaolu­väidete eksitavus reklaamis,semantic:bge:leaf-local-6-2:42:113,media,"Meedia, avalik arutelu ja infokvaliteet",3.2575545,9.318421,14,1
114.0,Sotsiaalmeedia poliitilise arutelu kvaliteet,semantic:bge:leaf-local-6-2:42:114,media,"Meedia, avalik arutelu ja infokvaliteet",2.64546,6.5925612,19,2
115.0,Patsiendi info jagamine ja koostöö,semantic:bge:leaf-local-6-2:42:115,healthcare,"Tervishoid, ravi ja terviseandmed",1.7479839,4.507894,24,5
117.0,Kaugkütte hinna kujunemine ja püsitasu,semantic:bge:leaf-local-6-2:42:117,energy,Energeetika ja energiaturud,3.7268794,10.299456,8,1
118.0,Visiooni ja väärtuste vaidlus riigijuhtimises,semantic:bge:leaf-local-6-2:42:118,governance,"Riigijuhtimine, kodanikuühiskond ja õigus",3.1488695,7.113918,4,4
120.0,AI odava kasutuselevõtu ja eksporti,semantic:bge:leaf-local-6-2:42:120,ai,Tehisintellekt ja digitehnoloogia,0.6226176,9.612841,5,2
121.0,Eestisse kolinud pagulaste kuuluvus ja kohanemine,semantic:bge:leaf-local-6-2:42:121,migration,"Ränne, lõimumine ja kuuluvus",1.8787643,7.302742,14,2
123.0,Startupide registreerimise ja fondi-õiguse lihtsustamine,semantic:bge:leaf-local-6-2:42:123,economy,"Majandus, ettevõtlus ja innovatsioon",1.8741266,9.660967,11,2
125.0,Tubli lapse surve ja märkamine,semantic:bge:leaf-local-6-2:42:125,children,Laste ja noorte kaitse ning toetamine,-0.05763675,6.920468,5,2
127.0,Elektribörsi hinnakujunduse jaotumine,semantic:bge:leaf-local-6-2:42:127,energy,Energeetika ja energiaturud,3.662339,10.560277,15,3
128.0,Annetuste mõju ja annetamise normaliseerimine,semantic:bge:leaf-local-6-2:42:128,governance,"Riigijuhtimine, kodanikuühiskond ja õigus",2.994674,5.3415527,5,3
129.0,lapsega esmakontakti loomine lastekaitses,semantic:bge:leaf-local-6-2:42:129,children,Laste ja noorte kaitse ning toetamine,-0.11642889,6.4025087,2,2
130.0,ÜRO reform ja väikeriikide hääl,semantic:bge:leaf-local-6-2:42:130,international,"Rahvusvahelised suhted, Euroopa Liit ja humanitaarabi",3.4867337,6.1455636,14,1
131.0,Haigekassa rahastusmudeli ümbermõtestamine,semantic:bge:leaf-local-6-2:42:131,healthcare,"Tervishoid, ravi ja terviseandmed",2.4809332,3.9177158,3,3
132.0,Eesti elektritarbimise ja tootmise sihid,semantic:bge:leaf-local-6-2:42:132,energy,Energeetika ja energiaturud,3.3562417,10.272558,24,7
133.0,Rände integreerimise ja keelepoliitika riskid,semantic:bge:leaf-local-6-2:42:133,migration,"Ränne, lõimumine ja kuuluvus",2.2800045,7.450394,13,3
135.0,Õpilasesinduse sisuline kaasamine,semantic:bge:leaf-local-6-2:42:135,education,"Haridus, õppimine ja oskused",0.34380874,7.6419306,13,1
136.0,Maapiirkondade teenuste ja ühenduste koosplaneerimine,semantic:bge:leaf-local-6-2:42:136,place,"Eluase, ruum ja ühendused",2.6375515,8.179729,19,5
137.0,AI roll arstide suhtluses ja vähiravis,semantic:bge:leaf-local-6-2:42:137,healthcare,"Tervishoid, ravi ja terviseandmed",1.9244915,4.2667847,12,3
138.0,Kriisi olukorras otsustamine ja juhtimine,semantic:bge:leaf-local-6-2:42:138,work,"Tööelu, juhtimine ja töötajate õigused",0.42397588,4.4860597,14,3
139.0,Tehisaru mõju õppimisele ja hindamisele,semantic:bge:leaf-local-6-2:42:139,education,"Haridus, õppimine ja oskused",0.033125322,8.302337,7,5
140.0,üldplaneeringus haljastuse ja rohekoridoride säilitamine,semantic:bge:leaf-local-6-2:42:140,place,"Eluase, ruum ja ühendused",2.9925027,8.097733,1,1
142.0,"Väikeettevõtjate maksud, hanked ja eksport",semantic:bge:leaf-local-6-2:42:142,economy,"Majandus, ettevõtlus ja innovatsioon",2.460695,9.579312,2,2
143.0,Terviseidu turuletoomise rahastus ja regulatsioon,semantic:bge:leaf-local-6-2:42:143,healthcare,"Tervishoid, ravi ja terviseandmed",2.6580303,4.219274,17,3
145.0,Õpetajate ja õpilaste AI-kohandumine,semantic:bge:leaf-local-6-2:42:145,education,"Haridus, õppimine ja oskused",-0.061379194,8.449465,2,2
146.0,Inseneeriaõppe ja tehnikahariduse järelkasv,semantic:bge:leaf-local-6-2:42:146,education,"Haridus, õppimine ja oskused",1.4152735,9.010508,1,1
148.0,Infosõja vastulöök ja väärinfo tõrjumine,semantic:bge:leaf-local-6-2:42:148,media,"Meedia, avalik arutelu ja infokvaliteet",2.913234,6.4150906,11,6
149.0,tehisintellekti kirjutatud teadusartiklite usaldus ja hindamine,semantic:bge:leaf-local-6-2:42:149,education,"Haridus, õppimine ja oskused",0.0667462,9.298068,4,2
150.0,Naiste juhtide ja isade rolliootused,semantic:bge:leaf-local-6-2:42:150,family,"Pere, suhted ja sooline võrdsus",0.3098463,5.3208756,17,3
151.0,Tervishoiu konkurentsi tasakaal,semantic:bge:leaf-local-6-2:42:151,healthcare,"Tervishoid, ravi ja terviseandmed",2.5463064,3.9721496,11,2
152.0,CO2 kvoodikaubanduse reform ja ETS2,semantic:bge:leaf-local-6-2:42:152,climate,"Kliima, rohepööre ja kestlik tarbimine",3.5285442,10.176423,14,3
153.0,Vähipatsiendi infoedastuse vastutus,semantic:bge:leaf-local-6-2:42:153,healthcare,"Tervishoid, ravi ja terviseandmed",1.8585709,4.1944346,11,2
154.0,Interneti solvangute ja ähvarduste ohjeldamine,semantic:bge:leaf-local-6-2:42:154,cyber,"Küberturvalisus, privaatsus ja digiohud",2.3136191,6.344016,8,1
155.0,AI-agentide vastutus ja kontroll,semantic:bge:leaf-local-6-2:42:155,ai,Tehisintellekt ja digitehnoloogia,0.01928231,9.814787,43,9
156.0,Meretuuleparkide arendamise kindlustamine,semantic:bge:leaf-local-6-2:42:156,energy,Energeetika ja energiaturud,3.2460926,10.4857855,2,1
157.0,Startup-ökosüsteemi kogukond ja eeskujud,semantic:bge:leaf-local-6-2:42:157,economy,"Majandus, ettevõtlus ja innovatsioon",1.6305064,9.495819,18,3
158.0,e-sigarettide salaturg noorte seas,semantic:bge:leaf-local-6-2:42:158,wellbeing,"Vaimne tervis, tervisekäitumine ja ennetus",1.3289208,6.239984,9,1
159.0,Vabatahtlike hoidmine ja kaasamise barjäärid,semantic:bge:leaf-local-6-2:42:159,governance,"Riigijuhtimine, kodanikuühiskond ja õigus",2.510949,5.856676,11,1
160.0,Juhitavate elektrivõimsuste vajadus Eestis,semantic:bge:leaf-local-6-2:42:160,energy,Energeetika ja energiaturud,3.410917,10.355262,16,4
162.0,Seto kultuuri üleküllus koolis,semantic:bge:leaf-local-6-2:42:162,culture,"Kultuur, loome ja pärand",0.8971449,7.5893927,1,1
163.0,Läbipõlemise varajaste märkide märkamine,semantic:bge:leaf-local-6-2:42:163,wellbeing,"Vaimne tervis, tervisekäitumine ja ennetus",0.55811626,4.6624055,5,3
166.0,Puidu väärindamine raiemahtu vähendades,semantic:bge:leaf-local-6-2:42:166,nature,"Loodus, metsandus ja maavarad",4.142851,9.585439,6,3
168.0,Paindlik tööaeg ja kokkulepitud piirid,semantic:bge:leaf-local-6-2:42:168,work,"Tööelu, juhtimine ja töötajate õigused",-0.023344344,4.57839,13,2
169.0,Majanduskasvu ja heaolu vaidlus,semantic:bge:leaf-local-6-2:42:169,economy,"Majandus, ettevõtlus ja innovatsioon",2.7163284,9.172812,16,3
170.0,AI abil teksti ja heli konverteerimine,semantic:bge:leaf-local-6-2:42:170,ai,Tehisintellekt ja digitehnoloogia,0.23016274,9.19934,1,1
172.0,Alushariduse vastutus ja kvaliteet,semantic:bge:leaf-local-6-2:42:172,education,"Haridus, õppimine ja oskused",-0.053790223,7.1234083,42,7
173.0,Ettevõtete kvoodid ja sooline tasakaal,semantic:bge:leaf-local-6-2:42:173,family,"Pere, suhted ja sooline võrdsus",0.26559308,5.0172825,7,2
174.0,Maksutõusud ja majanduse toimetulek,semantic:bge:leaf-local-6-2:42:174,economy,"Majandus, ettevõtlus ja innovatsioon",2.602683,9.043535,4,4
175.0,Matemaatika visuaalsed mustrid ja ratta jäljed,semantic:bge:leaf-local-6-2:42:175,education,"Haridus, õppimine ja oskused",-0.1531252,8.071125,12,2
176.0,Eesti loodusidentiteet ja kliimaskepsis,semantic:bge:leaf-local-6-2:42:176,climate,"Kliima, rohepööre ja kestlik tarbimine",4.042231,8.872431,9,2
177.0,muuseumikülastuse takistused noortel,semantic:bge:leaf-local-6-2:42:177,culture,"Kultuur, loome ja pärand",1.0707854,7.455357,5,1
179.0,Covidijärgne nakkushaiguste seaduse muutmine,semantic:bge:leaf-local-6-2:42:179,healthcare,"Tervishoid, ravi ja terviseandmed",3.5816174,7.727313,1,1
180.0,Õpetaja hoituse rollid alushariduses,semantic:bge:leaf-local-6-2:42:180,education,"Haridus, õppimine ja oskused",-0.25043684,7.3581567,11,1
181.0,Eesti elektritarbimise kasv ja puudujääk,semantic:bge:leaf-local-6-2:42:181,energy,Energeetika ja energiaturud,3.5346422,10.555889,4,3
182.0,terviseandmete kasutus ja eetikakomitee loa takistused,semantic:bge:leaf-local-6-2:42:182,healthcare,"Tervishoid, ravi ja terviseandmed",2.5494735,4.0268393,6,4
183.0,noorte vägivalla taga peituv tähelepanuvajadus,semantic:bge:leaf-local-6-2:42:183,children,Laste ja noorte kaitse ning toetamine,0.43913049,6.368726,11,1
184.0,"Noorte veipimise, nikotiini ja salaturu piiramine",semantic:bge:leaf-local-6-2:42:184,wellbeing,"Vaimne tervis, tervisekäitumine ja ennetus",1.1244642,6.2942085,8,1
185.0,meeste osa koduses ja lapsehoius,semantic:bge:leaf-local-6-2:42:185,family,"Pere, suhted ja sooline võrdsus",0.25549588,5.500075,12,2
186.0,AI mõju töökorraldusele ja tööturule,semantic:bge:leaf-local-6-2:42:186,ai,Tehisintellekt ja digitehnoloogia,0.43026355,9.221326,33,12
187.0,Sisserände juhtimine ja talendivajadus,semantic:bge:leaf-local-6-2:42:187,migration,"Ränne, lõimumine ja kuuluvus",1.8935578,8.418899,2,2
188.0,Inseneride nappus ja palga küsimus,semantic:bge:leaf-local-6-2:42:188,education,"Haridus, õppimine ja oskused",1.5659707,8.92919,1,1
190.0,Eesti hariduse eesmärgid ja sihid,semantic:bge:leaf-local-6-2:42:190,education,"Haridus, õppimine ja oskused",0.4892077,7.897249,8,4
191.0,Soola vähendamine ja igapäevane liikumine,semantic:bge:leaf-local-6-2:42:191,wellbeing,"Vaimne tervis, tervisekäitumine ja ennetus",1.1538223,5.488436,10,3
193.0,Raudteeühenduse ja ühistranspordi koordineerimine,semantic:bge:leaf-local-6-2:42:193,place,"Eluase, ruum ja ühendused",2.7534883,8.392592,5,2
194.0,andmekeskuste elektri- ja võrgulahendus,semantic:bge:leaf-local-6-2:42:194,energy,Energeetika ja energiaturud,2.8451915,10.250046,5,3
195.0,Tervisehoolekande tehnoloogiad ja andmepõhine lõimimine,semantic:bge:leaf-local-6-2:42:195,healthcare,"Tervishoid, ravi ja terviseandmed",2.2964952,4.569738,9,6
196.0,Lasteaia liikumisharjumuste ja toitumise kujundamine,semantic:bge:leaf-local-6-2:42:196,wellbeing,"Vaimne tervis, tervisekäitumine ja ennetus",-0.036638655,6.7014155,3,1
198.0,Tuulikuinfraheli häirivuse ja tervisemõju vaidlus,semantic:bge:leaf-local-6-2:42:198,energy,Energeetika ja energiaturud,3.9804099,8.2368765,1,1
199.0,AI kasutamine töö- ja loometekstide koostamisel,semantic:bge:leaf-local-6-2:42:199,ai,Tehisintellekt ja digitehnoloogia,0.1381254,9.719783,5,4
201.0,Eesti majanduskasvu aeglane koordineerimine,semantic:bge:leaf-local-6-2:42:201,economy,"Majandus, ettevõtlus ja innovatsioon",2.611683,9.180239,5,1
203.0,Hiina mõju USA kaubandus- ja tarneahelatele,semantic:bge:leaf-local-6-2:42:203,international,"Rahvusvahelised suhted, Euroopa Liit ja humanitaarabi",2.637156,9.694375,1,1
204.0,Terviseandmete kasutamine ravi ja ennetuse parandamiseks,semantic:bge:leaf-local-6-2:42:204,healthcare,"Tervishoid, ravi ja terviseandmed",2.3822064,4.218277,26,4
205.0,Noorte muuseumikülastuse meelitamine,semantic:bge:leaf-local-6-2:42:205,culture,"Kultuur, loome ja pärand",1.2325879,7.3199344,12,1
206.0,Euroopa rändereformi ja piirivalve valmisolek,semantic:bge:leaf-local-6-2:42:206,migration,"Ränne, lõimumine ja kuuluvus",2.3814921,7.5115604,4,2
207.0,MMS ja seemneõli tervisevildakus,semantic:bge:leaf-local-6-2:42:207,wellbeing,"Vaimne tervis, tervisekäitumine ja ennetus",1.468341,4.4684296,6,2
208.0,Tulemuspõhine tervishoiurahastus ja kaugjälgimine,semantic:bge:leaf-local-6-2:42:208,healthcare,"Tervishoid, ravi ja terviseandmed",2.2389288,4.0821404,12,4
209.0,Laste internetikäitumine ja abiotsimine,semantic:bge:leaf-local-6-2:42:209,children,Laste ja noorte kaitse ning toetamine,0.64305454,6.4851527,1,1
210.0,Järvamaa üürituru ja turuhindade vaidlus,semantic:bge:leaf-local-6-2:42:210,place,"Eluase, ruum ja ühendused",2.7786152,8.304802,4,1
211.0,Tuuleparkide kaasamise murede tuum,semantic:bge:leaf-local-6-2:42:211,energy,Energeetika ja energiaturud,3.5987575,8.161313,8,3
212.0,kaugkütte elektrifitseerimine ja hinnastamine,semantic:bge:leaf-local-6-2:42:212,energy,Energeetika ja energiaturud,3.7635756,10.369937,7,2
214.0,välistööjõu kasutamine hooaja- ja lihttöödel,semantic:bge:leaf-local-6-2:42:214,work,"Tööelu, juhtimine ja töötajate õigused",1.8109752,8.589255,1,1
216.0,rohetehnoloogia investeeringute ja turu takistused,semantic:bge:leaf-local-6-2:42:216,climate,"Kliima, rohepööre ja kestlik tarbimine",3.0780127,9.919923,10,5
217.0,Erakonnajuhid ja noorte esindajad laval,semantic:bge:leaf-local-6-2:42:217,governance,"Riigijuhtimine, kodanikuühiskond ja õigus",2.8725202,7.131554,1,1
218.0,Töövaidluste kompromissid ja töölepingu vaidlused,semantic:bge:leaf-local-6-2:42:218,work,"Tööelu, juhtimine ja töötajate õigused",0.26400632,4.7229066,4,2
223.0,Eleringi vähempakkumised uute elektrivõimsuste jaoks,semantic:bge:leaf-local-6-2:42:223,energy,Energeetika ja energiaturud,3.3787994,10.635153,7,3
224.0,Sagedusreservi hange ja liitumistingimused,semantic:bge:leaf-local-6-2:42:224,energy,Energeetika ja energiaturud,3.4180899,10.734959,2,2
225.0,hariduse tulevikuala arutelude tutvustus,semantic:bge:leaf-local-6-2:42:225,education,"Haridus, õppimine ja oskused",0.26640764,7.963199,1,1
226.0,raviraha jaotamine patsiendiga kaasa,semantic:bge:leaf-local-6-2:42:226,healthcare,"Tervishoid, ravi ja terviseandmed",2.4723763,3.9109259,5,1
229.0,Üliõpilaste roll ja kõrghariduse ootused,semantic:bge:leaf-local-6-2:42:229,education,"Haridus, õppimine ja oskused",0.8112478,8.57652,8,2
230.0,Eesti majanduskasvu pidurdavad välis- ja usaldustegurid,semantic:bge:leaf-local-6-2:42:230,economy,"Majandus, ettevõtlus ja innovatsioon",2.6563447,9.253868,1,1
232.0,Noorte vanglast saatmine pärast rasket vägivalda,semantic:bge:leaf-local-6-2:42:232,children,Laste ja noorte kaitse ning toetamine,0.42112544,6.4380765,3,1
233.0,Kaasamise aeglane juhtimine ja valeinfo,semantic:bge:leaf-local-6-2:42:233,governance,"Riigijuhtimine, kodanikuühiskond ja õigus",3.4034662,7.662767,1,1
234.0,AI muudab üksikettevõtluse lihtsamaks,semantic:bge:leaf-local-6-2:42:234,ai,Tehisintellekt ja digitehnoloogia,0.45616898,9.566979,9,4
235.0,Tuuleparkide rahvaalgatuste ja alguspunkti vaidlus,semantic:bge:leaf-local-6-2:42:235,energy,Energeetika ja energiaturud,3.7080195,8.260775,4,1
