variant,episode_id,segment_key,start_seconds,end_seconds,jev_topic_name,boundary_quality,topic_fit,lost_context,notes
original,2271676346,semantic:bge:leaf-local-6-2:42:2271676346:000000011080-000000198360,11.08,198.36,Sooneutraalne ajateenistus ja reservi täitmine,,,,
original,2271676346,semantic:bge:leaf-local-6-2:42:2271676346:000000198360-000000561160,198.36,561.16,Sooneutraalne ajateenistus ja reservi täitmine,,,,
original,2271676346,semantic:bge:leaf-local-6-2:42:2271676346:000000561160-000000889120,561.16,889.12,kihiline õhukaitse ja mehitamata võimed,,,,
original,2271676346,semantic:bge:leaf-local-6-2:42:2271676346:000000889120-000001327920,889.12,1327.92,Sooneutraalne ajateenistus ja reservi täitmine,,,,
original,2271676346,semantic:bge:leaf-local-6-2:42:2271676346:000001327920-000001598080,1327.92,1598.08,Lai riigikaitse kodune ja kogukondlik valmisolek,,,,
original,2271676346,semantic:bge:leaf-local-6-2:42:2271676346:000001598080-000001767720,1598.08,1767.72,Sooneutraalne ajateenistus ja reservi täitmine,,,,
original,2271676346,semantic:bge:leaf-local-6-2:42:2271676346:000001767720-000002193560,1767.72,2193.56,Sooneutraalne ajateenistus ja reservi täitmine,,,,
original,2271676346,semantic:bge:leaf-local-6-2:42:2271676346:000002193560-000002538680,2193.56,2538.68,Sooneutraalne ajateenistus ja reservi täitmine,,,,
original,2271676346,semantic:bge:leaf-local-6-2:42:2271676346:000002538680-000002639440,2538.68,2639.44,Unassigned,,,,
original,2271676346,semantic:bge:leaf-local-6-2:42:2271676346:000002639440-000003034440,2639.44,3034.44,Sooneutraalne ajateenistus ja reservi täitmine,,,,
original,2271676346,semantic:bge:leaf-local-6-2:42:2271676346:000003034440-000003167920,3034.44,3167.92,Sooneutraalne ajateenistus ja reservi täitmine,,,,
original,2271676346,semantic:bge:leaf-local-6-2:42:2271676346:000003167920-000003426400,3167.92,3426.4,Lai riigikaitse kodune ja kogukondlik valmisolek,,,,
original,2271676346,semantic:bge:leaf-local-6-2:42:2271676346:000003426400-000003857920,3426.4,3857.92,Sooneutraalne ajateenistus ja reservi täitmine,,,,
original,2271676346,semantic:bge:leaf-local-6-2:42:2271676346:000003857920-000004089240,3857.92,4089.24,Sooneutraalne ajateenistus ja reservi täitmine,,,,
original,2271676346,semantic:bge:leaf-local-6-2:42:2271676346:000004089240-000004356720,4089.24,4356.72,Sooneutraalne ajateenistus ja reservi täitmine,,,,
original,2271676346,semantic:bge:leaf-local-6-2:42:2271676346:000004356720-000004592240,4356.72,4592.24,kihiline õhukaitse ja mehitamata võimed,,,,
original,2271676346,semantic:bge:leaf-local-6-2:42:2271676346:000004592240-000004892080,4592.24,4892.08,Lai riigikaitse kodune ja kogukondlik valmisolek,,,,
original,2271676346,semantic:bge:leaf-local-6-2:42:2271676346:000004892080-000005419640,4892.08,5419.64,Lai riigikaitse kodune ja kogukondlik valmisolek,,,,
original,2271676346,semantic:bge:leaf-local-6-2:42:2271676346:000005419640-000005572624,5419.64,5572.624,Lai riigikaitse kodune ja kogukondlik valmisolek,,,,
original,2397177249,semantic:bge:leaf-local-6-2:42:2397177249:000000011600-000000398480,11.6,398.48,AI muudab üksikettevõtluse lihtsamaks,,,,
original,2397177249,semantic:bge:leaf-local-6-2:42:2397177249:000000398480-000000490080,398.48,490.08,AI mõju töökorraldusele ja tööturule,,,,
original,2397177249,semantic:bge:leaf-local-6-2:42:2397177249:000000490080-000000626920,490.08,626.92,AI mõju töökorraldusele ja tööturule,,,,
original,2397177249,semantic:bge:leaf-local-6-2:42:2397177249:000000626920-000000866640,626.92,866.64,AI muudab üksikettevõtluse lihtsamaks,,,,
original,2397177249,semantic:bge:leaf-local-6-2:42:2397177249:000000866640-000000997800,866.64,997.8,AI mõju töökorraldusele ja tööturule,,,,
original,2397177249,semantic:bge:leaf-local-6-2:42:2397177249:000000997800-000001158920,997.8,1158.92,AI mõju töökorraldusele ja tööturule,,,,
original,2397177249,semantic:bge:leaf-local-6-2:42:2397177249:000001158920-000001505640,1158.92,1505.64,AI muudab üksikettevõtluse lihtsamaks,,,,
original,2397177249,semantic:bge:leaf-local-6-2:42:2397177249:000001505640-000001633320,1505.64,1633.32,AI-agentide vastutus ja kontroll,,,,
original,2397177249,semantic:bge:leaf-local-6-2:42:2397177249:000001633320-000001795240,1633.32,1795.24,AI odava kasutuselevõtu ja eksporti,,,,
original,2397177249,semantic:bge:leaf-local-6-2:42:2397177249:000001795240-000002214480,1795.24,2214.48,AI muudab üksikettevõtluse lihtsamaks,,,,
original,2397177249,semantic:bge:leaf-local-6-2:42:2397177249:000002214480-000002738640,2214.48,2738.64,AI odava kasutuselevõtu ja eksporti,,,,
original,2397177249,semantic:bge:leaf-local-6-2:42:2397177249:000002738640-000002868800,2738.64,2868.8,Unassigned,,,,
original,2397177249,semantic:bge:leaf-local-6-2:42:2397177249:000002868800-000003394560,2868.8,3394.56,AI muudab üksikettevõtluse lihtsamaks,,,,
original,2397177249,semantic:bge:leaf-local-6-2:42:2397177249:000003394560-000003759200,3394.56,3759.2,AI mõju töökorraldusele ja tööturule,,,,
original,2397177249,semantic:bge:leaf-local-6-2:42:2397177249:000003759200-000004117240,3759.2,4117.24,AI mõju töökorraldusele ja tööturule,,,,
original,2397177249,semantic:bge:leaf-local-6-2:42:2397177249:000004117240-000004373560,4117.24,4373.56,Unassigned,,,,
original,2397177249,semantic:bge:leaf-local-6-2:42:2397177249:000004373560-000004503720,4373.56,4503.72,Startup-ökosüsteemi kogukond ja eeskujud,,,,
original,2397177249,semantic:bge:leaf-local-6-2:42:2397177249:000004503720-000005052880,4503.72,5052.88,AI odava kasutuselevõtu ja eksporti,,,,
original,2397177249,semantic:bge:leaf-local-6-2:42:2397177249:000005052880-000005276920,5052.88,5276.92,AI mõju töökorraldusele ja tööturule,,,,
original,2397177249,semantic:bge:leaf-local-6-2:42:2397177249:000005276920-000005546000,5276.92,5546.0,andmejärelevalve ja tehisintellekti piirid,,,,
original,2397177249,semantic:bge:leaf-local-6-2:42:2397177249:000005546000-000005687252,5546.0,5687.252,andmejärelevalve ja tehisintellekti piirid,,,,
original,2400164916,semantic:bge:leaf-local-6-2:42:2400164916:000000011800-000000207080,11.8,207.08,Õpetaja hoituse rollid alushariduses,,,,
original,2400164916,semantic:bge:leaf-local-6-2:42:2400164916:000000207080-000000406520,207.08,406.52,Unassigned,,,,
original,2400164916,semantic:bge:leaf-local-6-2:42:2400164916:000000406520-000000642160,406.52,642.16,Õpetaja hoituse rollid alushariduses,,,,
original,2400164916,semantic:bge:leaf-local-6-2:42:2400164916:000000642160-000000839040,642.16,839.04,Õpetaja hoituse rollid alushariduses,,,,
original,2400164916,semantic:bge:leaf-local-6-2:42:2400164916:000000839040-000001069640,839.04,1069.64,Õpetaja hoituse rollid alushariduses,,,,
original,2400164916,semantic:bge:leaf-local-6-2:42:2400164916:000001069640-000001617120,1069.64,1617.12,Õpetaja hoituse rollid alushariduses,,,,
original,2400164916,semantic:bge:leaf-local-6-2:42:2400164916:000001617120-000001712960,1617.12,1712.96,Õpetaja hoituse rollid alushariduses,,,,
original,2400164916,semantic:bge:leaf-local-6-2:42:2400164916:000001712960-000002133960,1712.96,2133.96,Õpetaja hoituse rollid alushariduses,,,,
original,2400164916,semantic:bge:leaf-local-6-2:42:2400164916:000002133960-000002334880,2133.96,2334.88,Õpetaja hoituse rollid alushariduses,,,,
original,2400164916,semantic:bge:leaf-local-6-2:42:2400164916:000002334880-000002534640,2334.88,2534.64,Alushariduse vastutus ja kvaliteet,,,,
original,2400164916,semantic:bge:leaf-local-6-2:42:2400164916:000002534640-000002632080,2534.64,2632.08,Unassigned,,,,
original,2400164916,semantic:bge:leaf-local-6-2:42:2400164916:000002632080-000002760000,2632.08,2760.0,Õpetaja hoituse rollid alushariduses,,,,
original,2400164916,semantic:bge:leaf-local-6-2:42:2400164916:000002760000-000003189920,2760.0,3189.92,Õpetaja hoituse rollid alushariduses,,,,
original,2400164916,semantic:bge:leaf-local-6-2:42:2400164916:000003189920-000003610354,3189.92,3610.354,Õpetaja hoituse rollid alushariduses,,,,
short3,2397177249,semantic-short:bge-boundaries:60-180:q70:v1:2397177249:000000011600-000000178000,11.6,178.0,AI muudab üksikettevõtluse lihtsamaks,,,,
short3,2397177249,semantic-short:bge-boundaries:60-180:q70:v1:2397177249:000000178000-000000334120,178.0,334.12,AI muudab üksikettevõtluse lihtsamaks,,,,
short3,2397177249,semantic-short:bge-boundaries:60-180:q70:v1:2397177249:000000334120-000000398480,334.12,398.48,Unassigned,,,,
short3,2397177249,semantic-short:bge-boundaries:60-180:q70:v1:2397177249:000000398480-000000490080,398.48,490.08,AI mõju töökorraldusele ja tööturule,,,,
short3,2397177249,semantic-short:bge-boundaries:60-180:q70:v1:2397177249:000000490080-000000555760,490.08,555.76,AI mõju töökorraldusele ja tööturule,,,,
short3,2397177249,semantic-short:bge-boundaries:60-180:q70:v1:2397177249:000000555760-000000626920,555.76,626.92,Unassigned,,,,
short3,2397177249,semantic-short:bge-boundaries:60-180:q70:v1:2397177249:000000626920-000000762760,626.92,762.76,AI muudab üksikettevõtluse lihtsamaks,,,,
short3,2397177249,semantic-short:bge-boundaries:60-180:q70:v1:2397177249:000000762760-000000866640,762.76,866.64,AI kasutamine töö- ja loometekstide koostamisel,,,,
short3,2397177249,semantic-short:bge-boundaries:60-180:q70:v1:2397177249:000000866640-000000997800,866.64,997.8,AI mõju töökorraldusele ja tööturule,,,,
short3,2397177249,semantic-short:bge-boundaries:60-180:q70:v1:2397177249:000000997800-000001158920,997.8,1158.92,AI mõju töökorraldusele ja tööturule,,,,
short3,2397177249,semantic-short:bge-boundaries:60-180:q70:v1:2397177249:000001158920-000001222160,1158.92,1222.16,AI muudab üksikettevõtluse lihtsamaks,,,,
short3,2397177249,semantic-short:bge-boundaries:60-180:q70:v1:2397177249:000001222160-000001321320,1222.16,1321.32,AI muudab üksikettevõtluse lihtsamaks,,,,
short3,2397177249,semantic-short:bge-boundaries:60-180:q70:v1:2397177249:000001321320-000001444480,1321.32,1444.48,AI mõju töökorraldusele ja tööturule,,,,
short3,2397177249,semantic-short:bge-boundaries:60-180:q70:v1:2397177249:000001444480-000001505640,1444.48,1505.64,AI mõju töökorraldusele ja tööturule,,,,
short3,2397177249,semantic-short:bge-boundaries:60-180:q70:v1:2397177249:000001505640-000001633320,1505.64,1633.32,AI-agentide vastutus ja kontroll,,,,
short3,2397177249,semantic-short:bge-boundaries:60-180:q70:v1:2397177249:000001633320-000001795240,1633.32,1795.24,AI odava kasutuselevõtu ja eksporti,,,,
short3,2397177249,semantic-short:bge-boundaries:60-180:q70:v1:2397177249:000001795240-000001925480,1795.24,1925.48,Unassigned,,,,
short3,2397177249,semantic-short:bge-boundaries:60-180:q70:v1:2397177249:000001925480-000002055200,1925.48,2055.2,Startup-ökosüsteemi kogukond ja eeskujud,,,,
short3,2397177249,semantic-short:bge-boundaries:60-180:q70:v1:2397177249:000002055200-000002214480,2055.2,2214.48,AI muudab üksikettevõtluse lihtsamaks,,,,
short3,2397177249,semantic-short:bge-boundaries:60-180:q70:v1:2397177249:000002214480-000002279600,2214.48,2279.6,Unassigned,,,,
short3,2397177249,semantic-short:bge-boundaries:60-180:q70:v1:2397177249:000002279600-000002437600,2279.6,2437.6,AI odava kasutuselevõtu ja eksporti,,,,
short3,2397177249,semantic-short:bge-boundaries:60-180:q70:v1:2397177249:000002437600-000002503800,2437.6,2503.8,AI mõju töökorraldusele ja tööturule,,,,
short3,2397177249,semantic-short:bge-boundaries:60-180:q70:v1:2397177249:000002503800-000002571760,2503.8,2571.76,AI muudab üksikettevõtluse lihtsamaks,,,,
short3,2397177249,semantic-short:bge-boundaries:60-180:q70:v1:2397177249:000002571760-000002738640,2571.76,2738.64,AI muudab üksikettevõtluse lihtsamaks,,,,
short3,2397177249,semantic-short:bge-boundaries:60-180:q70:v1:2397177249:000002738640-000002868800,2738.64,2868.8,Unassigned,,,,
short3,2397177249,semantic-short:bge-boundaries:60-180:q70:v1:2397177249:000002868800-000003001960,2868.8,3001.96,AI muudab üksikettevõtluse lihtsamaks,,,,
short3,2397177249,semantic-short:bge-boundaries:60-180:q70:v1:2397177249:000003001960-000003129800,3001.96,3129.8,AI muudab üksikettevõtluse lihtsamaks,,,,
short3,2397177249,semantic-short:bge-boundaries:60-180:q70:v1:2397177249:000003129800-000003300000,3129.8,3300.0,AI muudab üksikettevõtluse lihtsamaks,,,,
short3,2397177249,semantic-short:bge-boundaries:60-180:q70:v1:2397177249:000003300000-000003394560,3300.0,3394.56,AI muudab üksikettevõtluse lihtsamaks,,,,
short3,2397177249,semantic-short:bge-boundaries:60-180:q70:v1:2397177249:000003394560-000003497680,3394.56,3497.68,Unassigned,,,,
short3,2397177249,semantic-short:bge-boundaries:60-180:q70:v1:2397177249:000003497680-000003565320,3497.68,3565.32,AI mõju töökorraldusele ja tööturule,,,,
short3,2397177249,semantic-short:bge-boundaries:60-180:q70:v1:2397177249:000003565320-000003696800,3565.32,3696.8,AI mõju töökorraldusele ja tööturule,,,,
short3,2397177249,semantic-short:bge-boundaries:60-180:q70:v1:2397177249:000003696800-000003759200,3696.8,3759.2,Unassigned,,,,
short3,2397177249,semantic-short:bge-boundaries:60-180:q70:v1:2397177249:000003759200-000003857360,3759.2,3857.36,AI mõju töökorraldusele ja tööturule,,,,
short3,2397177249,semantic-short:bge-boundaries:60-180:q70:v1:2397177249:000003857360-000003955000,3857.36,3955.0,AI mõju töökorraldusele ja tööturule,,,,
short3,2397177249,semantic-short:bge-boundaries:60-180:q70:v1:2397177249:000003955000-000004117240,3955.0,4117.24,AI muudab üksikettevõtluse lihtsamaks,,,,
short3,2397177249,semantic-short:bge-boundaries:60-180:q70:v1:2397177249:000004117240-000004177720,4117.24,4177.72,Unassigned,,,,
short3,2397177249,semantic-short:bge-boundaries:60-180:q70:v1:2397177249:000004177720-000004307240,4177.72,4307.24,Unassigned,,,,
short3,2397177249,semantic-short:bge-boundaries:60-180:q70:v1:2397177249:000004307240-000004373560,4307.24,4373.56,Unassigned,,,,
short3,2397177249,semantic-short:bge-boundaries:60-180:q70:v1:2397177249:000004373560-000004435280,4373.56,4435.28,Startup-ökosüsteemi kogukond ja eeskujud,,,,
short3,2397177249,semantic-short:bge-boundaries:60-180:q70:v1:2397177249:000004435280-000004503720,4435.28,4503.72,AI odava kasutuselevõtu ja eksporti,,,,
short3,2397177249,semantic-short:bge-boundaries:60-180:q70:v1:2397177249:000004503720-000004600600,4503.72,4600.6,AI odava kasutuselevõtu ja eksporti,,,,
short3,2397177249,semantic-short:bge-boundaries:60-180:q70:v1:2397177249:000004600600-000004759960,4600.6,4759.96,AI odava kasutuselevõtu ja eksporti,,,,
short3,2397177249,semantic-short:bge-boundaries:60-180:q70:v1:2397177249:000004759960-000004921920,4759.96,4921.92,Tehisintellekti kasutus kooliõppes,,,,
short3,2397177249,semantic-short:bge-boundaries:60-180:q70:v1:2397177249:000004921920-000004985520,4921.92,4985.52,AI muudab üksikettevõtluse lihtsamaks,,,,
short3,2397177249,semantic-short:bge-boundaries:60-180:q70:v1:2397177249:000004985520-000005052880,4985.52,5052.88,Unassigned,,,,
short3,2397177249,semantic-short:bge-boundaries:60-180:q70:v1:2397177249:000005052880-000005149440,5052.88,5149.44,AI muudab üksikettevõtluse lihtsamaks,,,,
short3,2397177249,semantic-short:bge-boundaries:60-180:q70:v1:2397177249:000005149440-000005276920,5149.44,5276.92,AI mõju töökorraldusele ja tööturule,,,,
short3,2397177249,semantic-short:bge-boundaries:60-180:q70:v1:2397177249:000005276920-000005343680,5276.92,5343.68,Unassigned,,,,
short3,2397177249,semantic-short:bge-boundaries:60-180:q70:v1:2397177249:000005343680-000005443000,5343.68,5443.0,andmejärelevalve ja tehisintellekti piirid,,,,
short3,2397177249,semantic-short:bge-boundaries:60-180:q70:v1:2397177249:000005443000-000005546000,5443.0,5546.0,andmejärelevalve ja tehisintellekti piirid,,,,
short3,2397177249,semantic-short:bge-boundaries:60-180:q70:v1:2397177249:000005546000-000005687252,5546.0,5687.252,andmejärelevalve ja tehisintellekti piirid,,,,
short3,2400164916,semantic-short:bge-boundaries:60-180:q70:v1:2400164916:000000011800-000000143840,11.8,143.84,Õpetaja hoituse rollid alushariduses,,,,
short3,2400164916,semantic-short:bge-boundaries:60-180:q70:v1:2400164916:000000143840-000000207080,143.84,207.08,Unassigned,,,,
short3,2400164916,semantic-short:bge-boundaries:60-180:q70:v1:2400164916:000000207080-000000275240,207.08,275.24,Unassigned,,,,
short3,2400164916,semantic-short:bge-boundaries:60-180:q70:v1:2400164916:000000275240-000000344520,275.24,344.52,Unassigned,,,,
short3,2400164916,semantic-short:bge-boundaries:60-180:q70:v1:2400164916:000000344520-000000406520,344.52,406.52,Unassigned,,,,
short3,2400164916,semantic-short:bge-boundaries:60-180:q70:v1:2400164916:000000406520-000000575760,406.52,575.76,Õpetaja hoituse rollid alushariduses,,,,
short3,2400164916,semantic-short:bge-boundaries:60-180:q70:v1:2400164916:000000575760-000000642160,575.76,642.16,Unassigned,,,,
short3,2400164916,semantic-short:bge-boundaries:60-180:q70:v1:2400164916:000000642160-000000739240,642.16,739.24,Õpetaja hoituse rollid alushariduses,,,,
short3,2400164916,semantic-short:bge-boundaries:60-180:q70:v1:2400164916:000000739240-000000839040,739.24,839.04,Õpetaja hoituse rollid alushariduses,,,,
short3,2400164916,semantic-short:bge-boundaries:60-180:q70:v1:2400164916:000000839040-000000907320,839.04,907.32,Õpetaja hoituse rollid alushariduses,,,,
short3,2400164916,semantic-short:bge-boundaries:60-180:q70:v1:2400164916:000000907320-000001069640,907.32,1069.64,Õpetaja hoituse rollid alushariduses,,,,
short3,2400164916,semantic-short:bge-boundaries:60-180:q70:v1:2400164916:000001069640-000001169440,1069.64,1169.44,Õpetaja hoituse rollid alushariduses,,,,
short3,2400164916,semantic-short:bge-boundaries:60-180:q70:v1:2400164916:000001169440-000001266880,1169.44,1266.88,Õpetaja hoituse rollid alushariduses,,,,
short3,2400164916,semantic-short:bge-boundaries:60-180:q70:v1:2400164916:000001266880-000001358480,1266.88,1358.48,lapsevanema kaasamine lasteaia koostöösse,,,,
short3,2400164916,semantic-short:bge-boundaries:60-180:q70:v1:2400164916:000001358480-000001455440,1358.48,1455.44,Õpetaja hoituse rollid alushariduses,,,,
short3,2400164916,semantic-short:bge-boundaries:60-180:q70:v1:2400164916:000001455440-000001617120,1455.44,1617.12,Õpetaja hoituse rollid alushariduses,,,,
short3,2400164916,semantic-short:bge-boundaries:60-180:q70:v1:2400164916:000001617120-000001712960,1617.12,1712.96,Õpetaja hoituse rollid alushariduses,,,,
short3,2400164916,semantic-short:bge-boundaries:60-180:q70:v1:2400164916:000001712960-000001844680,1712.96,1844.68,Õpetaja hoituse rollid alushariduses,,,,
short3,2400164916,semantic-short:bge-boundaries:60-180:q70:v1:2400164916:000001844680-000001940760,1844.68,1940.76,Õpetaja hoituse rollid alushariduses,,,,
short3,2400164916,semantic-short:bge-boundaries:60-180:q70:v1:2400164916:000001940760-000002100920,1940.76,2100.92,Õpetaja hoituse rollid alushariduses,,,,
short3,2400164916,semantic-short:bge-boundaries:60-180:q70:v1:2400164916:000002100920-000002167120,2100.92,2167.12,Õpetaja hoituse rollid alushariduses,,,,
short3,2400164916,semantic-short:bge-boundaries:60-180:q70:v1:2400164916:000002167120-000002334880,2167.12,2334.88,Õpetaja hoituse rollid alushariduses,,,,
short3,2400164916,semantic-short:bge-boundaries:60-180:q70:v1:2400164916:000002334880-000002466240,2334.88,2466.24,Alushariduse vastutus ja kvaliteet,,,,
short3,2400164916,semantic-short:bge-boundaries:60-180:q70:v1:2400164916:000002466240-000002534640,2466.24,2534.64,Õpetaja hoituse rollid alushariduses,,,,
short3,2400164916,semantic-short:bge-boundaries:60-180:q70:v1:2400164916:000002534640-000002632080,2534.64,2632.08,Unassigned,,,,
short3,2400164916,semantic-short:bge-boundaries:60-180:q70:v1:2400164916:000002632080-000002760000,2632.08,2760.0,Õpetaja hoituse rollid alushariduses,,,,
short3,2400164916,semantic-short:bge-boundaries:60-180:q70:v1:2400164916:000002760000-000002924360,2760.0,2924.36,Õpetaja hoituse rollid alushariduses,,,,
short3,2400164916,semantic-short:bge-boundaries:60-180:q70:v1:2400164916:000002924360-000003090400,2924.36,3090.4,Õpetaja hoituse rollid alushariduses,,,,
short3,2400164916,semantic-short:bge-boundaries:60-180:q70:v1:2400164916:000003090400-000003189920,3090.4,3189.92,Alushariduse vastutus ja kvaliteet,,,,
short3,2400164916,semantic-short:bge-boundaries:60-180:q70:v1:2400164916:000003189920-000003323400,3189.92,3323.4,Unassigned,,,,
short3,2400164916,semantic-short:bge-boundaries:60-180:q70:v1:2400164916:000003323400-000003393040,3323.4,3393.04,Alushariduse vastutus ja kvaliteet,,,,
short3,2400164916,semantic-short:bge-boundaries:60-180:q70:v1:2400164916:000003393040-000003528320,3393.04,3528.32,Õpetaja hoituse rollid alushariduses,,,,
short3,2400164916,semantic-short:bge-boundaries:60-180:q70:v1:2400164916:000003528320-000003610354,3528.32,3610.354,Õpetaja hoituse rollid alushariduses,,,,
short3,2271676346,semantic-short:bge-boundaries:60-180:q70:v1:2271676346:000000011080-000000074560,11.08,74.56,Sooneutraalne ajateenistus ja reservi täitmine,,,,
short3,2271676346,semantic-short:bge-boundaries:60-180:q70:v1:2271676346:000000074560-000000198360,74.56,198.36,Unassigned,,,,
short3,2271676346,semantic-short:bge-boundaries:60-180:q70:v1:2271676346:000000198360-000000360520,198.36,360.52,Unassigned,,,,
short3,2271676346,semantic-short:bge-boundaries:60-180:q70:v1:2271676346:000000360520-000000492520,360.52,492.52,Sooneutraalne ajateenistus ja reservi täitmine,,,,
short3,2271676346,semantic-short:bge-boundaries:60-180:q70:v1:2271676346:000000492520-000000561160,492.52,561.16,Sooneutraalne ajateenistus ja reservi täitmine,,,,
short3,2271676346,semantic-short:bge-boundaries:60-180:q70:v1:2271676346:000000561160-000000692840,561.16,692.84,Kaitsekulude tõus ja hanked,,,,
short3,2271676346,semantic-short:bge-boundaries:60-180:q70:v1:2271676346:000000692840-000000789320,692.84,789.32,kihiline õhukaitse ja mehitamata võimed,,,,
short3,2271676346,semantic-short:bge-boundaries:60-180:q70:v1:2271676346:000000789320-000000889120,789.32,889.12,Sooneutraalne ajateenistus ja reservi täitmine,,,,
short3,2271676346,semantic-short:bge-boundaries:60-180:q70:v1:2271676346:000000889120-000000984360,889.12,984.36,Sooneutraalne ajateenistus ja reservi täitmine,,,,
short3,2271676346,semantic-short:bge-boundaries:60-180:q70:v1:2271676346:000000984360-000001090560,984.36,1090.56,Sooneutraalne ajateenistus ja reservi täitmine,,,,
short3,2271676346,semantic-short:bge-boundaries:60-180:q70:v1:2271676346:000001090560-000001189560,1090.56,1189.56,Sooneutraalne ajateenistus ja reservi täitmine,,,,
short3,2271676346,semantic-short:bge-boundaries:60-180:q70:v1:2271676346:000001189560-000001327920,1189.56,1327.92,Sooneutraalne ajateenistus ja reservi täitmine,,,,
short3,2271676346,semantic-short:bge-boundaries:60-180:q70:v1:2271676346:000001327920-000001398600,1327.92,1398.6,Sooneutraalne ajateenistus ja reservi täitmine,,,,
short3,2271676346,semantic-short:bge-boundaries:60-180:q70:v1:2271676346:000001398600-000001528520,1398.6,1528.52,Lai riigikaitse kodune ja kogukondlik valmisolek,,,,
short3,2271676346,semantic-short:bge-boundaries:60-180:q70:v1:2271676346:000001528520-000001598080,1528.52,1598.08,Sooneutraalne ajateenistus ja reservi täitmine,,,,
short3,2271676346,semantic-short:bge-boundaries:60-180:q70:v1:2271676346:000001598080-000001668120,1598.08,1668.12,Sooneutraalne ajateenistus ja reservi täitmine,,,,
short3,2271676346,semantic-short:bge-boundaries:60-180:q70:v1:2271676346:000001668120-000001767720,1668.12,1767.72,Unassigned,,,,
short3,2271676346,semantic-short:bge-boundaries:60-180:q70:v1:2271676346:000001767720-000001833400,1767.72,1833.4,Sooneutraalne ajateenistus ja reservi täitmine,,,,
short3,2271676346,semantic-short:bge-boundaries:60-180:q70:v1:2271676346:000001833400-000001898480,1833.4,1898.48,Sooneutraalne ajateenistus ja reservi täitmine,,,,
short3,2271676346,semantic-short:bge-boundaries:60-180:q70:v1:2271676346:000001898480-000001997560,1898.48,1997.56,Unassigned,,,,
short3,2271676346,semantic-short:bge-boundaries:60-180:q70:v1:2271676346:000001997560-000002094080,1997.56,2094.08,Sooneutraalne ajateenistus ja reservi täitmine,,,,
short3,2271676346,semantic-short:bge-boundaries:60-180:q70:v1:2271676346:000002094080-000002193560,2094.08,2193.56,Unassigned,,,,
short3,2271676346,semantic-short:bge-boundaries:60-180:q70:v1:2271676346:000002193560-000002302120,2193.56,2302.12,Sooneutraalne ajateenistus ja reservi täitmine,,,,
short3,2271676346,semantic-short:bge-boundaries:60-180:q70:v1:2271676346:000002302120-000002472840,2302.12,2472.84,Sooneutraalne ajateenistus ja reservi täitmine,,,,
short3,2271676346,semantic-short:bge-boundaries:60-180:q70:v1:2271676346:000002472840-000002538680,2472.84,2538.68,Sooneutraalne ajateenistus ja reservi täitmine,,,,
short3,2271676346,semantic-short:bge-boundaries:60-180:q70:v1:2271676346:000002538680-000002639440,2538.68,2639.44,Unassigned,,,,
short3,2271676346,semantic-short:bge-boundaries:60-180:q70:v1:2271676346:000002639440-000002739640,2639.44,2739.64,Sooneutraalne ajateenistus ja reservi täitmine,,,,
short3,2271676346,semantic-short:bge-boundaries:60-180:q70:v1:2271676346:000002739640-000002836600,2739.64,2836.6,Sooneutraalne ajateenistus ja reservi täitmine,,,,
short3,2271676346,semantic-short:bge-boundaries:60-180:q70:v1:2271676346:000002836600-000002966400,2836.6,2966.4,Sooneutraalne ajateenistus ja reservi täitmine,,,,
short3,2271676346,semantic-short:bge-boundaries:60-180:q70:v1:2271676346:000002966400-000003034440,2966.4,3034.44,Sooneutraalne ajateenistus ja reservi täitmine,,,,
short3,2271676346,semantic-short:bge-boundaries:60-180:q70:v1:2271676346:000003034440-000003167920,3034.44,3167.92,Sooneutraalne ajateenistus ja reservi täitmine,,,,
short3,2271676346,semantic-short:bge-boundaries:60-180:q70:v1:2271676346:000003167920-000003293600,3167.92,3293.6,Lai riigikaitse kodune ja kogukondlik valmisolek,,,,
short3,2271676346,semantic-short:bge-boundaries:60-180:q70:v1:2271676346:000003293600-000003426400,3293.6,3426.4,Lai riigikaitse kodune ja kogukondlik valmisolek,,,,
short3,2271676346,semantic-short:bge-boundaries:60-180:q70:v1:2271676346:000003426400-000003494800,3426.4,3494.8,Sooneutraalne ajateenistus ja reservi täitmine,,,,
short3,2271676346,semantic-short:bge-boundaries:60-180:q70:v1:2271676346:000003494800-000003656760,3494.8,3656.76,Sooneutraalne ajateenistus ja reservi täitmine,,,,
short3,2271676346,semantic-short:bge-boundaries:60-180:q70:v1:2271676346:000003656760-000003757920,3656.76,3757.92,Sooneutraalne ajateenistus ja reservi täitmine,,,,
short3,2271676346,semantic-short:bge-boundaries:60-180:q70:v1:2271676346:000003757920-000003857920,3757.92,3857.92,naiste ajateenistuse laiendamine riigikaitses,,,,
short3,2271676346,semantic-short:bge-boundaries:60-180:q70:v1:2271676346:000003857920-000003955480,3857.92,3955.48,Sooneutraalne ajateenistus ja reservi täitmine,,,,
short3,2271676346,semantic-short:bge-boundaries:60-180:q70:v1:2271676346:000003955480-000004089240,3955.48,4089.24,Sooneutraalne ajateenistus ja reservi täitmine,,,,
short3,2271676346,semantic-short:bge-boundaries:60-180:q70:v1:2271676346:000004089240-000004253200,4089.24,4253.2,Sooneutraalne ajateenistus ja reservi täitmine,,,,
short3,2271676346,semantic-short:bge-boundaries:60-180:q70:v1:2271676346:000004253200-000004356720,4253.2,4356.72,Sooneutraalne ajateenistus ja reservi täitmine,,,,
short3,2271676346,semantic-short:bge-boundaries:60-180:q70:v1:2271676346:000004356720-000004526120,4356.72,4526.12,kihiline õhukaitse ja mehitamata võimed,,,,
short3,2271676346,semantic-short:bge-boundaries:60-180:q70:v1:2271676346:000004526120-000004592240,4526.12,4592.24,kihiline õhukaitse ja mehitamata võimed,,,,
short3,2271676346,semantic-short:bge-boundaries:60-180:q70:v1:2271676346:000004592240-000004689800,4592.24,4689.8,Unassigned,,,,
short3,2271676346,semantic-short:bge-boundaries:60-180:q70:v1:2271676346:000004689800-000004826000,4689.8,4826.0,Lai riigikaitse kodune ja kogukondlik valmisolek,,,,
short3,2271676346,semantic-short:bge-boundaries:60-180:q70:v1:2271676346:000004826000-000004892080,4826.0,4892.08,Lai riigikaitse kodune ja kogukondlik valmisolek,,,,
short3,2271676346,semantic-short:bge-boundaries:60-180:q70:v1:2271676346:000004892080-000004994840,4892.08,4994.84,Unassigned,,,,
short3,2271676346,semantic-short:bge-boundaries:60-180:q70:v1:2271676346:000004994840-000005093200,4994.84,5093.2,Sooneutraalne ajateenistus ja reservi täitmine,,,,
short3,2271676346,semantic-short:bge-boundaries:60-180:q70:v1:2271676346:000005093200-000005262960,5093.2,5262.96,Lai riigikaitse kodune ja kogukondlik valmisolek,,,,
short3,2271676346,semantic-short:bge-boundaries:60-180:q70:v1:2271676346:000005262960-000005419640,5262.96,5419.64,Unassigned,,,,
short3,2271676346,semantic-short:bge-boundaries:60-180:q70:v1:2271676346:000005419640-000005484160,5419.64,5484.16,Lai riigikaitse kodune ja kogukondlik valmisolek,,,,
short3,2271676346,semantic-short:bge-boundaries:60-180:q70:v1:2271676346:000005484160-000005572624,5484.16,5572.624,Sooneutraalne ajateenistus ja reservi täitmine,,,,
cue5,2397177249,semantic-experiment:cue5:bge:q70:v1:2397177249:000000011600-000000178000,11.6,178.0,AI muudab üksikettevõtluse lihtsamaks,,,,
cue5,2397177249,semantic-experiment:cue5:bge:q70:v1:2397177249:000000178000-000000398480,178.0,398.48,AI muudab üksikettevõtluse lihtsamaks,,,,
cue5,2397177249,semantic-experiment:cue5:bge:q70:v1:2397177249:000000398480-000000490080,398.48,490.08,AI mõju töökorraldusele ja tööturule,,,,
cue5,2397177249,semantic-experiment:cue5:bge:q70:v1:2397177249:000000490080-000000555760,490.08,555.76,AI mõju töökorraldusele ja tööturule,,,,
cue5,2397177249,semantic-experiment:cue5:bge:q70:v1:2397177249:000000555760-000000626920,555.76,626.92,Unassigned,,,,
cue5,2397177249,semantic-experiment:cue5:bge:q70:v1:2397177249:000000626920-000000866640,626.92,866.64,AI muudab üksikettevõtluse lihtsamaks,,,,
cue5,2397177249,semantic-experiment:cue5:bge:q70:v1:2397177249:000000866640-000000997800,866.64,997.8,AI mõju töökorraldusele ja tööturule,,,,
cue5,2397177249,semantic-experiment:cue5:bge:q70:v1:2397177249:000000997800-000001158920,997.8,1158.92,AI mõju töökorraldusele ja tööturule,,,,
cue5,2397177249,semantic-experiment:cue5:bge:q70:v1:2397177249:000001158920-000001222160,1158.92,1222.16,AI muudab üksikettevõtluse lihtsamaks,,,,
cue5,2397177249,semantic-experiment:cue5:bge:q70:v1:2397177249:000001222160-000001505640,1222.16,1505.64,AI muudab üksikettevõtluse lihtsamaks,,,,
cue5,2397177249,semantic-experiment:cue5:bge:q70:v1:2397177249:000001505640-000001633320,1505.64,1633.32,AI-agentide vastutus ja kontroll,,,,
cue5,2397177249,semantic-experiment:cue5:bge:q70:v1:2397177249:000001633320-000001795240,1633.32,1795.24,AI odava kasutuselevõtu ja eksporti,,,,
cue5,2397177249,semantic-experiment:cue5:bge:q70:v1:2397177249:000001795240-000001925480,1795.24,1925.48,Unassigned,,,,
cue5,2397177249,semantic-experiment:cue5:bge:q70:v1:2397177249:000001925480-000002214480,1925.48,2214.48,AI muudab üksikettevõtluse lihtsamaks,,,,
cue5,2397177249,semantic-experiment:cue5:bge:q70:v1:2397177249:000002214480-000002279600,2214.48,2279.6,Unassigned,,,,
cue5,2397177249,semantic-experiment:cue5:bge:q70:v1:2397177249:000002279600-000002437600,2279.6,2437.6,AI odava kasutuselevõtu ja eksporti,,,,
cue5,2397177249,semantic-experiment:cue5:bge:q70:v1:2397177249:000002437600-000002503800,2437.6,2503.8,AI mõju töökorraldusele ja tööturule,,,,
cue5,2397177249,semantic-experiment:cue5:bge:q70:v1:2397177249:000002503800-000002738640,2503.8,2738.64,AI muudab üksikettevõtluse lihtsamaks,,,,
cue5,2397177249,semantic-experiment:cue5:bge:q70:v1:2397177249:000002738640-000002868800,2738.64,2868.8,Unassigned,,,,
cue5,2397177249,semantic-experiment:cue5:bge:q70:v1:2397177249:000002868800-000003129800,2868.8,3129.8,AI muudab üksikettevõtluse lihtsamaks,,,,
cue5,2397177249,semantic-experiment:cue5:bge:q70:v1:2397177249:000003129800-000003300000,3129.8,3300.0,AI muudab üksikettevõtluse lihtsamaks,,,,
cue5,2397177249,semantic-experiment:cue5:bge:q70:v1:2397177249:000003300000-000003394560,3300.0,3394.56,AI muudab üksikettevõtluse lihtsamaks,,,,
cue5,2397177249,semantic-experiment:cue5:bge:q70:v1:2397177249:000003394560-000003497680,3394.56,3497.68,Unassigned,,,,
cue5,2397177249,semantic-experiment:cue5:bge:q70:v1:2397177249:000003497680-000003696800,3497.68,3696.8,AI mõju töökorraldusele ja tööturule,,,,
cue5,2397177249,semantic-experiment:cue5:bge:q70:v1:2397177249:000003696800-000003759200,3696.8,3759.2,Unassigned,,,,
cue5,2397177249,semantic-experiment:cue5:bge:q70:v1:2397177249:000003759200-000003955000,3759.2,3955.0,AI mõju töökorraldusele ja tööturule,,,,
cue5,2397177249,semantic-experiment:cue5:bge:q70:v1:2397177249:000003955000-000004117240,3955.0,4117.24,AI muudab üksikettevõtluse lihtsamaks,,,,
cue5,2397177249,semantic-experiment:cue5:bge:q70:v1:2397177249:000004117240-000004373560,4117.24,4373.56,Unassigned,,,,
cue5,2397177249,semantic-experiment:cue5:bge:q70:v1:2397177249:000004373560-000004435280,4373.56,4435.28,Startup-ökosüsteemi kogukond ja eeskujud,,,,
cue5,2397177249,semantic-experiment:cue5:bge:q70:v1:2397177249:000004435280-000004503720,4435.28,4503.72,AI odava kasutuselevõtu ja eksporti,,,,
cue5,2397177249,semantic-experiment:cue5:bge:q70:v1:2397177249:000004503720-000004600600,4503.72,4600.6,AI odava kasutuselevõtu ja eksporti,,,,
cue5,2397177249,semantic-experiment:cue5:bge:q70:v1:2397177249:000004600600-000004759960,4600.6,4759.96,AI odava kasutuselevõtu ja eksporti,,,,
cue5,2397177249,semantic-experiment:cue5:bge:q70:v1:2397177249:000004759960-000004985520,4759.96,4985.52,Tehisintellekti kasutus kooliõppes,,,,
cue5,2397177249,semantic-experiment:cue5:bge:q70:v1:2397177249:000004985520-000005052880,4985.52,5052.88,Unassigned,,,,
cue5,2397177249,semantic-experiment:cue5:bge:q70:v1:2397177249:000005052880-000005276920,5052.88,5276.92,AI mõju töökorraldusele ja tööturule,,,,
cue5,2397177249,semantic-experiment:cue5:bge:q70:v1:2397177249:000005276920-000005343680,5276.92,5343.68,Unassigned,,,,
cue5,2397177249,semantic-experiment:cue5:bge:q70:v1:2397177249:000005343680-000005546000,5343.68,5546.0,andmejärelevalve ja tehisintellekti piirid,,,,
cue5,2397177249,semantic-experiment:cue5:bge:q70:v1:2397177249:000005546000-000005687252,5546.0,5687.252,andmejärelevalve ja tehisintellekti piirid,,,,
cue5,2400164916,semantic-experiment:cue5:bge:q70:v1:2400164916:000000011800-000000207080,11.8,207.08,Õpetaja hoituse rollid alushariduses,,,,
cue5,2400164916,semantic-experiment:cue5:bge:q70:v1:2400164916:000000207080-000000275240,207.08,275.24,Unassigned,,,,
cue5,2400164916,semantic-experiment:cue5:bge:q70:v1:2400164916:000000275240-000000344520,275.24,344.52,Unassigned,,,,
cue5,2400164916,semantic-experiment:cue5:bge:q70:v1:2400164916:000000344520-000000406520,344.52,406.52,Unassigned,,,,
cue5,2400164916,semantic-experiment:cue5:bge:q70:v1:2400164916:000000406520-000000642160,406.52,642.16,Õpetaja hoituse rollid alushariduses,,,,
cue5,2400164916,semantic-experiment:cue5:bge:q70:v1:2400164916:000000642160-000000839040,642.16,839.04,Õpetaja hoituse rollid alushariduses,,,,
cue5,2400164916,semantic-experiment:cue5:bge:q70:v1:2400164916:000000839040-000000907320,839.04,907.32,Õpetaja hoituse rollid alushariduses,,,,
cue5,2400164916,semantic-experiment:cue5:bge:q70:v1:2400164916:000000907320-000001069640,907.32,1069.64,Õpetaja hoituse rollid alushariduses,,,,
cue5,2400164916,semantic-experiment:cue5:bge:q70:v1:2400164916:000001069640-000001169440,1069.64,1169.44,Õpetaja hoituse rollid alushariduses,,,,
cue5,2400164916,semantic-experiment:cue5:bge:q70:v1:2400164916:000001169440-000001358480,1169.44,1358.48,Õpetaja hoituse rollid alushariduses,,,,
cue5,2400164916,semantic-experiment:cue5:bge:q70:v1:2400164916:000001358480-000001617120,1358.48,1617.12,Õpetaja hoituse rollid alushariduses,,,,
cue5,2400164916,semantic-experiment:cue5:bge:q70:v1:2400164916:000001617120-000001712960,1617.12,1712.96,Õpetaja hoituse rollid alushariduses,,,,
cue5,2400164916,semantic-experiment:cue5:bge:q70:v1:2400164916:000001712960-000001844680,1712.96,1844.68,Õpetaja hoituse rollid alushariduses,,,,
cue5,2400164916,semantic-experiment:cue5:bge:q70:v1:2400164916:000001844680-000002133960,1844.68,2133.96,Õpetaja hoituse rollid alushariduses,,,,
cue5,2400164916,semantic-experiment:cue5:bge:q70:v1:2400164916:000002133960-000002334880,2133.96,2334.88,Õpetaja hoituse rollid alushariduses,,,,
cue5,2400164916,semantic-experiment:cue5:bge:q70:v1:2400164916:000002334880-000002466240,2334.88,2466.24,Alushariduse vastutus ja kvaliteet,,,,
cue5,2400164916,semantic-experiment:cue5:bge:q70:v1:2400164916:000002466240-000002534640,2466.24,2534.64,Õpetaja hoituse rollid alushariduses,,,,
cue5,2400164916,semantic-experiment:cue5:bge:q70:v1:2400164916:000002534640-000002632080,2534.64,2632.08,Unassigned,,,,
cue5,2400164916,semantic-experiment:cue5:bge:q70:v1:2400164916:000002632080-000002760000,2632.08,2760.0,Õpetaja hoituse rollid alushariduses,,,,
cue5,2400164916,semantic-experiment:cue5:bge:q70:v1:2400164916:000002760000-000002924360,2760.0,2924.36,Õpetaja hoituse rollid alushariduses,,,,
cue5,2400164916,semantic-experiment:cue5:bge:q70:v1:2400164916:000002924360-000003090400,2924.36,3090.4,Õpetaja hoituse rollid alushariduses,,,,
cue5,2400164916,semantic-experiment:cue5:bge:q70:v1:2400164916:000003090400-000003189920,3090.4,3189.92,Alushariduse vastutus ja kvaliteet,,,,
cue5,2400164916,semantic-experiment:cue5:bge:q70:v1:2400164916:000003189920-000003323400,3189.92,3323.4,Unassigned,,,,
cue5,2400164916,semantic-experiment:cue5:bge:q70:v1:2400164916:000003323400-000003610354,3323.4,3610.354,Õpetaja hoituse rollid alushariduses,,,,
cue5,2271676346,semantic-experiment:cue5:bge:q70:v1:2271676346:000000011080-000000198360,11.08,198.36,Sooneutraalne ajateenistus ja reservi täitmine,,,,
cue5,2271676346,semantic-experiment:cue5:bge:q70:v1:2271676346:000000198360-000000360520,198.36,360.52,Unassigned,,,,
cue5,2271676346,semantic-experiment:cue5:bge:q70:v1:2271676346:000000360520-000000561160,360.52,561.16,Sooneutraalne ajateenistus ja reservi täitmine,,,,
cue5,2271676346,semantic-experiment:cue5:bge:q70:v1:2271676346:000000561160-000000692840,561.16,692.84,Kaitsekulude tõus ja hanked,,,,
cue5,2271676346,semantic-experiment:cue5:bge:q70:v1:2271676346:000000692840-000000889120,692.84,889.12,kihiline õhukaitse ja mehitamata võimed,,,,
cue5,2271676346,semantic-experiment:cue5:bge:q70:v1:2271676346:000000889120-000000984360,889.12,984.36,Sooneutraalne ajateenistus ja reservi täitmine,,,,
cue5,2271676346,semantic-experiment:cue5:bge:q70:v1:2271676346:000000984360-000001189560,984.36,1189.56,Sooneutraalne ajateenistus ja reservi täitmine,,,,
cue5,2271676346,semantic-experiment:cue5:bge:q70:v1:2271676346:000001189560-000001327920,1189.56,1327.92,Sooneutraalne ajateenistus ja reservi täitmine,,,,
cue5,2271676346,semantic-experiment:cue5:bge:q70:v1:2271676346:000001327920-000001598080,1327.92,1598.08,Lai riigikaitse kodune ja kogukondlik valmisolek,,,,
cue5,2271676346,semantic-experiment:cue5:bge:q70:v1:2271676346:000001598080-000001668120,1598.08,1668.12,Sooneutraalne ajateenistus ja reservi täitmine,,,,
cue5,2271676346,semantic-experiment:cue5:bge:q70:v1:2271676346:000001668120-000001767720,1668.12,1767.72,Unassigned,,,,
cue5,2271676346,semantic-experiment:cue5:bge:q70:v1:2271676346:000001767720-000001833400,1767.72,1833.4,Sooneutraalne ajateenistus ja reservi täitmine,,,,
cue5,2271676346,semantic-experiment:cue5:bge:q70:v1:2271676346:000001833400-000002094080,1833.4,2094.08,Sooneutraalne ajateenistus ja reservi täitmine,,,,
cue5,2271676346,semantic-experiment:cue5:bge:q70:v1:2271676346:000002094080-000002193560,2094.08,2193.56,Unassigned,,,,
cue5,2271676346,semantic-experiment:cue5:bge:q70:v1:2271676346:000002193560-000002472840,2193.56,2472.84,Sooneutraalne ajateenistus ja reservi täitmine,,,,
cue5,2271676346,semantic-experiment:cue5:bge:q70:v1:2271676346:000002472840-000002538680,2472.84,2538.68,Sooneutraalne ajateenistus ja reservi täitmine,,,,
cue5,2271676346,semantic-experiment:cue5:bge:q70:v1:2271676346:000002538680-000002639440,2538.68,2639.44,Unassigned,,,,
cue5,2271676346,semantic-experiment:cue5:bge:q70:v1:2271676346:000002639440-000002739640,2639.44,2739.64,Sooneutraalne ajateenistus ja reservi täitmine,,,,
cue5,2271676346,semantic-experiment:cue5:bge:q70:v1:2271676346:000002739640-000003034440,2739.64,3034.44,Sooneutraalne ajateenistus ja reservi täitmine,,,,
cue5,2271676346,semantic-experiment:cue5:bge:q70:v1:2271676346:000003034440-000003167920,3034.44,3167.92,Sooneutraalne ajateenistus ja reservi täitmine,,,,
cue5,2271676346,semantic-experiment:cue5:bge:q70:v1:2271676346:000003167920-000003293600,3167.92,3293.6,Lai riigikaitse kodune ja kogukondlik valmisolek,,,,
cue5,2271676346,semantic-experiment:cue5:bge:q70:v1:2271676346:000003293600-000003426400,3293.6,3426.4,Lai riigikaitse kodune ja kogukondlik valmisolek,,,,
cue5,2271676346,semantic-experiment:cue5:bge:q70:v1:2271676346:000003426400-000003656760,3426.4,3656.76,Sooneutraalne ajateenistus ja reservi täitmine,,,,
cue5,2271676346,semantic-experiment:cue5:bge:q70:v1:2271676346:000003656760-000003857920,3656.76,3857.92,Sooneutraalne ajateenistus ja reservi täitmine,,,,
cue5,2271676346,semantic-experiment:cue5:bge:q70:v1:2271676346:000003857920-000003955480,3857.92,3955.48,Sooneutraalne ajateenistus ja reservi täitmine,,,,
cue5,2271676346,semantic-experiment:cue5:bge:q70:v1:2271676346:000003955480-000004089240,3955.48,4089.24,Sooneutraalne ajateenistus ja reservi täitmine,,,,
cue5,2271676346,semantic-experiment:cue5:bge:q70:v1:2271676346:000004089240-000004253200,4089.24,4253.2,Sooneutraalne ajateenistus ja reservi täitmine,,,,
cue5,2271676346,semantic-experiment:cue5:bge:q70:v1:2271676346:000004253200-000004356720,4253.2,4356.72,Sooneutraalne ajateenistus ja reservi täitmine,,,,
cue5,2271676346,semantic-experiment:cue5:bge:q70:v1:2271676346:000004356720-000004592240,4356.72,4592.24,kihiline õhukaitse ja mehitamata võimed,,,,
cue5,2271676346,semantic-experiment:cue5:bge:q70:v1:2271676346:000004592240-000004689800,4592.24,4689.8,Unassigned,,,,
cue5,2271676346,semantic-experiment:cue5:bge:q70:v1:2271676346:000004689800-000004826000,4689.8,4826.0,Lai riigikaitse kodune ja kogukondlik valmisolek,,,,
cue5,2271676346,semantic-experiment:cue5:bge:q70:v1:2271676346:000004826000-000004892080,4826.0,4892.08,Lai riigikaitse kodune ja kogukondlik valmisolek,,,,
cue5,2271676346,semantic-experiment:cue5:bge:q70:v1:2271676346:000004892080-000005093200,4892.08,5093.2,Unassigned,,,,
cue5,2271676346,semantic-experiment:cue5:bge:q70:v1:2271676346:000005093200-000005262960,5093.2,5262.96,Lai riigikaitse kodune ja kogukondlik valmisolek,,,,
cue5,2271676346,semantic-experiment:cue5:bge:q70:v1:2271676346:000005262960-000005419640,5262.96,5419.64,Unassigned,,,,
cue5,2271676346,semantic-experiment:cue5:bge:q70:v1:2271676346:000005419640-000005484160,5419.64,5484.16,Lai riigikaitse kodune ja kogukondlik valmisolek,,,,
cue5,2271676346,semantic-experiment:cue5:bge:q70:v1:2271676346:000005484160-000005572624,5484.16,5572.624,Sooneutraalne ajateenistus ja reservi täitmine,,,,
sentence3,2397177249,semantic-experiment:sentence3:bge:q70:v1:2397177249:000000011600-000000178000,11.6,178.0,AI muudab üksikettevõtluse lihtsamaks,,,,
sentence3,2397177249,semantic-experiment:sentence3:bge:q70:v1:2397177249:000000178000-000000335560,178.0,335.56,AI muudab üksikettevõtluse lihtsamaks,,,,
sentence3,2397177249,semantic-experiment:sentence3:bge:q70:v1:2397177249:000000335560-000000398480,335.56,398.48,Unassigned,,,,
sentence3,2397177249,semantic-experiment:sentence3:bge:q70:v1:2397177249:000000398480-000000492640,398.48,492.64,AI mõju töökorraldusele ja tööturule,,,,
sentence3,2397177249,semantic-experiment:sentence3:bge:q70:v1:2397177249:000000492640-000000555760,492.64,555.76,AI mõju töökorraldusele ja tööturule,,,,
sentence3,2397177249,semantic-experiment:sentence3:bge:q70:v1:2397177249:000000555760-000000628600,555.76,628.6,Unassigned,,,,
sentence3,2397177249,semantic-experiment:sentence3:bge:q70:v1:2397177249:000000628600-000000757160,628.6,757.16,AI muudab üksikettevõtluse lihtsamaks,,,,
sentence3,2397177249,semantic-experiment:sentence3:bge:q70:v1:2397177249:000000757160-000000870920,757.16,870.92,AI kasutamine töö- ja loometekstide koostamisel,,,,
sentence3,2397177249,semantic-experiment:sentence3:bge:q70:v1:2397177249:000000870920-000000999680,870.92,999.68,AI mõju töökorraldusele ja tööturule,,,,
sentence3,2397177249,semantic-experiment:sentence3:bge:q70:v1:2397177249:000000999680-000001154160,999.68,1154.16,AI mõju töökorraldusele ja tööturule,,,,
sentence3,2397177249,semantic-experiment:sentence3:bge:q70:v1:2397177249:000001154160-000001222160,1154.16,1222.16,AI muudab üksikettevõtluse lihtsamaks,,,,
sentence3,2397177249,semantic-experiment:sentence3:bge:q70:v1:2397177249:000001222160-000001313920,1222.16,1313.92,AI muudab üksikettevõtluse lihtsamaks,,,,
sentence3,2397177249,semantic-experiment:sentence3:bge:q70:v1:2397177249:000001313920-000001444480,1313.92,1444.48,AI mõju töökorraldusele ja tööturule,,,,
sentence3,2397177249,semantic-experiment:sentence3:bge:q70:v1:2397177249:000001444480-000001500600,1444.48,1500.6,AI mõju töökorraldusele ja tööturule,,,,
sentence3,2397177249,semantic-experiment:sentence3:bge:q70:v1:2397177249:000001500600-000001629720,1500.6,1629.72,AI-agentide vastutus ja kontroll,,,,
sentence3,2397177249,semantic-experiment:sentence3:bge:q70:v1:2397177249:000001629720-000001795240,1629.72,1795.24,AI odava kasutuselevõtu ja eksporti,,,,
sentence3,2397177249,semantic-experiment:sentence3:bge:q70:v1:2397177249:000001795240-000001927440,1795.24,1927.44,Unassigned,,,,
sentence3,2397177249,semantic-experiment:sentence3:bge:q70:v1:2397177249:000001927440-000002049280,1927.44,2049.28,Startup-ökosüsteemi kogukond ja eeskujud,,,,
sentence3,2397177249,semantic-experiment:sentence3:bge:q70:v1:2397177249:000002049280-000002214480,2049.28,2214.48,AI muudab üksikettevõtluse lihtsamaks,,,,
sentence3,2397177249,semantic-experiment:sentence3:bge:q70:v1:2397177249:000002214480-000002275320,2214.48,2275.32,Unassigned,,,,
sentence3,2397177249,semantic-experiment:sentence3:bge:q70:v1:2397177249:000002275320-000002437600,2275.32,2437.6,AI odava kasutuselevõtu ja eksporti,,,,
sentence3,2397177249,semantic-experiment:sentence3:bge:q70:v1:2397177249:000002437600-000002503800,2437.6,2503.8,AI mõju töökorraldusele ja tööturule,,,,
sentence3,2397177249,semantic-experiment:sentence3:bge:q70:v1:2397177249:000002503800-000002572280,2503.8,2572.28,AI muudab üksikettevõtluse lihtsamaks,,,,
sentence3,2397177249,semantic-experiment:sentence3:bge:q70:v1:2397177249:000002572280-000002740200,2572.28,2740.2,AI muudab üksikettevõtluse lihtsamaks,,,,
sentence3,2397177249,semantic-experiment:sentence3:bge:q70:v1:2397177249:000002740200-000002863480,2740.2,2863.48,Unassigned,,,,
sentence3,2397177249,semantic-experiment:sentence3:bge:q70:v1:2397177249:000002863480-000002996920,2863.48,2996.92,AI muudab üksikettevõtluse lihtsamaks,,,,
sentence3,2397177249,semantic-experiment:sentence3:bge:q70:v1:2397177249:000002996920-000003132200,2996.92,3132.2,AI muudab üksikettevõtluse lihtsamaks,,,,
sentence3,2397177249,semantic-experiment:sentence3:bge:q70:v1:2397177249:000003132200-000003300000,3132.2,3300.0,AI muudab üksikettevõtluse lihtsamaks,,,,
sentence3,2397177249,semantic-experiment:sentence3:bge:q70:v1:2397177249:000003300000-000003394560,3300.0,3394.56,AI muudab üksikettevõtluse lihtsamaks,,,,
sentence3,2397177249,semantic-experiment:sentence3:bge:q70:v1:2397177249:000003394560-000003497680,3394.56,3497.68,Unassigned,,,,
sentence3,2397177249,semantic-experiment:sentence3:bge:q70:v1:2397177249:000003497680-000003565320,3497.68,3565.32,AI mõju töökorraldusele ja tööturule,,,,
sentence3,2397177249,semantic-experiment:sentence3:bge:q70:v1:2397177249:000003565320-000003707160,3565.32,3707.16,AI mõju töökorraldusele ja tööturule,,,,
sentence3,2397177249,semantic-experiment:sentence3:bge:q70:v1:2397177249:000003707160-000003752960,3707.16,3752.96,Unassigned,,,,
sentence3,2397177249,semantic-experiment:sentence3:bge:q70:v1:2397177249:000003752960-000003853480,3752.96,3853.48,AI mõju töökorraldusele ja tööturule,,,,
sentence3,2397177249,semantic-experiment:sentence3:bge:q70:v1:2397177249:000003853480-000003949840,3853.48,3949.84,AI mõju töökorraldusele ja tööturule,,,,
sentence3,2397177249,semantic-experiment:sentence3:bge:q70:v1:2397177249:000003949840-000004117240,3949.84,4117.24,AI muudab üksikettevõtluse lihtsamaks,,,,
sentence3,2397177249,semantic-experiment:sentence3:bge:q70:v1:2397177249:000004117240-000004179080,4117.24,4179.08,Unassigned,,,,
sentence3,2397177249,semantic-experiment:sentence3:bge:q70:v1:2397177249:000004179080-000004307960,4179.08,4307.96,Unassigned,,,,
sentence3,2397177249,semantic-experiment:sentence3:bge:q70:v1:2397177249:000004307960-000004373560,4307.96,4373.56,Unassigned,,,,
sentence3,2397177249,semantic-experiment:sentence3:bge:q70:v1:2397177249:000004373560-000004435280,4373.56,4435.28,Startup-ökosüsteemi kogukond ja eeskujud,,,,
sentence3,2397177249,semantic-experiment:sentence3:bge:q70:v1:2397177249:000004435280-000004509320,4435.28,4509.32,AI odava kasutuselevõtu ja eksporti,,,,
sentence3,2397177249,semantic-experiment:sentence3:bge:q70:v1:2397177249:000004509320-000004588360,4509.32,4588.36,AI odava kasutuselevõtu ja eksporti,,,,
sentence3,2397177249,semantic-experiment:sentence3:bge:q70:v1:2397177249:000004588360-000004759960,4588.36,4759.96,AI odava kasutuselevõtu ja eksporti,,,,
sentence3,2397177249,semantic-experiment:sentence3:bge:q70:v1:2397177249:000004759960-000004921920,4759.96,4921.92,Tehisintellekti kasutus kooliõppes,,,,
sentence3,2397177249,semantic-experiment:sentence3:bge:q70:v1:2397177249:000004921920-000004997960,4921.92,4997.96,AI muudab üksikettevõtluse lihtsamaks,,,,
sentence3,2397177249,semantic-experiment:sentence3:bge:q70:v1:2397177249:000004997960-000005052880,4997.96,5052.88,Eesti keele kvaliteet suurtes keelemudelites,,,,
sentence3,2397177249,semantic-experiment:sentence3:bge:q70:v1:2397177249:000005052880-000005149640,5052.88,5149.64,AI mõju töökorraldusele ja tööturule,,,,
sentence3,2397177249,semantic-experiment:sentence3:bge:q70:v1:2397177249:000005149640-000005283400,5149.64,5283.4,AI mõju töökorraldusele ja tööturule,,,,
sentence3,2397177249,semantic-experiment:sentence3:bge:q70:v1:2397177249:000005283400-000005345680,5283.4,5345.68,Unassigned,,,,
sentence3,2397177249,semantic-experiment:sentence3:bge:q70:v1:2397177249:000005345680-000005438960,5345.68,5438.96,andmejärelevalve ja tehisintellekti piirid,,,,
sentence3,2397177249,semantic-experiment:sentence3:bge:q70:v1:2397177249:000005438960-000005550720,5438.96,5550.72,andmejärelevalve ja tehisintellekti piirid,,,,
sentence3,2397177249,semantic-experiment:sentence3:bge:q70:v1:2397177249:000005550720-000005687252,5550.72,5687.252,Unassigned,,,,
sentence3,2400164916,semantic-experiment:sentence3:bge:q70:v1:2400164916:000000011800-000000138520,11.8,138.52,Õpetaja hoituse rollid alushariduses,,,,
sentence3,2400164916,semantic-experiment:sentence3:bge:q70:v1:2400164916:000000138520-000000207080,138.52,207.08,Unassigned,,,,
sentence3,2400164916,semantic-experiment:sentence3:bge:q70:v1:2400164916:000000207080-000000275240,207.08,275.24,Unassigned,,,,
sentence3,2400164916,semantic-experiment:sentence3:bge:q70:v1:2400164916:000000275240-000000344520,275.24,344.52,Unassigned,,,,
sentence3,2400164916,semantic-experiment:sentence3:bge:q70:v1:2400164916:000000344520-000000406520,344.52,406.52,Unassigned,,,,
sentence3,2400164916,semantic-experiment:sentence3:bge:q70:v1:2400164916:000000406520-000000575760,406.52,575.76,Õpetaja hoituse rollid alushariduses,,,,
sentence3,2400164916,semantic-experiment:sentence3:bge:q70:v1:2400164916:000000575760-000000634960,575.76,634.96,Õpetaja hoituse rollid alushariduses,,,,
sentence3,2400164916,semantic-experiment:sentence3:bge:q70:v1:2400164916:000000634960-000000744400,634.96,744.4,Õpetaja hoituse rollid alushariduses,,,,
sentence3,2400164916,semantic-experiment:sentence3:bge:q70:v1:2400164916:000000744400-000000839040,744.4,839.04,Õpetaja hoituse rollid alushariduses,,,,
sentence3,2400164916,semantic-experiment:sentence3:bge:q70:v1:2400164916:000000839040-000000907320,839.04,907.32,Õpetaja hoituse rollid alushariduses,,,,
sentence3,2400164916,semantic-experiment:sentence3:bge:q70:v1:2400164916:000000907320-000001069640,907.32,1069.64,Õpetaja hoituse rollid alushariduses,,,,
sentence3,2400164916,semantic-experiment:sentence3:bge:q70:v1:2400164916:000001069640-000001161840,1069.64,1161.84,Õpetaja hoituse rollid alushariduses,,,,
sentence3,2400164916,semantic-experiment:sentence3:bge:q70:v1:2400164916:000001161840-000001266880,1161.84,1266.88,Õpetaja hoituse rollid alushariduses,,,,
sentence3,2400164916,semantic-experiment:sentence3:bge:q70:v1:2400164916:000001266880-000001358480,1266.88,1358.48,lapsevanema kaasamine lasteaia koostöösse,,,,
sentence3,2400164916,semantic-experiment:sentence3:bge:q70:v1:2400164916:000001358480-000001462400,1358.48,1462.4,Õpetaja hoituse rollid alushariduses,,,,
sentence3,2400164916,semantic-experiment:sentence3:bge:q70:v1:2400164916:000001462400-000001620280,1462.4,1620.28,Õpetaja hoituse rollid alushariduses,,,,
sentence3,2400164916,semantic-experiment:sentence3:bge:q70:v1:2400164916:000001620280-000001712960,1620.28,1712.96,Õpetaja hoituse rollid alushariduses,,,,
sentence3,2400164916,semantic-experiment:sentence3:bge:q70:v1:2400164916:000001712960-000001845400,1712.96,1845.4,Õpetaja hoituse rollid alushariduses,,,,
sentence3,2400164916,semantic-experiment:sentence3:bge:q70:v1:2400164916:000001845400-000001947560,1845.4,1947.56,Õpetaja hoituse rollid alushariduses,,,,
sentence3,2400164916,semantic-experiment:sentence3:bge:q70:v1:2400164916:000001947560-000002100920,1947.56,2100.92,Õpetaja hoituse rollid alushariduses,,,,
sentence3,2400164916,semantic-experiment:sentence3:bge:q70:v1:2400164916:000002100920-000002171680,2100.92,2171.68,Õpetaja hoituse rollid alushariduses,,,,
sentence3,2400164916,semantic-experiment:sentence3:bge:q70:v1:2400164916:000002171680-000002346880,2171.68,2346.88,Õpetaja hoituse rollid alushariduses,,,,
sentence3,2400164916,semantic-experiment:sentence3:bge:q70:v1:2400164916:000002346880-000002469320,2346.88,2469.32,Alushariduse vastutus ja kvaliteet,,,,
sentence3,2400164916,semantic-experiment:sentence3:bge:q70:v1:2400164916:000002469320-000002534640,2469.32,2534.64,Õpetaja hoituse rollid alushariduses,,,,
sentence3,2400164916,semantic-experiment:sentence3:bge:q70:v1:2400164916:000002534640-000002632080,2534.64,2632.08,Unassigned,,,,
sentence3,2400164916,semantic-experiment:sentence3:bge:q70:v1:2400164916:000002632080-000002765480,2632.08,2765.48,Õpetaja hoituse rollid alushariduses,,,,
sentence3,2400164916,semantic-experiment:sentence3:bge:q70:v1:2400164916:000002765480-000002926480,2765.48,2926.48,Õpetaja hoituse rollid alushariduses,,,,
sentence3,2400164916,semantic-experiment:sentence3:bge:q70:v1:2400164916:000002926480-000003090400,2926.48,3090.4,Alushariduse vastutus ja kvaliteet,,,,
sentence3,2400164916,semantic-experiment:sentence3:bge:q70:v1:2400164916:000003090400-000003181920,3090.4,3181.92,Alushariduse vastutus ja kvaliteet,,,,
sentence3,2400164916,semantic-experiment:sentence3:bge:q70:v1:2400164916:000003181920-000003316040,3181.92,3316.04,Unassigned,,,,
sentence3,2400164916,semantic-experiment:sentence3:bge:q70:v1:2400164916:000003316040-000003393040,3316.04,3393.04,Alushariduse vastutus ja kvaliteet,,,,
sentence3,2400164916,semantic-experiment:sentence3:bge:q70:v1:2400164916:000003393040-000003536240,3393.04,3536.24,Õpetaja hoituse rollid alushariduses,,,,
sentence3,2400164916,semantic-experiment:sentence3:bge:q70:v1:2400164916:000003536240-000003610354,3536.24,3610.354,Unassigned,,,,
sentence3,2271676346,semantic-experiment:sentence3:bge:q70:v1:2271676346:000000011080-000000074560,11.08,74.56,Sooneutraalne ajateenistus ja reservi täitmine,,,,
sentence3,2271676346,semantic-experiment:sentence3:bge:q70:v1:2271676346:000000074560-000000206240,74.56,206.24,Unassigned,,,,
sentence3,2271676346,semantic-experiment:sentence3:bge:q70:v1:2271676346:000000206240-000000353720,206.24,353.72,Unassigned,,,,
sentence3,2271676346,semantic-experiment:sentence3:bge:q70:v1:2271676346:000000353720-000000492520,353.72,492.52,Sooneutraalne ajateenistus ja reservi täitmine,,,,
sentence3,2271676346,semantic-experiment:sentence3:bge:q70:v1:2271676346:000000492520-000000554280,492.52,554.28,Sooneutraalne ajateenistus ja reservi täitmine,,,,
sentence3,2271676346,semantic-experiment:sentence3:bge:q70:v1:2271676346:000000554280-000000692840,554.28,692.84,Kaitsekulude tõus ja hanked,,,,
sentence3,2271676346,semantic-experiment:sentence3:bge:q70:v1:2271676346:000000692840-000000789320,692.84,789.32,kihiline õhukaitse ja mehitamata võimed,,,,
sentence3,2271676346,semantic-experiment:sentence3:bge:q70:v1:2271676346:000000789320-000000889120,789.32,889.12,Sooneutraalne ajateenistus ja reservi täitmine,,,,
sentence3,2271676346,semantic-experiment:sentence3:bge:q70:v1:2271676346:000000889120-000000987000,889.12,987.0,Sooneutraalne ajateenistus ja reservi täitmine,,,,
sentence3,2271676346,semantic-experiment:sentence3:bge:q70:v1:2271676346:000000987000-000001091360,987.0,1091.36,Sooneutraalne ajateenistus ja reservi täitmine,,,,
sentence3,2271676346,semantic-experiment:sentence3:bge:q70:v1:2271676346:000001091360-000001181440,1091.36,1181.44,Sooneutraalne ajateenistus ja reservi täitmine,,,,
sentence3,2271676346,semantic-experiment:sentence3:bge:q70:v1:2271676346:000001181440-000001334480,1181.44,1334.48,Sooneutraalne ajateenistus ja reservi täitmine,,,,
sentence3,2271676346,semantic-experiment:sentence3:bge:q70:v1:2271676346:000001334480-000001398600,1334.48,1398.6,Sooneutraalne ajateenistus ja reservi täitmine,,,,
sentence3,2271676346,semantic-experiment:sentence3:bge:q70:v1:2271676346:000001398600-000001528520,1398.6,1528.52,Lai riigikaitse kodune ja kogukondlik valmisolek,,,,
sentence3,2271676346,semantic-experiment:sentence3:bge:q70:v1:2271676346:000001528520-000001598080,1528.52,1598.08,Sooneutraalne ajateenistus ja reservi täitmine,,,,
sentence3,2271676346,semantic-experiment:sentence3:bge:q70:v1:2271676346:000001598080-000001668120,1598.08,1668.12,Sooneutraalne ajateenistus ja reservi täitmine,,,,
sentence3,2271676346,semantic-experiment:sentence3:bge:q70:v1:2271676346:000001668120-000001772600,1668.12,1772.6,Juhi ja töötaja äärmused organisatsioonis,,,,
sentence3,2271676346,semantic-experiment:sentence3:bge:q70:v1:2271676346:000001772600-000001837880,1772.6,1837.88,Sooneutraalne ajateenistus ja reservi täitmine,,,,
sentence3,2271676346,semantic-experiment:sentence3:bge:q70:v1:2271676346:000001837880-000001905040,1837.88,1905.04,Sooneutraalne ajateenistus ja reservi täitmine,,,,
sentence3,2271676346,semantic-experiment:sentence3:bge:q70:v1:2271676346:000001905040-000002002600,1905.04,2002.6,Unassigned,,,,
sentence3,2271676346,semantic-experiment:sentence3:bge:q70:v1:2271676346:000002002600-000002094080,2002.6,2094.08,Sooneutraalne ajateenistus ja reservi täitmine,,,,
sentence3,2271676346,semantic-experiment:sentence3:bge:q70:v1:2271676346:000002094080-000002193560,2094.08,2193.56,Unassigned,,,,
sentence3,2271676346,semantic-experiment:sentence3:bge:q70:v1:2271676346:000002193560-000002294880,2193.56,2294.88,Sooneutraalne ajateenistus ja reservi täitmine,,,,
sentence3,2271676346,semantic-experiment:sentence3:bge:q70:v1:2271676346:000002294880-000002476800,2294.88,2476.8,Sooneutraalne ajateenistus ja reservi täitmine,,,,
sentence3,2271676346,semantic-experiment:sentence3:bge:q70:v1:2271676346:000002476800-000002538680,2476.8,2538.68,Sooneutraalne ajateenistus ja reservi täitmine,,,,
sentence3,2271676346,semantic-experiment:sentence3:bge:q70:v1:2271676346:000002538680-000002632560,2538.68,2632.56,Sooneutraalne ajateenistus ja reservi täitmine,,,,
sentence3,2271676346,semantic-experiment:sentence3:bge:q70:v1:2271676346:000002632560-000002740960,2632.56,2740.96,Sooneutraalne ajateenistus ja reservi täitmine,,,,
sentence3,2271676346,semantic-experiment:sentence3:bge:q70:v1:2271676346:000002740960-000002836600,2740.96,2836.6,Sooneutraalne ajateenistus ja reservi täitmine,,,,
sentence3,2271676346,semantic-experiment:sentence3:bge:q70:v1:2271676346:000002836600-000002980160,2836.6,2980.16,Sooneutraalne ajateenistus ja reservi täitmine,,,,
sentence3,2271676346,semantic-experiment:sentence3:bge:q70:v1:2271676346:000002980160-000003041040,2980.16,3041.04,Sooneutraalne ajateenistus ja reservi täitmine,,,,
sentence3,2271676346,semantic-experiment:sentence3:bge:q70:v1:2271676346:000003041040-000003169600,3041.04,3169.6,Sooneutraalne ajateenistus ja reservi täitmine,,,,
sentence3,2271676346,semantic-experiment:sentence3:bge:q70:v1:2271676346:000003169600-000003298000,3169.6,3298.0,Lai riigikaitse kodune ja kogukondlik valmisolek,,,,
sentence3,2271676346,semantic-experiment:sentence3:bge:q70:v1:2271676346:000003298000-000003426400,3298.0,3426.4,Lai riigikaitse kodune ja kogukondlik valmisolek,,,,
sentence3,2271676346,semantic-experiment:sentence3:bge:q70:v1:2271676346:000003426400-000003500280,3426.4,3500.28,Sooneutraalne ajateenistus ja reservi täitmine,,,,
sentence3,2271676346,semantic-experiment:sentence3:bge:q70:v1:2271676346:000003500280-000003670200,3500.28,3670.2,Sooneutraalne ajateenistus ja reservi täitmine,,,,
sentence3,2271676346,semantic-experiment:sentence3:bge:q70:v1:2271676346:000003670200-000003757920,3670.2,3757.92,Sooneutraalne ajateenistus ja reservi täitmine,,,,
sentence3,2271676346,semantic-experiment:sentence3:bge:q70:v1:2271676346:000003757920-000003860600,3757.92,3860.6,naiste ajateenistuse laiendamine riigikaitses,,,,
sentence3,2271676346,semantic-experiment:sentence3:bge:q70:v1:2271676346:000003860600-000003940480,3860.6,3940.48,Sooneutraalne ajateenistus ja reservi täitmine,,,,
sentence3,2271676346,semantic-experiment:sentence3:bge:q70:v1:2271676346:000003940480-000004070480,3940.48,4070.48,Sooneutraalne ajateenistus ja reservi täitmine,,,,
sentence3,2271676346,semantic-experiment:sentence3:bge:q70:v1:2271676346:000004070480-000004259360,4070.48,4259.36,Inseneeriaõppe ja tehnikahariduse järelkasv,,,,
sentence3,2271676346,semantic-experiment:sentence3:bge:q70:v1:2271676346:000004259360-000004365800,4259.36,4365.8,kihiline õhukaitse ja mehitamata võimed,,,,
sentence3,2271676346,semantic-experiment:sentence3:bge:q70:v1:2271676346:000004365800-000004526120,4365.8,4526.12,kihiline õhukaitse ja mehitamata võimed,,,,
sentence3,2271676346,semantic-experiment:sentence3:bge:q70:v1:2271676346:000004526120-000004592240,4526.12,4592.24,kihiline õhukaitse ja mehitamata võimed,,,,
sentence3,2271676346,semantic-experiment:sentence3:bge:q70:v1:2271676346:000004592240-000004696600,4592.24,4696.6,Unassigned,,,,
sentence3,2271676346,semantic-experiment:sentence3:bge:q70:v1:2271676346:000004696600-000004836160,4696.6,4836.16,Lai riigikaitse kodune ja kogukondlik valmisolek,,,,
sentence3,2271676346,semantic-experiment:sentence3:bge:q70:v1:2271676346:000004836160-000004894840,4836.16,4894.84,Lai riigikaitse kodune ja kogukondlik valmisolek,,,,
sentence3,2271676346,semantic-experiment:sentence3:bge:q70:v1:2271676346:000004894840-000004994840,4894.84,4994.84,Unassigned,,,,
sentence3,2271676346,semantic-experiment:sentence3:bge:q70:v1:2271676346:000004994840-000005102640,4994.84,5102.64,Sooneutraalne ajateenistus ja reservi täitmine,,,,
sentence3,2271676346,semantic-experiment:sentence3:bge:q70:v1:2271676346:000005102640-000005269760,5102.64,5269.76,Lai riigikaitse kodune ja kogukondlik valmisolek,,,,
sentence3,2271676346,semantic-experiment:sentence3:bge:q70:v1:2271676346:000005269760-000005419640,5269.76,5419.64,Unassigned,,,,
sentence3,2271676346,semantic-experiment:sentence3:bge:q70:v1:2271676346:000005419640-000005484160,5419.64,5484.16,Lai riigikaitse kodune ja kogukondlik valmisolek,,,,
sentence3,2271676346,semantic-experiment:sentence3:bge:q70:v1:2271676346:000005484160-000005572624,5484.16,5572.624,Sooneutraalne ajateenistus ja reservi täitmine,,,,
sentence5,2397177249,semantic-experiment:sentence5:bge:q70:v1:2397177249:000000011600-000000178000,11.6,178.0,AI muudab üksikettevõtluse lihtsamaks,,,,
sentence5,2397177249,semantic-experiment:sentence5:bge:q70:v1:2397177249:000000178000-000000398480,178.0,398.48,AI muudab üksikettevõtluse lihtsamaks,,,,
sentence5,2397177249,semantic-experiment:sentence5:bge:q70:v1:2397177249:000000398480-000000492640,398.48,492.64,AI mõju töökorraldusele ja tööturule,,,,
sentence5,2397177249,semantic-experiment:sentence5:bge:q70:v1:2397177249:000000492640-000000555760,492.64,555.76,AI mõju töökorraldusele ja tööturule,,,,
sentence5,2397177249,semantic-experiment:sentence5:bge:q70:v1:2397177249:000000555760-000000628600,555.76,628.6,Unassigned,,,,
sentence5,2397177249,semantic-experiment:sentence5:bge:q70:v1:2397177249:000000628600-000000870920,628.6,870.92,AI muudab üksikettevõtluse lihtsamaks,,,,
sentence5,2397177249,semantic-experiment:sentence5:bge:q70:v1:2397177249:000000870920-000000999680,870.92,999.68,AI mõju töökorraldusele ja tööturule,,,,
sentence5,2397177249,semantic-experiment:sentence5:bge:q70:v1:2397177249:000000999680-000001154160,999.68,1154.16,AI mõju töökorraldusele ja tööturule,,,,
sentence5,2397177249,semantic-experiment:sentence5:bge:q70:v1:2397177249:000001154160-000001222160,1154.16,1222.16,AI muudab üksikettevõtluse lihtsamaks,,,,
sentence5,2397177249,semantic-experiment:sentence5:bge:q70:v1:2397177249:000001222160-000001500600,1222.16,1500.6,AI muudab üksikettevõtluse lihtsamaks,,,,
sentence5,2397177249,semantic-experiment:sentence5:bge:q70:v1:2397177249:000001500600-000001629720,1500.6,1629.72,AI-agentide vastutus ja kontroll,,,,
sentence5,2397177249,semantic-experiment:sentence5:bge:q70:v1:2397177249:000001629720-000001795240,1629.72,1795.24,AI odava kasutuselevõtu ja eksporti,,,,
sentence5,2397177249,semantic-experiment:sentence5:bge:q70:v1:2397177249:000001795240-000001927440,1795.24,1927.44,Unassigned,,,,
sentence5,2397177249,semantic-experiment:sentence5:bge:q70:v1:2397177249:000001927440-000002214480,1927.44,2214.48,AI muudab üksikettevõtluse lihtsamaks,,,,
sentence5,2397177249,semantic-experiment:sentence5:bge:q70:v1:2397177249:000002214480-000002275320,2214.48,2275.32,Unassigned,,,,
sentence5,2397177249,semantic-experiment:sentence5:bge:q70:v1:2397177249:000002275320-000002437600,2275.32,2437.6,AI odava kasutuselevõtu ja eksporti,,,,
sentence5,2397177249,semantic-experiment:sentence5:bge:q70:v1:2397177249:000002437600-000002503800,2437.6,2503.8,AI mõju töökorraldusele ja tööturule,,,,
sentence5,2397177249,semantic-experiment:sentence5:bge:q70:v1:2397177249:000002503800-000002740200,2503.8,2740.2,AI muudab üksikettevõtluse lihtsamaks,,,,
sentence5,2397177249,semantic-experiment:sentence5:bge:q70:v1:2397177249:000002740200-000002863480,2740.2,2863.48,Unassigned,,,,
sentence5,2397177249,semantic-experiment:sentence5:bge:q70:v1:2397177249:000002863480-000003132200,2863.48,3132.2,AI muudab üksikettevõtluse lihtsamaks,,,,
sentence5,2397177249,semantic-experiment:sentence5:bge:q70:v1:2397177249:000003132200-000003300000,3132.2,3300.0,AI muudab üksikettevõtluse lihtsamaks,,,,
sentence5,2397177249,semantic-experiment:sentence5:bge:q70:v1:2397177249:000003300000-000003394560,3300.0,3394.56,AI muudab üksikettevõtluse lihtsamaks,,,,
sentence5,2397177249,semantic-experiment:sentence5:bge:q70:v1:2397177249:000003394560-000003497680,3394.56,3497.68,Unassigned,,,,
sentence5,2397177249,semantic-experiment:sentence5:bge:q70:v1:2397177249:000003497680-000003707160,3497.68,3707.16,AI mõju töökorraldusele ja tööturule,,,,
sentence5,2397177249,semantic-experiment:sentence5:bge:q70:v1:2397177249:000003707160-000003752960,3707.16,3752.96,Unassigned,,,,
sentence5,2397177249,semantic-experiment:sentence5:bge:q70:v1:2397177249:000003752960-000003949840,3752.96,3949.84,AI mõju töökorraldusele ja tööturule,,,,
sentence5,2397177249,semantic-experiment:sentence5:bge:q70:v1:2397177249:000003949840-000004117240,3949.84,4117.24,AI muudab üksikettevõtluse lihtsamaks,,,,
sentence5,2397177249,semantic-experiment:sentence5:bge:q70:v1:2397177249:000004117240-000004373560,4117.24,4373.56,Unassigned,,,,
sentence5,2397177249,semantic-experiment:sentence5:bge:q70:v1:2397177249:000004373560-000004435280,4373.56,4435.28,Startup-ökosüsteemi kogukond ja eeskujud,,,,
sentence5,2397177249,semantic-experiment:sentence5:bge:q70:v1:2397177249:000004435280-000004509320,4435.28,4509.32,AI odava kasutuselevõtu ja eksporti,,,,
sentence5,2397177249,semantic-experiment:sentence5:bge:q70:v1:2397177249:000004509320-000004588360,4509.32,4588.36,AI odava kasutuselevõtu ja eksporti,,,,
sentence5,2397177249,semantic-experiment:sentence5:bge:q70:v1:2397177249:000004588360-000004759960,4588.36,4759.96,AI odava kasutuselevõtu ja eksporti,,,,
sentence5,2397177249,semantic-experiment:sentence5:bge:q70:v1:2397177249:000004759960-000004997960,4759.96,4997.96,Tehisintellekti kasutus kooliõppes,,,,
sentence5,2397177249,semantic-experiment:sentence5:bge:q70:v1:2397177249:000004997960-000005052880,4997.96,5052.88,Eesti keele kvaliteet suurtes keelemudelites,,,,
sentence5,2397177249,semantic-experiment:sentence5:bge:q70:v1:2397177249:000005052880-000005283400,5052.88,5283.4,AI muudab üksikettevõtluse lihtsamaks,,,,
sentence5,2397177249,semantic-experiment:sentence5:bge:q70:v1:2397177249:000005283400-000005345680,5283.4,5345.68,Unassigned,,,,
sentence5,2397177249,semantic-experiment:sentence5:bge:q70:v1:2397177249:000005345680-000005550720,5345.68,5550.72,andmejärelevalve ja tehisintellekti piirid,,,,
sentence5,2397177249,semantic-experiment:sentence5:bge:q70:v1:2397177249:000005550720-000005687252,5550.72,5687.252,Unassigned,,,,
sentence5,2400164916,semantic-experiment:sentence5:bge:q70:v1:2400164916:000000011800-000000207080,11.8,207.08,Õpetaja hoituse rollid alushariduses,,,,
sentence5,2400164916,semantic-experiment:sentence5:bge:q70:v1:2400164916:000000207080-000000275240,207.08,275.24,Unassigned,,,,
sentence5,2400164916,semantic-experiment:sentence5:bge:q70:v1:2400164916:000000275240-000000344520,275.24,344.52,Unassigned,,,,
sentence5,2400164916,semantic-experiment:sentence5:bge:q70:v1:2400164916:000000344520-000000406520,344.52,406.52,Unassigned,,,,
sentence5,2400164916,semantic-experiment:sentence5:bge:q70:v1:2400164916:000000406520-000000634960,406.52,634.96,Õpetaja hoituse rollid alushariduses,,,,
sentence5,2400164916,semantic-experiment:sentence5:bge:q70:v1:2400164916:000000634960-000000839040,634.96,839.04,Õpetaja hoituse rollid alushariduses,,,,
sentence5,2400164916,semantic-experiment:sentence5:bge:q70:v1:2400164916:000000839040-000000907320,839.04,907.32,Õpetaja hoituse rollid alushariduses,,,,
sentence5,2400164916,semantic-experiment:sentence5:bge:q70:v1:2400164916:000000907320-000001069640,907.32,1069.64,Õpetaja hoituse rollid alushariduses,,,,
sentence5,2400164916,semantic-experiment:sentence5:bge:q70:v1:2400164916:000001069640-000001161840,1069.64,1161.84,Õpetaja hoituse rollid alushariduses,,,,
sentence5,2400164916,semantic-experiment:sentence5:bge:q70:v1:2400164916:000001161840-000001358480,1161.84,1358.48,Õpetaja hoituse rollid alushariduses,,,,
sentence5,2400164916,semantic-experiment:sentence5:bge:q70:v1:2400164916:000001358480-000001620280,1358.48,1620.28,Õpetaja hoituse rollid alushariduses,,,,
sentence5,2400164916,semantic-experiment:sentence5:bge:q70:v1:2400164916:000001620280-000001712960,1620.28,1712.96,Õpetaja hoituse rollid alushariduses,,,,
sentence5,2400164916,semantic-experiment:sentence5:bge:q70:v1:2400164916:000001712960-000001845400,1712.96,1845.4,Õpetaja hoituse rollid alushariduses,,,,
sentence5,2400164916,semantic-experiment:sentence5:bge:q70:v1:2400164916:000001845400-000002133960,1845.4,2133.96,Õpetaja hoituse rollid alushariduses,,,,
sentence5,2400164916,semantic-experiment:sentence5:bge:q70:v1:2400164916:000002133960-000002346880,2133.96,2346.88,Õpetaja hoituse rollid alushariduses,,,,
sentence5,2400164916,semantic-experiment:sentence5:bge:q70:v1:2400164916:000002346880-000002469320,2346.88,2469.32,Alushariduse vastutus ja kvaliteet,,,,
sentence5,2400164916,semantic-experiment:sentence5:bge:q70:v1:2400164916:000002469320-000002534640,2469.32,2534.64,Õpetaja hoituse rollid alushariduses,,,,
sentence5,2400164916,semantic-experiment:sentence5:bge:q70:v1:2400164916:000002534640-000002632080,2534.64,2632.08,Unassigned,,,,
sentence5,2400164916,semantic-experiment:sentence5:bge:q70:v1:2400164916:000002632080-000002765480,2632.08,2765.48,Õpetaja hoituse rollid alushariduses,,,,
sentence5,2400164916,semantic-experiment:sentence5:bge:q70:v1:2400164916:000002765480-000002926480,2765.48,2926.48,Õpetaja hoituse rollid alushariduses,,,,
sentence5,2400164916,semantic-experiment:sentence5:bge:q70:v1:2400164916:000002926480-000003090400,2926.48,3090.4,Alushariduse vastutus ja kvaliteet,,,,
sentence5,2400164916,semantic-experiment:sentence5:bge:q70:v1:2400164916:000003090400-000003181920,3090.4,3181.92,Alushariduse vastutus ja kvaliteet,,,,
sentence5,2400164916,semantic-experiment:sentence5:bge:q70:v1:2400164916:000003181920-000003316040,3181.92,3316.04,Unassigned,,,,
sentence5,2400164916,semantic-experiment:sentence5:bge:q70:v1:2400164916:000003316040-000003610354,3316.04,3610.354,Õpetaja hoituse rollid alushariduses,,,,
sentence5,2271676346,semantic-experiment:sentence5:bge:q70:v1:2271676346:000000011080-000000206240,11.08,206.24,Sooneutraalne ajateenistus ja reservi täitmine,,,,
sentence5,2271676346,semantic-experiment:sentence5:bge:q70:v1:2271676346:000000206240-000000353720,206.24,353.72,Unassigned,,,,
sentence5,2271676346,semantic-experiment:sentence5:bge:q70:v1:2271676346:000000353720-000000554280,353.72,554.28,Sooneutraalne ajateenistus ja reservi täitmine,,,,
sentence5,2271676346,semantic-experiment:sentence5:bge:q70:v1:2271676346:000000554280-000000692840,554.28,692.84,Kaitsekulude tõus ja hanked,,,,
sentence5,2271676346,semantic-experiment:sentence5:bge:q70:v1:2271676346:000000692840-000000889120,692.84,889.12,kihiline õhukaitse ja mehitamata võimed,,,,
sentence5,2271676346,semantic-experiment:sentence5:bge:q70:v1:2271676346:000000889120-000000987000,889.12,987.0,Sooneutraalne ajateenistus ja reservi täitmine,,,,
sentence5,2271676346,semantic-experiment:sentence5:bge:q70:v1:2271676346:000000987000-000001181440,987.0,1181.44,Sooneutraalne ajateenistus ja reservi täitmine,,,,
sentence5,2271676346,semantic-experiment:sentence5:bge:q70:v1:2271676346:000001181440-000001334480,1181.44,1334.48,Sooneutraalne ajateenistus ja reservi täitmine,,,,
sentence5,2271676346,semantic-experiment:sentence5:bge:q70:v1:2271676346:000001334480-000001598080,1334.48,1598.08,Lai riigikaitse kodune ja kogukondlik valmisolek,,,,
sentence5,2271676346,semantic-experiment:sentence5:bge:q70:v1:2271676346:000001598080-000001668120,1598.08,1668.12,Sooneutraalne ajateenistus ja reservi täitmine,,,,
sentence5,2271676346,semantic-experiment:sentence5:bge:q70:v1:2271676346:000001668120-000001772600,1668.12,1772.6,Juhi ja töötaja äärmused organisatsioonis,,,,
sentence5,2271676346,semantic-experiment:sentence5:bge:q70:v1:2271676346:000001772600-000001837880,1772.6,1837.88,Sooneutraalne ajateenistus ja reservi täitmine,,,,
sentence5,2271676346,semantic-experiment:sentence5:bge:q70:v1:2271676346:000001837880-000002094080,1837.88,2094.08,Sooneutraalne ajateenistus ja reservi täitmine,,,,
sentence5,2271676346,semantic-experiment:sentence5:bge:q70:v1:2271676346:000002094080-000002193560,2094.08,2193.56,Unassigned,,,,
sentence5,2271676346,semantic-experiment:sentence5:bge:q70:v1:2271676346:000002193560-000002476800,2193.56,2476.8,Sooneutraalne ajateenistus ja reservi täitmine,,,,
sentence5,2271676346,semantic-experiment:sentence5:bge:q70:v1:2271676346:000002476800-000002538680,2476.8,2538.68,Sooneutraalne ajateenistus ja reservi täitmine,,,,
sentence5,2271676346,semantic-experiment:sentence5:bge:q70:v1:2271676346:000002538680-000002632560,2538.68,2632.56,Sooneutraalne ajateenistus ja reservi täitmine,,,,
sentence5,2271676346,semantic-experiment:sentence5:bge:q70:v1:2271676346:000002632560-000002740960,2632.56,2740.96,Sooneutraalne ajateenistus ja reservi täitmine,,,,
sentence5,2271676346,semantic-experiment:sentence5:bge:q70:v1:2271676346:000002740960-000003041040,2740.96,3041.04,Sooneutraalne ajateenistus ja reservi täitmine,,,,
sentence5,2271676346,semantic-experiment:sentence5:bge:q70:v1:2271676346:000003041040-000003169600,3041.04,3169.6,Sooneutraalne ajateenistus ja reservi täitmine,,,,
sentence5,2271676346,semantic-experiment:sentence5:bge:q70:v1:2271676346:000003169600-000003298000,3169.6,3298.0,Lai riigikaitse kodune ja kogukondlik valmisolek,,,,
sentence5,2271676346,semantic-experiment:sentence5:bge:q70:v1:2271676346:000003298000-000003426400,3298.0,3426.4,Lai riigikaitse kodune ja kogukondlik valmisolek,,,,
sentence5,2271676346,semantic-experiment:sentence5:bge:q70:v1:2271676346:000003426400-000003670200,3426.4,3670.2,Sooneutraalne ajateenistus ja reservi täitmine,,,,
sentence5,2271676346,semantic-experiment:sentence5:bge:q70:v1:2271676346:000003670200-000003860600,3670.2,3860.6,Sooneutraalne ajateenistus ja reservi täitmine,,,,
sentence5,2271676346,semantic-experiment:sentence5:bge:q70:v1:2271676346:000003860600-000003940480,3860.6,3940.48,Sooneutraalne ajateenistus ja reservi täitmine,,,,
sentence5,2271676346,semantic-experiment:sentence5:bge:q70:v1:2271676346:000003940480-000004070480,3940.48,4070.48,Sooneutraalne ajateenistus ja reservi täitmine,,,,
sentence5,2271676346,semantic-experiment:sentence5:bge:q70:v1:2271676346:000004070480-000004259360,4070.48,4259.36,Inseneeriaõppe ja tehnikahariduse järelkasv,,,,
sentence5,2271676346,semantic-experiment:sentence5:bge:q70:v1:2271676346:000004259360-000004365800,4259.36,4365.8,kihiline õhukaitse ja mehitamata võimed,,,,
sentence5,2271676346,semantic-experiment:sentence5:bge:q70:v1:2271676346:000004365800-000004592240,4365.8,4592.24,kihiline õhukaitse ja mehitamata võimed,,,,
sentence5,2271676346,semantic-experiment:sentence5:bge:q70:v1:2271676346:000004592240-000004696600,4592.24,4696.6,Unassigned,,,,
sentence5,2271676346,semantic-experiment:sentence5:bge:q70:v1:2271676346:000004696600-000004836160,4696.6,4836.16,Lai riigikaitse kodune ja kogukondlik valmisolek,,,,
sentence5,2271676346,semantic-experiment:sentence5:bge:q70:v1:2271676346:000004836160-000004894840,4836.16,4894.84,Lai riigikaitse kodune ja kogukondlik valmisolek,,,,
sentence5,2271676346,semantic-experiment:sentence5:bge:q70:v1:2271676346:000004894840-000005102640,4894.84,5102.64,Unassigned,,,,
sentence5,2271676346,semantic-experiment:sentence5:bge:q70:v1:2271676346:000005102640-000005269760,5102.64,5269.76,Lai riigikaitse kodune ja kogukondlik valmisolek,,,,
sentence5,2271676346,semantic-experiment:sentence5:bge:q70:v1:2271676346:000005269760-000005419640,5269.76,5419.64,Unassigned,,,,
sentence5,2271676346,semantic-experiment:sentence5:bge:q70:v1:2271676346:000005419640-000005484160,5419.64,5484.16,Lai riigikaitse kodune ja kogukondlik valmisolek,,,,
sentence5,2271676346,semantic-experiment:sentence5:bge:q70:v1:2271676346:000005484160-000005572624,5484.16,5572.624,Sooneutraalne ajateenistus ja reservi täitmine,,,,
