episode_id,title,topic_id,passage_count,covered_seconds,fraction_of_analyzed_talk
2247188684,Kas kiirustades elad kauem?,4,31,5197.921,1.0
2247188687,Kes koristab?!,-1,6,1054.36,0.1954053898275997
2247188687,Kes koristab?!,21,1,185.6000000000004,0.034397397807203
2247188687,Kes koristab?!,61,3,529.8800000000001,0.0982030880931072
2247188687,Kes koristab?!,126,21,3545.757000000001,0.6571380067708759
2247188687,Kes koristab?!,131,1,182.96000000000004,0.0339081244763246
2247188690,Kas kõik on kiusamine?,-1,5,918.1999999999994,0.1752887529986364
2247188690,Kas kõik on kiusamine?,5,22,3889.174,0.7424618390924845
2247188690,Kas kõik on kiusamine?,72,1,184.44000000000003,0.0352104744097893
2247188690,Kas kõik on kiusamine?,146,2,353.5999999999999,0.0675039240473947
2247188693,Töökius otse laval,-1,2,366.9999999999996,0.0685283216162973
2247188693,Töökius otse laval,5,28,4882.849999999999,0.9117534474227188
2247188693,Töökius otse laval,16,1,180.0000000000001,0.0336106209562221
2247188696,Juhi võim versus töötaja julgus,-1,7,1270.9599999999998,0.2411354326373324
2247188696,Juhi võim versus töötaja julgus,72,22,3780.931,0.7173447098704144
2247188696,Juhi võim versus töötaja julgus,137,2,384.48,0.0729462383870472
2247188699,Õpiamps kui osa tööst,-1,3,554.9200000000001,0.1014545190609332
2247188699,Õpiamps kui osa tööst,71,26,4489.442999999999,0.8207926915888294
2247188699,Õpiamps kui osa tööst,146,3,533.5199999999998,0.0975420150821543
2247188702,Kuidas juhtida riiki? Visiooni põhjal? Väärtuste põhjal?,23,25,4325.735,0.8982576762025003
2247188702,Kuidas juhtida riiki? Visiooni põhjal? Väärtuste põhjal?,24,1,183.76000000000025,0.0381585627827344
2247188702,Kuidas juhtida riiki? Visiooni põhjal? Väärtuste põhjal?,136,2,354.0400000000004,0.0735179449695216
2247188705,Kas töötaja on alati nõrgem osapool?,-1,8,1425.36,0.2582412505503226
2247188705,Kas töötaja on alati nõrgem osapool?,5,2,370.4399999999998,0.0671148964850013
2247188705,Kas töötaja on alati nõrgem osapool?,16,21,3696.5699999999993,0.6697303555219775
2247188705,Kas töötaja on alati nõrgem osapool?,137,1,181.07999999999996,0.0328073789426196
2247188708,Disainime tööd,-1,11,1927.0410000000008,0.3726399888925867
2247188708,Disainime tööd,72,4,702.6800000000001,0.1358801745240723
2247188708,Disainime tööd,146,14,2523.52,0.4879836312617221
2247188708,Disainime tööd,183,1,182.8800000000001,0.0353642715275265
2250797864,Kuidas luua hoolivamat ühiskonda_ Pihlakodu juhtumist edasi!,-1,3,538.3600000000001,0.0888737306612224
2250797864,Kuidas luua hoolivamat ühiskonda_ Pihlakodu juhtumist edasi!,23,1,181.76000000000025,0.0300053668270001
2250797864,Kuidas luua hoolivamat ühiskonda_ Pihlakodu juhtumist edasi!,103,24,4394.183000000001,0.725402029159155
2250797864,Kuidas luua hoolivamat ühiskonda_ Pihlakodu juhtumist edasi!,181,6,1032.04,0.1703715821970578
2250797867,"Loodus, majandus ja julgeolek. Kas valida tuleb ainult kaks_",-1,13,2283.5250000000005,0.4330102463115839
2250797867,"Loodus, majandus ja julgeolek. Kas valida tuleb ainult kaks_",1,3,537.1600000000003,0.1018582165330926
2250797867,"Loodus, majandus ja julgeolek. Kas valida tuleb ainult kaks_",18,8,1386.2799999999995,0.2628714133879954
2250797867,"Loodus, majandus ja julgeolek. Kas valida tuleb ainult kaks_",83,3,537.3599999999999,0.101896141254417
2250797867,"Loodus, majandus ja julgeolek. Kas valida tuleb ainult kaks_",131,1,182.0,0.0345114964052104
2250797867,"Loodus, majandus ja julgeolek. Kas valida tuleb ainult kaks_",135,1,181.40000000000052,0.0343977222412373
2250797867,"Loodus, majandus ja julgeolek. Kas valida tuleb ainult kaks_",197,2,353.67999999999984,0.0670660771900815
2250797870,Noored ja äärmuslus. Mida saame teha_,-1,3,608.3199999999993,0.1189451517219397
2250797870,Noored ja äärmuslus. Mida saame teha_,9,24,4579.41,0.8954146127810507
2250797873,Vasakpoolsus Eestis. Kas turumõtlemine on piisav_,19,33,5653.766,1.0
2250797876,Kas öko-eluviis on ainult rikastele_,-1,6,1166.6419999999994,0.2405525788262791
2250797876,Kas öko-eluviis on ainult rikastele_,18,1,184.44000000000003,0.0380301048982626
2250797876,Kas öko-eluviis on ainult rikastele_,130,19,3407.6400000000003,0.7026290753389494
2250797876,Kas öko-eluviis on ainult rikastele_,131,1,193.7199999999998,0.0399435692956594
2250797879,Looduskaitse ja riigikaitse – teineteist võimendavad jõud_,-1,4,765.4399999999994,0.1456830195272418
2250797879,Looduskaitse ja riigikaitse – teineteist võimendavad jõud_,1,1,180.12000000000037,0.034281492314547
2250797879,Looduskaitse ja riigikaitse – teineteist võimendavad jõud_,26,1,181.6000000000001,0.0345631745742934
2250797879,Looduskaitse ja riigikaitse – teineteist võimendavad jõud_,106,24,4242.707,0.8074968210824708
2250797882,Meedia roll progressiivsete teemade kajastamisel,-1,3,538.8399999999999,0.1086817746246894
2250797882,Meedia roll progressiivsete teemade kajastamisel,6,24,4296.960999999999,0.8666790642362857
2250797882,Meedia roll progressiivsete teemade kajastamisel,15,1,196.84000000000012,0.0397018048346891
2250797888,Rohkem kui kondoom ja video. Seksuaalhariduse tulevik Eestis,-1,5,880.6399999999999,0.1690111111217732
2250797888,Rohkem kui kondoom ja video. Seksuaalhariduse tulevik Eestis,33,1,100.98500000000058,0.0193808900988285
2250797888,Rohkem kui kondoom ja video. Seksuaalhariduse tulevik Eestis,55,1,182.48000000000047,0.0350212885600259
2250797888,Rohkem kui kondoom ja video. Seksuaalhariduse tulevik Eestis,96,24,4127.08,0.7920630183598835
2254333406,"Kuhu pöörad, rohepööre_",-1,5,940.4800000000008,0.1640681246972177
2254333406,"Kuhu pöörad, rohepööre_",1,23,4224.612999999999,0.7369899758437038
2254333406,"Kuhu pöörad, rohepööre_",184,3,539.76,0.0941619290006913
2254333406,"Kuhu pöörad, rohepööre_",191,1,185.44000000000003,0.0323502818176378
2254333409,Kust tuleb raha aastal 2040_,-1,14,2393.68,0.4543018303561261
2254333409,Kust tuleb raha aastal 2040_,18,6,1082.88,0.2055221943016785
2254333409,Kust tuleb raha aastal 2040_,91,1,182.75999999999976,0.0346864253015797
2254333409,Kust tuleb raha aastal 2040_,104,2,353.1200000000001,0.0670194271311768
2254333409,Kust tuleb raha aastal 2040_,167,1,181.64000000000036,0.0344738580202395
2254333409,Kust tuleb raha aastal 2040_,180,1,181.2400000000007,0.0343979411340465
2254333409,Kust tuleb raha aastal 2040_,184,4,772.5999999999997,0.1466334656817715
2254333409,Kust tuleb raha aastal 2040_,198,2,374.0400000000001,0.0709898802790705
2254333412,Millist väliruumi ootame oma linnadesse_ LIFE Tartu ROHEringiga.alp,-1,6,1109.12,0.1964230434379133
2254333412,Millist väliruumi ootame oma linnadesse_ LIFE Tartu ROHEringiga.alp,8,3,512.2679999999991,0.0907216889208136
2254333412,Millist väliruumi ootame oma linnadesse_ LIFE Tartu ROHEringiga.alp,89,23,4111.48,0.7281352916132715
2254333415,Hakkab looma! Unistades loome Eesti tulevikku,-1,5,876.24,0.1708916972113667
2254333415,Hakkab looma! Unistades loome Eesti tulevikku,105,24,4143.5380000000005,0.8081076432025381
2254333415,Hakkab looma! Unistades loome Eesti tulevikku,130,1,181.48,0.0353937565163868
2258666735,Milliseid lasteraamatuid tahame – lastega ja lastele,-1,2,372.859,1.0
2258666738,Mitmekultuuriline maailm Eesti koolis,-1,3,544.2660000000005,0.1039773684650928
2258666738,Mitmekultuuriline maailm Eesti koolis,88,25,4570.52,0.8731587902185245
2258666738,Mitmekultuuriline maailm Eesti koolis,118,1,180.4000000000001,0.0344638784548414
2258666741,Me paneme selle muuseumi kinni!,94,24,4204.613,1.0
2258666744,Rahvus: inimene,88,1,201.68,0.0487152464856688
2258666744,Rahvus: inimene,118,21,3956.817,0.9557582083185484
2258666747,"Kaua säilib Eesti kultuur, kui meid saab olema nii vähe",-1,2,480.48,0.0912445284237112
2258666747,"Kaua säilib Eesti kultuur, kui meid saab olema nii vähe",3,27,4770.92,0.9060113751815946
2258666747,"Kaua säilib Eesti kultuur, kui meid saab olema nii vähe",73,1,74.93000000000029,0.0142294216508256
2267420987,Kliimatark metsandus. Kuidas kohaneda ja tegutseda muutuvas keskkonnas_,-1,26,4528.183000000001,0.7994076360469549
2267420987,Kliimatark metsandus. Kuidas kohaneda ja tegutseda muutuvas keskkonnas_,37,6,1036.9199999999998,0.1830583626964299
2267420987,Kliimatark metsandus. Kuidas kohaneda ja tegutseda muutuvas keskkonnas_,57,1,180.35999999999967,0.0318408423947151
2267420990,Püsimetsandus – kas kesktee metsakaitse ja metsamajanduse vahel_,-1,4,670.6379999999999,0.1176318916262274
2267420990,Püsimetsandus – kas kesktee metsakaitse ja metsamajanduse vahel_,59,29,5070.92,0.8894543880383599
2267420993,"Mõõdame eurodes, mitte tihumeetrites",-1,10,1805.8800000000003,0.4874745010410136
2267420993,"Mõõdame eurodes, mitte tihumeetrites",57,2,368.7199999999998,0.0995313077412909
2267420993,"Mõõdame eurodes, mitte tihumeetrites",136,1,210.08300000000008,0.0567092528862378
2267420993,"Mõõdame eurodes, mitte tihumeetrites",167,8,1463.04,0.3949291724826923
2267420996,"Eesti inimesed soovivad, ökoloogid soovitavad ja prognoosid näitavad, et raiemahtu peaks vähendama. Mis seda takistab_",-1,6,1063.8319999999997,0.1826022596821944
2267420996,"Eesti inimesed soovivad, ökoloogid soovitavad ja prognoosid näitavad, et raiemahtu peaks vähendama. Mis seda takistab_",37,1,185.5600000000004,0.0318505885390062
2267420996,"Eesti inimesed soovivad, ökoloogid soovitavad ja prognoosid näitavad, et raiemahtu peaks vähendama. Mis seda takistab_",57,26,4733.280000000001,0.8124474763952744
2267420999,Kas tulevikumetsad vajavad rangemat kaitset või paindlikumat majandamist_,-1,8,1433.64,0.2877503770898001
2267420999,Kas tulevikumetsad vajavad rangemat kaitset või paindlikumat majandamist_,37,20,3646.515,0.7319034529683968
2271676346,Ajateenistuse tulevikuvaade – kuhu liigume ja miks_,-1,10,1982.52,0.3564693545533399
2271676346,Ajateenistuse tulevikuvaade – kuhu liigume ja miks_,60,3,587.3599999999997,0.1056109598341754
2271676346,Ajateenistuse tulevikuvaade – kuhu liigume ja miks_,83,1,232.96000000000004,0.0418876484659655
2271676346,Ajateenistuse tulevikuvaade – kuhu liigume ja miks_,160,14,2791.464,0.5019224877120454
2271676346,Ajateenistuse tulevikuvaade – kuhu liigume ja miks_,186,1,182.52,0.0328182245793614
2271676349,Millised on minu kui kodaniku võimalused toetada laiapõhjalist riigikaitset,-1,15,2601.385,0.4480770075434942
2271676349,Millised on minu kui kodaniku võimalused toetada laiapõhjalist riigikaitset,3,1,182.92000000000007,0.0315071572334952
2271676349,Millised on minu kui kodaniku võimalused toetada laiapõhjalist riigikaitset,60,1,181.44000000000003,0.0312522338095636
2271676349,Millised on minu kui kodaniku võimalused toetada laiapõhjalist riigikaitset,185,7,1227.2400000000002,0.2113866370174648
2271676349,Millised on minu kui kodaniku võimalused toetada laiapõhjalist riigikaitset,186,10,1814.48,0.3125361177401728
2271676352,Ajalugu oleviku teejuhina – kristallkuul või kõverpeegel_,-1,4,765.72,0.1377367654201068
2271676352,Ajalugu oleviku teejuhina – kristallkuul või kõverpeegel_,19,3,527.1999999999998,0.0948320831759393
2271676352,Ajalugu oleviku teejuhina – kristallkuul või kõverpeegel_,176,13,2202.6600000000003,0.3962117532782905
2271676352,Ajalugu oleviku teejuhina – kristallkuul või kõverpeegel_,182,12,2136.7200000000003,0.3843505477308294
2271676355,Valel on ohtlikud jalad ehk kuidas väärinfo ohustab meie julgeolekut.,-1,12,2210.0570000000007,0.3864129857990772
2271676355,Valel on ohtlikud jalad ehk kuidas väärinfo ohustab meie julgeolekut.,31,5,906.7200000000004,0.158533640753944
2271676355,Valel on ohtlikud jalad ehk kuidas väärinfo ohustab meie julgeolekut.,93,14,2540.8,0.4442410826138397
2271676355,Valel on ohtlikud jalad ehk kuidas väärinfo ohustab meie julgeolekut.,100,1,245.12,0.0428575150229472
2271676358,Kaitsekulud Eestis. Ühiskonna roll kaitsevõime tagajana,-1,10,1775.8799999999992,0.3316457970298886
2271676358,Kaitsekulud Eestis. Ühiskonna roll kaitsevõime tagajana,18,1,181.0,0.0338017711007556
2271676358,Kaitsekulud Eestis. Ühiskonna roll kaitsevõime tagajana,83,19,3396.069,0.6342162816595138
2271676358,Kaitsekulud Eestis. Ühiskonna roll kaitsevõime tagajana,160,1,180.23999999999975,0.0336598410121557
2271676361,"“Kogu rahvas peab sõda. Sõjavägi peab lahinguid.” – Kindralleitnant Nikolai Reek, Sõjavägede staabi ülem 1937.",-1,8,1538.280000000001,0.2907387275143757
2271676361,"“Kogu rahvas peab sõda. Sõjavägi peab lahinguid.” – Kindralleitnant Nikolai Reek, Sõjavägede staabi ülem 1937.",100,22,3889.296,0.7350865706937298
2271676364,"Rahvaarv kahaneb, aga ohud kasvavad. Kas Eesti riigikaitse vajab uut lähenemist_",-1,3,533.2800000000002,0.1079979829359623
2271676364,"Rahvaarv kahaneb, aga ohud kasvavad. Kas Eesti riigikaitse vajab uut lähenemist_",60,24,4119.029999999999,0.8341714139902425
2271676364,"Rahvaarv kahaneb, aga ohud kasvavad. Kas Eesti riigikaitse vajab uut lähenemist_",100,1,196.72000000000003,0.0398390399099206
2271676364,"Rahvaarv kahaneb, aga ohud kasvavad. Kas Eesti riigikaitse vajab uut lähenemist_",160,1,185.15999999999983,0.0374979495207447
2271676367,"Kui sõda algab, kolin Hispaaniasse_",-1,13,2345.2600000000007,0.4155919180320316
2271676367,"Kui sõda algab, kolin Hispaaniasse_",83,1,180.55999999999997,0.031996144018089
2271676367,"Kui sõda algab, kolin Hispaaniasse_",168,15,2618.2799999999997,0.4639724410704601
2271676367,"Kui sõda algab, kolin Hispaaniasse_",185,4,731.9199999999996,0.1296999209665471
2277338243,Maailmahariduslik mälumäng ja mõtteharjutused koos Ivo Linnaga,-1,16,3200.318,0.666905478459218
2277338243,Maailmahariduslik mälumäng ja mõtteharjutused koos Ivo Linnaga,1,3,645.1599999999999,0.1344431204907603
2277338243,Maailmahariduslik mälumäng ja mõtteharjutused koos Ivo Linnaga,3,1,226.07999999999996,0.0471121902792347
2277338243,Maailmahariduslik mälumäng ja mõtteharjutused koos Ivo Linnaga,24,3,657.4399999999998,0.1370021159641723
2277338243,Maailmahariduslik mälumäng ja mõtteharjutused koos Ivo Linnaga,145,1,184.52,0.0384516160223124
2277338246,Ettevõtjad ja noored - kas parallelmaailmad või partnerid ettevõtliku tulevikupõlvkonna kujundamisel_,-1,3,546.9600000000003,0.0995943645496795
2277338246,Ettevõtjad ja noored - kas parallelmaailmad või partnerid ettevõtliku tulevikupõlvkonna kujundamisel_,32,1,185.04,0.0336933984501109
2277338246,Ettevõtjad ja noored - kas parallelmaailmad või partnerid ettevõtliku tulevikupõlvkonna kujundamisel_,41,2,358.4000000000001,0.0652600194796788
2277338246,Ettevõtjad ja noored - kas parallelmaailmad või partnerid ettevõtliku tulevikupõlvkonna kujundamisel_,70,1,180.55999999999997,0.0328776482066149
2277338246,Ettevõtjad ja noored - kas parallelmaailmad või partnerid ettevõtliku tulevikupõlvkonna kujundamisel_,90,25,4363.357000000001,0.794511056966498
2277338249,Kas lapsi saab panna liikuma_,-1,8,1432.6399999999996,0.2731061439350816
2277338249,Kas lapsi saab panna liikuma_,179,12,2031.406,0.3872497343551683
2277338249,Kas lapsi saab panna liikuma_,190,11,1944.5999999999997,0.3707017865591911
2280202454,Oskusi kombineerides saame tõenäolisemalt olümpiavõitjaks,-1,16,2704.4729999999995,0.5064562818715305
2280202454,Oskusi kombineerides saame tõenäolisemalt olümpiavõitjaks,0,3,558.8399999999995,0.1046518225772954
2280202454,Oskusi kombineerides saame tõenäolisemalt olümpiavõitjaks,12,1,182.63999999999945,0.0342022920254763
2280202454,Oskusi kombineerides saame tõenäolisemalt olümpiavõitjaks,13,1,183.07999999999996,0.0342846891372329
2280202454,Oskusi kombineerides saame tõenäolisemalt olümpiavõitjaks,42,1,181.72000000000003,0.0340300071554401
2280202454,Oskusi kombineerides saame tõenäolisemalt olümpiavõitjaks,56,7,1221.7600000000002,0.2287943074082682
2280202454,Oskusi kombineerides saame tõenäolisemalt olümpiavõitjaks,155,1,181.0,0.0338951755180203
2280202454,Oskusi kombineerides saame tõenäolisemalt olümpiavõitjaks,179,1,181.16000000000008,0.0339251381041136
2280202454,Oskusi kombineerides saame tõenäolisemalt olümpiavõitjaks,189,1,181.96000000000004,0.03407495103458
2280202457,Naised ettevõtluses sotsiodraama_ Kuidas tappa ettevõtjat_,-1,2,382.8,0.0840915965738605
2280202457,Naised ettevõtluses sotsiodraama_ Kuidas tappa ettevõtjat_,18,1,182.48,0.0400862971337462
2280202457,Naised ettevõtluses sotsiodraama_ Kuidas tappa ettevõtjat_,117,23,4043.259000000001,0.8882029902602688
2280202460,Tööstusinvesteeringud ja energiajulgeolek. Kuidas tagada tööstuse edukas tulevik muutuvas geopoliitilises olukorras_,-1,25,4185.718,0.7636112012125197
2280202460,Tööstusinvesteeringud ja energiajulgeolek. Kuidas tagada tööstuse edukas tulevik muutuvas geopoliitilises olukorras_,11,1,183.39999999999984,0.0334581293585415
2280202460,Tööstusinvesteeringud ja energiajulgeolek. Kuidas tagada tööstuse edukas tulevik muutuvas geopoliitilises olukorras_,18,4,714.1599999999996,0.1302860286951803
2280202460,Tööstusinvesteeringud ja energiajulgeolek. Kuidas tagada tööstuse edukas tulevik muutuvas geopoliitilises olukorras_,91,1,180.79999999999995,0.032983804732957
2280202460,Tööstusinvesteeringud ja energiajulgeolek. Kuidas tagada tööstuse edukas tulevik muutuvas geopoliitilises olukorras_,104,1,180.76000000000025,0.032976507431025
2280202460,Tööstusinvesteeringud ja energiajulgeolek. Kuidas tagada tööstuse edukas tulevik muutuvas geopoliitilises olukorras_,111,1,180.52,0.0329327236194325
2280202463,Kohalikud bioressursid majanduse hüvanguks. Miks on see päriselus nii raske_,-1,9,1530.0649999999996,0.2810333506293134
2280202463,Kohalikud bioressursid majanduse hüvanguks. Miks on see päriselus nii raske_,1,3,516.3999999999996,0.0948493183394021
2280202463,Kohalikud bioressursid majanduse hüvanguks. Miks on see päriselus nii raske_,167,5,897.52,0.1648512009991872
2280202463,Kohalikud bioressursid majanduse hüvanguks. Miks on see päriselus nii raske_,191,5,879.48,0.1615377197775706
2280202463,Kohalikud bioressursid majanduse hüvanguks. Miks on see päriselus nii raske_,199,10,1738.12,0.3192476707824976
2280202466,Kas Eestist võiks saada uute keskkonnasõbralike kütuste tootja_,-1,2,396.59999999999945,0.0775335494862863
2280202466,Kas Eestist võiks saada uute keskkonnasõbralike kütuste tootja_,1,1,227.1600000000003,0.0444087773608291
2280202466,Kas Eestist võiks saada uute keskkonnasõbralike kütuste tootja_,30,26,4551.205,0.8897404893841009
2280202469,Eesti Looduskapital. Kas roheinvestori järgmine edulugu või riiklikult pidurdatud potentsiaal_,-1,3,532.1599999999996,0.1013031434127828
2280202469,Eesti Looduskapital. Kas roheinvestori järgmine edulugu või riiklikult pidurdatud potentsiaal_,77,27,4768.824,0.9078037837911924
2280202472,Rändepööre - võimalus või identiteedikriis_,-1,9,1613.2399999999998,0.2826691421505626
2280202472,Rändepööre - võimalus või identiteedikriis_,27,24,4264.086999999999,0.7471460008091578
2280202475,"Kes ütles, et tehnoloogiasektoris töötamine pole naistele_",-1,7,1217.8000000000006,0.2259191903863575
2280202475,"Kes ütles, et tehnoloogiasektoris töötamine pole naistele_",42,1,180.03999999999996,0.0333999762170797
2280202475,"Kes ütles, et tehnoloogiasektoris töötamine pole naistele_",56,3,560.9200000000006,0.1040586239706977
2280202475,"Kes ütles, et tehnoloogiasektoris töötamine pole naistele_",133,20,3409.063000000001,0.6324295885499155
2280202475,"Kes ütles, et tehnoloogiasektoris töötamine pole naistele_",155,1,182.31999999999996,0.0338229485886357
2289585014,Küberkurjategija mõtteviis. Kuidas mõelda nagu häkker_,40,32,5416.695,1.0
2289585017,Vanematega kohtupinki – digilaste tulevik_,-1,1,183.27999999999972,0.0346884043296154
2289585017,Vanematega kohtupinki – digilaste tulevik_,29,29,4960.05,0.9387615664290134
2289585017,Vanematega kohtupinki – digilaste tulevik_,178,1,181.7599999999993,0.0344007222334728
2289585020,"Zoomer vs Boomer. Arija ja Marii Laser Techist võtavad ette sotsiaalmeedias levinud trendid ja vaidlevad selgeks, miks mingi asi trendib.",-1,14,2468.32,0.4544430222950152
2289585020,"Zoomer vs Boomer. Arija ja Marii Laser Techist võtavad ette sotsiaalmeedias levinud trendid ja vaidlevad selgeks, miks mingi asi trendib.",29,2,366.24000000000007,0.0674285394459901
2289585020,"Zoomer vs Boomer. Arija ja Marii Laser Techist võtavad ette sotsiaalmeedias levinud trendid ja vaidlevad selgeks, miks mingi asi trendib.",32,4,718.9600000000003,0.132367908257124
2289585020,"Zoomer vs Boomer. Arija ja Marii Laser Techist võtavad ette sotsiaalmeedias levinud trendid ja vaidlevad selgeks, miks mingi asi trendib.",95,1,196.1199999999999,0.0361077030257415
2289585020,"Zoomer vs Boomer. Arija ja Marii Laser Techist võtavad ette sotsiaalmeedias levinud trendid ja vaidlevad selgeks, miks mingi asi trendib.",178,11,1880.328,0.3461876657912838
2289585023,TI-hüppe ootuses. Kas Eesti haridus on valmis tehisintellekti revolutsiooniks_,-1,11,1940.277,0.3618436622153196
2289585023,TI-hüppe ootuses. Kas Eesti haridus on valmis tehisintellekti revolutsiooniks_,13,2,367.67999999999984,0.0685689093481645
2289585023,TI-hüppe ootuses. Kas Eesti haridus on valmis tehisintellekti revolutsiooniks_,76,1,186.43999999999997,0.0347693305561134
2289585023,TI-hüppe ootuses. Kas Eesti haridus on valmis tehisintellekti revolutsiooniks_,97,1,199.27999999999972,0.037163871450452
2289585023,TI-hüppe ootuses. Kas Eesti haridus on valmis tehisintellekti revolutsiooniks_,132,1,183.8800000000001,0.0342919143030366
2289585023,TI-hüppe ootuses. Kas Eesti haridus on valmis tehisintellekti revolutsiooniks_,155,6,1127.68,0.2103018594803585
2289585023,TI-hüppe ootuses. Kas Eesti haridus on valmis tehisintellekti revolutsiooniks_,169,8,1433.6400000000003,0.2673605613519981
2289585023,TI-hüppe ootuses. Kas Eesti haridus on valmis tehisintellekti revolutsiooniks_,180,1,180.32000000000065,0.0336280073261017
2289585026,Kuidas kaitsta lapsi AI-ajastul internetis kurjade kavatsustega inimeste eest_,-1,11,1854.313,0.3570798189021244
2289585026,Kuidas kaitsta lapsi AI-ajastul internetis kurjade kavatsustega inimeste eest_,12,1,180.6400000000001,0.0347853347770736
2289585026,Kuidas kaitsta lapsi AI-ajastul internetis kurjade kavatsustega inimeste eest_,95,3,537.0000000000005,0.1034085738224566
2289585026,Kuidas kaitsta lapsi AI-ajastul internetis kurjade kavatsustega inimeste eest_,148,16,2805.1600000000008,0.5401817410499111
2289585029,Alati ühenduses. Suurem produktiivsus või läbipõlemise oht_,-1,20,3390.354000000001,0.6346417568643661
2289585029,Alati ühenduses. Suurem produktiivsus või läbipõlemise oht_,0,1,181.64000000000036,0.0340012661559364
2289585029,Alati ühenduses. Suurem produktiivsus või läbipõlemise oht_,137,1,181.32000000000005,0.0339413652245891
2289585029,Alati ühenduses. Suurem produktiivsus või läbipõlemise oht_,183,10,1738.3599999999997,0.3254043219270727
2289585032,Tehisaru koolipingis. Kas õpetaja parim abiline või oht kriitilisele mõtlemisele_,-1,5,855.2390000000005,0.1877434906886593
2289585032,Tehisaru koolipingis. Kas õpetaja parim abiline või oht kriitilisele mõtlemisele_,13,19,3280.92,0.7202330266396128
2289585032,Tehisaru koolipingis. Kas õpetaja parim abiline või oht kriitilisele mõtlemisele_,70,1,181.36000000000055,0.0398124494688564
2289585032,Tehisaru koolipingis. Kas õpetaja parim abiline või oht kriitilisele mõtlemisele_,169,2,365.04,0.0801341892044073
2293106213,Ulmefilmidest igapäevaellu_ tervisetehnoloogiad tuleviku kodus,-1,7,1348.612,0.2430837292165802
2293106213,Ulmefilmidest igapäevaellu_ tervisetehnoloogiad tuleviku kodus,14,7,1237.7599999999998,0.2231029507931964
2293106213,Ulmefilmidest igapäevaellu_ tervisetehnoloogiad tuleviku kodus,25,1,181.96000000000004,0.0327978064619393
2293106213,Ulmefilmidest igapäevaellu_ tervisetehnoloogiad tuleviku kodus,47,2,383.6400000000001,0.0691500905202154
2293106213,Ulmefilmidest igapäevaellu_ tervisetehnoloogiad tuleviku kodus,177,13,2432.479999999999,0.4384480559603108
2293106213,Ulmefilmidest igapäevaellu_ tervisetehnoloogiad tuleviku kodus,194,1,186.92000000000007,0.0336918332813019
2293106216,"Kuidas KOOSTÖÖS kasutada ära Eesti tervishoiu ressurss, et päästa esmatasand_",-1,4,719.9999999999995,0.1395909094522238
2293106216,"Kuidas KOOSTÖÖS kasutada ära Eesti tervishoiu ressurss, et päästa esmatasand_",47,26,4487.369000000001,0.8699943329968288
2293106219,Ravivalikute loterii - miks mõni haigus saab kõik ja teine mitte midagi_,-1,17,2943.57,0.5381996566281911
2293106219,Ravivalikute loterii - miks mõni haigus saab kõik ja teine mitte midagi_,25,1,180.35999999999967,0.0329768580565301
2293106219,Ravivalikute loterii - miks mõni haigus saab kõik ja teine mitte midagi_,74,1,180.6800000000003,0.0330353665649472
2293106219,Ravivalikute loterii - miks mõni haigus saab kõik ja teine mitte midagi_,98,1,182.9600000000005,0.0334522396874183
2293106219,Ravivalikute loterii - miks mõni haigus saab kõik ja teine mitte midagi_,134,1,181.0,0.0330938750733641
2293106219,Ravivalikute loterii - miks mõni haigus saab kõik ja teine mitte midagi_,194,1,184.2800000000002,0.0336935872846384
2293106219,Ravivalikute loterii - miks mõni haigus saab kõik ja teine mitte midagi_,200,10,1806.76,0.3303463520859197
2293106222,Süstime rahva saledaks_,-1,3,535.6800000000003,0.1024367940236025
2293106222,Süstime rahva saledaks_,62,27,4739.531,0.906329078583256
2293106225,"Kui keha haigestub, mis saab vaimust_",-1,1,185.3199999999997,0.0338900974788341
2293106225,"Kui keha haigestub, mis saab vaimust_",22,28,4823.463999999999,0.8820832351912782
2293106225,"Kui keha haigestub, mis saab vaimust_",47,1,182.4400000000005,0.0333634221025174
2293106225,"Kui keha haigestub, mis saab vaimust_",79,2,353.6399999999999,0.0646713472502424
2293106228,Kelle mure on laste suutervis_,55,29,5056.892999999999,1.0
2293106231,Haigekassa nõukogu kriisikoosolek - Copy (2),-1,22,3790.562,0.6568882807363404
2293106231,Haigekassa nõukogu kriisikoosolek - Copy (2),192,3,556.4399999999998,0.0964286865464617
2293106231,Haigekassa nõukogu kriisikoosolek - Copy (2),194,9,1596.5199999999988,0.2766701291157305
2300040479,"Mida teha, kui hea nimi satub laimulõksu_",45,31,5469.652,1.0
2300040482,Kes ja kuidas peaks valvama valimisi_,-1,1,183.95999999999992,0.0338699013563978
2300040482,Kes ja kuidas peaks valvama valimisi_,44,31,5270.531,0.9703868507601487
2300040485,Mis on heategija palk_,-1,8,1404.6649999999995,0.2453244075661769
2300040485,Mis on heategija palk_,92,23,4138.639999999999,0.7228124899030607
2300040485,Mis on heategija palk_,147,2,366.48,0.0640056446802992
2300040488,"Kas rahvuse kestmise hind saab olla liiga kõrge_ Sotsiaalkaitse võimalustest sündimus tõusule aidata, maksuteemat vältimata",-1,1,180.76,0.0305689535714146
2300040488,"Kas rahvuse kestmise hind saab olla liiga kõrge_ Sotsiaalkaitse võimalustest sündimus tõusule aidata, maksuteemat vältimata",3,29,5257.789,0.8891630218482784
2300040488,"Kas rahvuse kestmise hind saab olla liiga kõrge_ Sotsiaalkaitse võimalustest sündimus tõusule aidata, maksuteemat vältimata",36,2,366.9199999999996,0.0620511199625108
2300040488,"Kas rahvuse kestmise hind saab olla liiga kõrge_ Sotsiaalkaitse võimalustest sündimus tõusule aidata, maksuteemat vältimata",131,1,188.9199999999996,0.0319489196100445
2300040491,Lastekaitsetöö nähtamatu vastutus ja avalik kriitika,-1,1,181.92000000000007,0.0370087747332925
2300040491,Lastekaitsetöö nähtamatu vastutus ja avalik kriitika,46,1,183.36000000000013,0.0373017201797301
2300040491,Lastekaitsetöö nähtamatu vastutus ja avalik kriitika,102,24,4599.4310000000005,0.9356821997599069
2300040494,Õigusmõistmine kriisi äärel. Kuidas kindlustada õiguse tulevik_,35,32,5478.342000000001,1.0
2300040497,Korteriühistud kui kogukonnad. Kuidas panna need ühes rütmis hingama_,-1,4,743.6000000000005,0.1337660041147978
2300040497,Korteriühistud kui kogukonnad. Kuidas panna need ühes rütmis hingama_,78,1,124.32099999999993,0.0223640712715919
2300040497,Korteriühistud kui kogukonnad. Kuidas panna need ühes rütmis hingama_,85,27,4771.880000000001,0.8584122104832181
2300040503,Annetuskultuur. Kuidas Eestist saab helde rahvas_,-1,11,2034.92,0.3792873032544502
2300040503,Annetuskultuur. Kuidas Eestist saab helde rahvas_,92,3,551.44,0.1027825125836072
2300040503,Annetuskultuur. Kuidas Eestist saab helde rahvas_,147,17,2957.315,0.5512118565958046
2300040506,"Pärisvabakond teeb asju riigi rahata, eks_",-1,1,181.6800000000001,0.0339880892026455
2300040506,"Pärisvabakond teeb asju riigi rahata, eks_",69,28,5183.081999999999,0.9696337151069272
2302899422,Suur teadlaste debatt „Teadlaste roll energiapöördes“,-1,9,1604.8560000000002,0.2933721557713766
2302899422,Suur teadlaste debatt „Teadlaste roll energiapöördes“,11,2,364.9199999999999,0.0667083944503997
2302899422,Suur teadlaste debatt „Teadlaste roll energiapöördes“,17,5,868.0000000000009,0.1586728224897156
2302899422,Suur teadlaste debatt „Teadlaste roll energiapöördes“,153,1,209.08,0.0382204075186056
2302899422,Suur teadlaste debatt „Teadlaste roll energiapöördes“,158,3,520.08,0.0950720754843908
2302899422,Suur teadlaste debatt „Teadlaste roll energiapöördes“,175,11,1921.8000000000004,0.3513104035261927
2302899422,Suur teadlaste debatt „Teadlaste roll energiapöördes“,184,1,183.4399999999996,0.0335333439602688
2302899425,Energiapööre noorte pilgu läbi. Mida tahab uus põlvkond_,-1,6,1112.8,0.2037438854405696
2302899425,Energiapööre noorte pilgu läbi. Mida tahab uus põlvkond_,11,1,182.32000000000065,0.0333811872695226
2302899425,Energiapööre noorte pilgu läbi. Mida tahab uus põlvkond_,157,17,2943.6400000000003,0.5389545748906168
2302899425,Energiapööre noorte pilgu läbi. Mida tahab uus põlvkond_,158,1,133.6790000000001,0.0244754482942217
2302899425,Energiapööre noorte pilgu läbi. Mida tahab uus põlvkond_,164,7,1226.52,0.2245650165084179
2302899428,"Tere tulemast, uued juhitavad võimsused!",-1,4,721.4800000000002,0.1339851462716369
2302899428,"Tere tulemast, uued juhitavad võimsused!",10,25,4450.8,0.8265524879772158
2302899428,"Tere tulemast, uued juhitavad võimsused!",164,1,181.67999999999984,0.033739565025546
2302899428,"Tere tulemast, uued juhitavad võimsused!",175,1,135.41600000000017,0.0251479355872928
2302899431,Kas elekter lahendab tulevikus kõik meie energiaprobleemid_,2,30,5114.461,1.0
2302899434,Infraheli ja tuulepargid – müüt või tegelik mõju tervisele_,-1,1,199.04,0.0357896909722734
2302899434,Infraheli ja tuulepargid – müüt või tegelik mõju tervisele_,26,4,745.6179999999994,0.1340707285136884
2302899434,Infraheli ja tuulepargid – müüt või tegelik mõju tervisele_,84,27,4673.52,0.8403528765712384
2302899437,Kas väike saab olla suur_ Kuivõrd suudab Eesti oma kestlike lahenduste või innovatsiooniga maailmas mõju avaldada_,-1,15,2711.68,0.4599277156619288
2302899437,Kas väike saab olla suur_ Kuivõrd suudab Eesti oma kestlike lahenduste või innovatsiooniga maailmas mõju avaldada_,1,3,522.9200000000001,0.0886923977290594
2302899437,Kas väike saab olla suur_ Kuivõrd suudab Eesti oma kestlike lahenduste või innovatsiooniga maailmas mõju avaldada_,17,1,181.5999999999999,0.0308011539577701
2302899437,Kas väike saab olla suur_ Kuivõrd suudab Eesti oma kestlike lahenduste või innovatsiooniga maailmas mõju avaldada_,18,4,708.7600000000002,0.1202126975721872
2302899437,Kas väike saab olla suur_ Kuivõrd suudab Eesti oma kestlike lahenduste või innovatsiooniga maailmas mõju avaldada_,23,3,538.16,0.0912772522792599
2302899437,Kas väike saab olla suur_ Kuivõrd suudab Eesti oma kestlike lahenduste või innovatsiooniga maailmas mõju avaldada_,37,3,536.8,0.0910465828443339
2302899437,Kas väike saab olla suur_ Kuivõrd suudab Eesti oma kestlike lahenduste või innovatsiooniga maailmas mõju avaldada_,57,1,180.6000000000001,0.0306315440791481
2302899437,Kas väike saab olla suur_ Kuivõrd suudab Eesti oma kestlike lahenduste või innovatsiooniga maailmas mõju avaldada_,104,1,190.6030000000001,0.0323281516950048
2302899437,Kas väike saab olla suur_ Kuivõrd suudab Eesti oma kestlike lahenduste või innovatsiooniga maailmas mõju avaldada_,119,1,180.03999999999996,0.0305365625471197
2302899437,Kas väike saab olla suur_ Kuivõrd suudab Eesti oma kestlike lahenduste või innovatsiooniga maailmas mõju avaldada_,155,1,180.48000000000047,0.0306111908937135
2302899437,Kas väike saab olla suur_ Kuivõrd suudab Eesti oma kestlike lahenduste või innovatsiooniga maailmas mõju avaldada_,191,1,191.31999999999996,0.0324497619779768
2302899440,Rohetehnoloogiad – puhta tööstuse ja julgeoleku alustala_,-1,4,747.5200000000001,0.2196714566986982
2302899440,Rohetehnoloogiad – puhta tööstuse ja julgeoleku alustala_,17,4,709.4000000000005,0.2084692468188899
2302899440,Rohetehnoloogiad – puhta tööstuse ja julgeoleku alustala_,18,10,1711.3799999999997,0.502918099268271
2302899440,Rohetehnoloogiad – puhta tööstuse ja julgeoleku alustala_,120,1,181.6800000000001,0.0533897557965265
2302899440,Rohetehnoloogiad – puhta tööstuse ja julgeoleku alustala_,175,1,180.52,0.0530488700814011
2302899443,Kohalik energiatootmine on kaitseinvesteering,-1,9,1644.3600000000004,0.2927610384047234
2302899443,Kohalik energiatootmine on kaitseinvesteering,11,1,181.55999999999997,0.0323248523028786
2302899443,Kohalik energiatootmine on kaitseinvesteering,30,1,184.72000000000023,0.032887457134764
2302899443,Kohalik energiatootmine on kaitseinvesteering,111,18,3139.211,0.5589035686416173
2302899443,Kohalik energiatootmine on kaitseinvesteering,158,4,719.2799999999997,0.1280602542653368
2302899446,"Kuidas planeerida tuuleparke nii, et kogukonnad tunneksid end päriselt kaasatuna_",-1,10,1792.8190000000009,0.3050537692407037
2302899446,"Kuidas planeerida tuuleparke nii, et kogukonnad tunneksid end päriselt kaasatuna_",26,23,4017.72,0.6836276443711046
2302899446,"Kuidas planeerida tuuleparke nii, et kogukonnad tunneksid end päriselt kaasatuna_",111,1,180.76,0.0307568802695361
2310594914,Õpetaja ajamasinas. Õpetaja missioon ja rollid erinevates tulevikustsenaariumides aastaks 2035,129,15,2862.135,1.0
2310594917,"Milline koolivõrk suudab kasvatada korraga tarka last, tugevat kogukonda ja koostöist haridusvõrgustikku",-1,4,721.2799999999997,0.1657701469863263
2310594917,"Milline koolivõrk suudab kasvatada korraga tarka last, tugevat kogukonda ja koostöist haridusvõrgustikku",107,20,3444.4,0.791618642246704
2310594917,"Milline koolivõrk suudab kasvatada korraga tarka last, tugevat kogukonda ja koostöist haridusvõrgustikku",129,2,257.8449999999999,0.0592599317181806
2310594920,Mul jäi isegi Tiigrihüpe tegemata.alp,-1,7,1269.2800000000002,0.2325508109451023
2310594920,Mul jäi isegi Tiigrihüpe tegemata.alp,13,19,3315.7559999999994,0.6074953884848799
2310594920,Mul jäi isegi Tiigrihüpe tegemata.alp,20,1,181.36000000000013,0.033227826069113
2310594920,Mul jäi isegi Tiigrihüpe tegemata.alp,129,1,186.2,0.0341145854326689
2310594920,Mul jäi isegi Tiigrihüpe tegemata.alp,150,1,182.83999999999992,0.0334989838910267
2310594920,Mul jäi isegi Tiigrihüpe tegemata.alp,169,3,542.9200000000001,0.0994709491036768
2310594923,Koolijuht on tippjuht,-1,3,511.1179999999995,0.0996790335043151
2310594923,Koolijuht on tippjuht,107,2,352.6000000000004,0.0687646046776313
2310594923,Koolijuht on tippjuht,121,22,3795.64,0.7402316622195251
2310594923,Koolijuht on tippjuht,129,1,182.88,0.0356655442525388
2310594923,Koolijuht on tippjuht,150,2,353.8800000000001,0.0690142322839483
2310594926,Mis on Eesti hariduse eesmärk.alp,-1,14,2469.16,0.4723825266140364
2310594926,Mis on Eesti hariduse eesmärk.alp,70,1,84.79500000000007,0.0162223899399946
2310594926,Mis on Eesti hariduse eesmärk.alp,129,1,192.92,0.0369081132994135
2310594926,Mis on Eesti hariduse eesmärk.alp,150,14,2478.24,0.4741196490936066
2310594926,Mis on Eesti hariduse eesmärk.alp,193,1,184.23999999999975,0.0352475160392076
2314163810,Maailm täna - vaade julgeolekuolukorrale Euroopa pealinnadest,-1,3,565.9200000000001,0.1064506554036235
2314163810,Maailm täna - vaade julgeolekuolukorrale Euroopa pealinnadest,108,24,4581.066,0.8617074465423663
2314163810,Maailm täna - vaade julgeolekuolukorrale Euroopa pealinnadest,112,1,235.20000000000076,0.0442415785816587
2314163813,ÜRO – lootusetult rikkis või asendamatu_,-1,9,1606.3800000000003,0.2714956445904699
2314163813,ÜRO – lootusetult rikkis või asendamatu_,15,11,1895.04,0.3202823157190229
2314163813,ÜRO – lootusetult rikkis või asendamatu_,34,14,2487.6799999999994,0.4204449041539485
2314163816,Kuidas mõista USA-d_,54,28,4943.527,0.8992077883501797
2314163816,Kuidas mõista USA-d_,197,3,579.1600000000003,0.1053468874956868
2314163819,Miks peaks Lähis-Idas toimuv meile korda minema_,-1,1,183.07999999999996,0.0328703393663249
2314163819,Miks peaks Lähis-Idas toimuv meile korda minema_,15,31,5411.843,0.9716469084950292
2314163822,"Marshall Plan 2.0_ Estonia, Ukraine and the Path Forward",-1,1,241.6000000000004,0.0434402678337043
2314163822,"Marshall Plan 2.0_ Estonia, Ukraine and the Path Forward",54,2,636.68,0.1144766130975284
2314163822,"Marshall Plan 2.0_ Estonia, Ukraine and the Path Forward",122,22,4699.78,0.8450318789713862
2314163825,"Kriise rohkem, raha vähem",-1,2,378.67999999999984,0.0762459942060453
2314163825,"Kriise rohkem, raha vähem",53,26,4613.556,0.9289245908029627
2314163828,"Tahaks jääda iseendaks, aga raha tahaks ka",-1,1,180.87999999999963,0.0354836013893689
2314163828,"Tahaks jääda iseendaks, aga raha tahaks ka",91,24,4093.526,0.8030354094483524
2314163828,"Tahaks jääda iseendaks, aga raha tahaks ka",197,5,861.1999999999998,0.1689433741515068
2314163831,Kuidas reisides mitte lolliks jääda_,-1,2,350.1999999999998,0.0646959705051402
2314163831,Kuidas reisides mitte lolliks jääda_,58,29,4924.291,0.9097138357930548
2314163831,Kuidas reisides mitte lolliks jääda_,61,1,184.27999999999972,0.0340438990425106
2314163834,Kilud versus karud - Läänemeremaade koostöö tulevik,-1,7,1372.2800000000002,0.2545754401521947
2314163834,Kilud versus karud - Läänemeremaade koostöö tulevik,112,21,4071.105,0.7552418947159475
2318409173,Õpilaste tugevustel põhinev haridus – miks ja kuidas_,-1,6,1100.8800000000003,0.2064358758279431
2318409173,Õpilaste tugevustel põhinev haridus – miks ja kuidas_,23,1,61.07400000000053,0.0114525331374136
2318409173,Õpilaste tugevustel põhinev haridus – miks ja kuidas_,70,23,4237.68,0.7946453585118795
2318409176,Kaamera ei mõista hukka,128,21,3896.58,1.0
2318409179,"Kas noortelt nõutakse rohkem, kui vastu pakutakse_",-1,16,2787.295000000001,0.5127422367875235
2318409179,"Kas noortelt nõutakse rohkem, kui vastu pakutakse_",31,1,291.04,0.0535388254901762
2318409179,"Kas noortelt nõutakse rohkem, kui vastu pakutakse_",97,1,184.87999999999988,0.0340099575887293
2318409179,"Kas noortelt nõutakse rohkem, kui vastu pakutakse_",142,3,525.1599999999999,0.0966068224107371
2318409179,"Kas noortelt nõutakse rohkem, kui vastu pakutakse_",150,1,182.1600000000003,0.033509594733681
2318409179,"Kas noortelt nõutakse rohkem, kui vastu pakutakse_",189,8,1388.9599999999996,0.2555088202749971
2318409179,"Kas noortelt nõutakse rohkem, kui vastu pakutakse_",193,1,184.5999999999999,0.0339584496477684
2318409182,"Ma tahan õppida, andke mulle tagasisidet!",-1,5,942.7559999999996,0.1754840928940143
2318409182,"Ma tahan õppida, andke mulle tagasisidet!",86,23,4156.280000000001,0.7736477154359499
2318409182,"Ma tahan õppida, andke mulle tagasisidet!",162,2,408.0400000000002,0.07595234531997
2318409185,Nutiseadmete kasutus koolikeskkonnas. Millal ja millal mitte_,-1,3,519.0769999999993,0.0963867390778363
2318409185,Nutiseadmete kasutus koolikeskkonnas. Millal ja millal mitte_,32,28,4900.0,0.909874684259558
2318409188,Programmeerimine kui uus emakeel,-1,7,1232.0399999999995,0.2481777055829709
2318409188,Programmeerimine kui uus emakeel,0,2,351.52,0.0708089242772361
2318409188,Programmeerimine kui uus emakeel,12,1,183.87999999999988,0.037040125728545
2318409188,Programmeerimine kui uus emakeel,56,19,3285.186,0.6617560500416368
2318409191,Tark pidu ei vaja tõukeainet,-1,1,186.5999999999999,0.0341327643807592
2318409191,Tark pidu ei vaja tõukeainet,33,2,354.0799999999999,0.0647681093887418
2318409191,Tark pidu ei vaja tõukeainet,52,28,4978.248,0.9106182530170728
2323554785,Miks kaasamine pekki läheb_ + Demokraatiatrenn,-1,12,2491.489,0.473637485412034
2323554785,Miks kaasamine pekki läheb_ + Demokraatiatrenn,22,2,363.1199999999998,0.0690299028825002
2323554785,Miks kaasamine pekki läheb_ + Demokraatiatrenn,26,2,364.32000000000016,0.0692580254961239
2323554785,Miks kaasamine pekki läheb_ + Demokraatiatrenn,80,12,2169.36,0.4124000609087378
2323554788,Parlamendierakondade noorte debatt,-1,7,1249.2400000000002,0.2286623843568601
2323554788,Parlamendierakondade noorte debatt,0,1,182.19999999999985,0.0333501060083089
2323554788,Parlamendierakondade noorte debatt,7,1,181.08000000000084,0.0331450998681921
2323554788,Parlamendierakondade noorte debatt,8,1,182.84000000000012,0.0334672523740901
2323554788,Parlamendierakondade noorte debatt,97,3,525.1999999999998,0.0961332364191211
2323554788,Parlamendierakondade noorte debatt,136,13,2228.251,0.4078617292158094
2323554788,Parlamendierakondade noorte debatt,150,1,180.63999999999987,0.0330645617417175
2323554788,Parlamendierakondade noorte debatt,155,3,539.1200000000003,0.0986811698748602
2323554788,Parlamendierakondade noorte debatt,166,2,352.3199999999997,0.0644890743624994
2323554791,Parlamendierakondade esimeeste debatt,-1,4,767.005,0.1426889150783249
2323554791,Parlamendierakondade esimeeste debatt,60,1,180.1199999999999,0.0335084222187702
2323554791,Parlamendierakondade esimeeste debatt,83,3,532.96,0.0991486159544514
2323554791,Parlamendierakondade esimeeste debatt,104,1,180.44000000000003,0.0335679530599317
2323554791,Parlamendierakondade esimeeste debatt,112,1,185.15999999999983,0.0344460329670636
2323554791,Parlamendierakondade esimeeste debatt,166,13,2258.88,0.420228207758915
2323554791,Parlamendierakondade esimeeste debatt,193,8,1419.0799999999997,0.2639969564857455
2323554794,Kas me siin Järvamaal oleme tõesti kõige rumalamad,-1,2,364.3599999999997,0.064103827228609
2323554794,Kas me siin Järvamaal oleme tõesti kõige rumalamad,42,29,5049.984,0.8884710227336704
2323554794,Kas me siin Järvamaal oleme tõesti kõige rumalamad,70,1,180.19999999999985,0.0317035614957606
2323554794,Kas me siin Järvamaal oleme tõesti kõige rumalamad,71,1,182.04,0.0320272826564277
2323554797,"Mida on vaja teha senisest teisiti, et Eesti majandus järjekindlalt ja kiiremini kasvaks_",-1,8,1398.4,0.2830408267771518
2323554797,"Mida on vaja teha senisest teisiti, et Eesti majandus järjekindlalt ja kiiremini kasvaks_",18,2,354.7600000000002,0.0718046079143753
2323554797,"Mida on vaja teha senisest teisiti, et Eesti majandus järjekindlalt ja kiiremini kasvaks_",23,2,355.7600000000002,0.0720070112516015
2323554797,"Mida on vaja teha senisest teisiti, et Eesti majandus järjekindlalt ja kiiremini kasvaks_",104,17,2908.990000000001,0.588789283957714
2323554800,Mis on fosforiidi kaevandamise hind_,-1,12,2114.086,0.3788653355187393
2323554800,Mis on fosforiidi kaevandamise hind_,120,11,2024.1600000000003,0.3627496977623483
2323554800,Mis on fosforiidi kaevandamise hind_,159,9,1636.0800000000004,0.2932018839988058
2323554803,Mis on fosforiidi kaevandamise hind + Demokraatiatrenn,-1,20,4025.8,0.5337970942546074
2323554803,Mis on fosforiidi kaevandamise hind + Demokraatiatrenn,23,2,279.7370000000001,0.0370914595249394
2323554803,Mis on fosforiidi kaevandamise hind + Demokraatiatrenn,120,10,1820.4800000000005,0.2413848015670495
2323554803,Mis on fosforiidi kaevandamise hind + Demokraatiatrenn,156,1,228.5599999999995,0.0303056942378739
2323554803,Mis on fosforiidi kaevandamise hind + Demokraatiatrenn,159,8,1451.9599999999996,0.1925212452118633
2323554806,Eesti uued valikud ELi rahastuse kasutamisel,-1,12,2124.28,0.3786004181878195
2323554806,Eesti uued valikud ELi rahastuse kasutamisel,115,2,364.80000000000086,0.0650165856454501
2323554806,Eesti uued valikud ELi rahastuse kasutamisel,151,1,181.5600000000004,0.0323585835794625
2323554806,Eesti uued valikud ELi rahastuse kasutamisel,154,18,3135.355999999998,0.5587997310936826
2323554809,Miks kaasamine pekki läheb_,-1,5,819.309,0.2274399558727471
2323554809,Miks kaasamine pekki läheb_,22,2,366.44,0.1017236444735862
2323554809,Miks kaasamine pekki läheb_,26,2,362.19999999999993,0.1005466216251853
2323554809,Miks kaasamine pekki läheb_,80,12,2182.96,0.6059891031002616
2323554812,Kaasamine infosõja ajal. Mis tegelikult lõhestab Eesti ühiskonda,-1,7,1239.4400000000005,0.2298523588407314
2323554812,Kaasamine infosõja ajal. Mis tegelikult lõhestab Eesti ühiskonda,80,1,180.43999999999983,0.0334623375308377
2323554812,Kaasamine infosõja ajal. Mis tegelikult lõhestab Eesti ühiskonda,93,10,1679.5310000000009,0.3114665995095629
2323554812,Kaasamine infosõja ajal. Mis tegelikult lõhestab Eesti ühiskonda,156,14,2461.0799999999995,0.4564037333761594
2323554815,Kuidas tõsta Euroopa Liidu konkurentsivõimet ja panna majandus kiiremini kasvama_,115,21,3659.395,1.0
2383011942,Kuidas hoida tervet mõistust kriiside ajastul_ teadveloleku ja kaastunde praktiline jõud,-1,5,924.2399999999996,0.1739561857173885
2383011942,Kuidas hoida tervet mõistust kriiside ajastul_ teadveloleku ja kaastunde praktiline jõud,79,25,4438.582,0.8354094117478772
2383011945,Koduseinte vahelt rahvusvahelise poliitikani_ naistevastane vägivald on meie kõigi lahendada,-1,8,1427.12,0.2532947737630688
2383011945,Koduseinte vahelt rahvusvahelise poliitikani_ naistevastane vägivald on meie kõigi lahendada,152,18,3158.5059999999994,0.5605927060788828
2383011945,Koduseinte vahelt rahvusvahelise poliitikani_ naistevastane vägivald on meie kõigi lahendada,181,7,1237.8799999999997,0.2197071966939202
2383011948,Nõusolek – seksikuse summutaja või hoopis võimendaja_,-1,1,186.1199999999999,0.033897582748294
2383011948,Nõusolek – seksikuse summutaja või hoopis võimendaja_,33,30,5135.24,0.9352687665610872
2383011948,Nõusolek – seksikuse summutaja või hoopis võimendaja_,96,1,206.41699999999943,0.0375942259733214
2383055898,"Kes õpetab tervena elama enne, kui tuleb õppida haigusega elama_ (1)",-1,18,3152.525,0.5955436122432595
2383055898,"Kes õpetab tervena elama enne, kui tuleb õppida haigusega elama_ (1)",1,1,182.0,0.0343816266098677
2383055898,"Kes õpetab tervena elama enne, kui tuleb õppida haigusega elama_ (1)",22,2,365.1999999999996,0.0689899452633169
2383055898,"Kes õpetab tervena elama enne, kui tuleb õppida haigusega elama_ (1)",196,10,1765.8000000000002,0.3335773421302441
2387966361,Euroopa Liidu heitekaubandus_ rohepöörasus või nutikas poliitika_,2,3,537.0400000000001,0.145323594220719
2387966361,Euroopa Liidu heitekaubandus_ rohepöörasus või nutikas poliitika_,153,14,2699.077,0.7303731020379778
2387966361,Euroopa Liidu heitekaubandus_ rohepöörasus või nutikas poliitika_,184,3,537.8000000000002,0.1455292510276752
2387966364,Millised on kohaliku kaugkütte tulevikustsenaariumid_,-1,3,548.3200000000002,0.1055632681719392
2387966364,Millised on kohaliku kaugkütte tulevikustsenaariumid_,2,25,4382.830999999999,0.8437882335229218
2387966364,Millised on kohaliku kaugkütte tulevikustsenaariumid_,37,2,364.27999999999975,0.0701316518268055
2387966370,Kuidas edasi_ Eesti energeetika järgmise kümne aasta vaade,-1,8,1477.4039999999989,0.2594228866064823
2387966370,Kuidas edasi_ Eesti energeetika järgmise kümne aasta vaade,10,3,533.56,0.0936897932980787
2387966370,Kuidas edasi_ Eesti energeetika järgmise kümne aasta vaade,11,15,2593.2800000000007,0.4553637213510043
2387966370,Kuidas edasi_ Eesti energeetika järgmise kümne aasta vaade,30,1,187.0800000000004,0.0328500759618498
2387966370,Kuidas edasi_ Eesti energeetika järgmise kümne aasta vaade,111,1,184.80000000000015,0.0324497222458298
2387966370,Kuidas edasi_ Eesti energeetika järgmise kümne aasta vaade,158,4,737.559999999999,0.1295109152577609
2387966370,Kuidas edasi_ Eesti energeetika järgmise kümne aasta vaade,164,1,190.52000000000044,0.0334541184105817
2387966373,Miks peab elektriga kauplema börsil_ (1),-1,1,180.0,0.0478844771028401
2387966373,Miks peab elektriga kauplema börsil_ (1),11,1,180.19999999999985,0.0479376820773988
2387966373,Miks peab elektriga kauplema börsil_ (1),138,20,3430.407,0.9125735858051256
2387966376,Milliseid riske toob kliima ettevõtete tegevusse ja kuidas neid maandada_ Ettevalmistused ja õppetunnid,1,1,183.96000000000004,0.0352201257861635
2387966376,Milliseid riske toob kliima ettevõtete tegevusse ja kuidas neid maandada_ Ettevalmistused ja õppetunnid,49,30,5063.51,0.969436068272977
2387966379,Elektridefitsiit Eestis_ kui suur on tegelik majandus- ja julgeolekurisk_,-1,4,763.04,0.137681656279434
2387966379,Elektridefitsiit Eestis_ kui suur on tegelik majandus- ja julgeolekurisk_,10,11,2005.3,0.3618329646376979
2387966379,Elektridefitsiit Eestis_ kui suur on tegelik majandus- ja julgeolekurisk_,11,14,2530.2000000000007,0.4565450392092472
2387966379,Elektridefitsiit Eestis_ kui suur on tegelik majandus- ja julgeolekurisk_,158,1,181.5999999999999,0.0327675990516161
2387966379,Elektridefitsiit Eestis_ kui suur on tegelik majandus- ja julgeolekurisk_,164,1,181.04,0.0326665535919856
2387966382,Miks me pelgame energiat kui majandusarengu mootorit,-1,13,2317.520000000001,0.4135344785745489
2387966382,Miks me pelgame energiat kui majandusarengu mootorit,1,1,180.0,0.0321189056160977
2387966382,Miks me pelgame energiat kui majandusarengu mootorit,2,1,200.4400000000005,0.0357661857871702
2387966382,Miks me pelgame energiat kui majandusarengu mootorit,11,9,1621.6,0.2893556519281336
2387966382,Miks me pelgame energiat kui majandusarengu mootorit,19,1,62.13599999999951,0.0110874462186768
2387966382,Miks me pelgame energiat kui majandusarengu mootorit,30,1,240.0,0.0428252074881302
2387966382,Miks me pelgame energiat kui majandusarengu mootorit,89,1,180.20000000000005,0.0321545932890044
2387966382,Miks me pelgame energiat kui majandusarengu mootorit,104,2,353.24000000000024,0.0630315678879464
2387966382,Miks me pelgame energiat kui majandusarengu mootorit,164,1,181.36000000000013,0.0323615817918638
2387966382,Miks me pelgame energiat kui majandusarengu mootorit,165,3,526.48,0.0939442301597951
2393585466,Matemaatikatund ja -ring kui mõtlemise laborid,114,22,3971.397,1.0
2393585469,Mida Eesti tegelikult kõrghariduselt ootab_,-1,4,731.0,0.1335494971706141
2393585469,Mida Eesti tegelikult kõrghariduselt ootab_,97,20,3479.36,0.6356590676820082
2393585469,Mida Eesti tegelikult kõrghariduselt ootab_,132,1,188.92000000000007,0.0345145978187037
2393585469,Mida Eesti tegelikult kõrghariduselt ootab_,180,6,1009.2260000000006,0.1843797877312042
2393585469,Mida Eesti tegelikult kõrghariduselt ootab_,193,1,182.6800000000001,0.0333745856951132
2393585472,Kas lapsel on päriselt koht Eestis_ Elu asendushooldusel täna ja homme,-1,4,738.0799999999999,0.1320032378422635
2393585472,Kas lapsel on päriselt koht Eestis_ Elu asendushooldusel täna ja homme,46,28,4928.058,0.8813673480848548
2393585475,Kas internet vajab korrakaitsjat_,-1,10,1739.1199999999994,0.3235976063244359
2393585475,Kas internet vajab korrakaitsjat_,31,2,365.08000000000027,0.0679303406992761
2393585475,Kas internet vajab korrakaitsjat_,143,18,3042.0489999999995,0.5660332666645455
2393585475,Kas internet vajab korrakaitsjat_,148,2,348.96000000000004,0.0649308964895896
2393585478,Tehisintellekt kõrghariduses_ reeglid alles kujunemas,-1,1,181.6400000000001,0.0426585551845151
2393585478,Tehisintellekt kõrghariduses_ reeglid alles kujunemas,132,18,3119.64,0.7326543442844135
2393585478,Tehisintellekt kõrghariduses_ reeglid alles kujunemas,161,2,365.48,0.0858337852281248
2393585478,Tehisintellekt kõrghariduses_ reeglid alles kujunemas,180,4,738.9170000000003,0.1735362894807113
2393585481,"Ekspert ekraanil, märklaud seljal_ mis on ekspertarvamuse hind_",6,31,5266.87,1.0
2393585484,Hinded ja heaolu – kas kool hindab õigesti_,-1,8,1404.6500000000008,0.314193685481977
2393585484,Hinded ja heaolu – kas kool hindab õigesti_,86,4,732.48,0.1638419469204701
2393585484,Hinded ja heaolu – kas kool hindab õigesti_,162,14,2518.8000000000006,0.5634080055472919
2394248493,"Kuidas rääkida vähist ja tervisest nii, et kasvaks teadlikkus, mitte ärevus_",-1,18,3408.2179999999985,0.6035515176543462
2394248493,"Kuidas rääkida vähist ja tervisest nii, et kasvaks teadlikkus, mitte ärevus_",22,2,398.67999999999984,0.0706010939025715
2394248493,"Kuidas rääkida vähist ja tervisest nii, et kasvaks teadlikkus, mitte ärevus_",25,3,564.1199999999999,0.0998983874092472
2394248493,"Kuidas rääkida vähist ja tervisest nii, et kasvaks teadlikkus, mitte ärevus_",68,3,607.8799999999997,0.1076477198793398
2394248493,"Kuidas rääkida vähist ja tervisest nii, et kasvaks teadlikkus, mitte ärevus_",74,3,588.56,0.1042263966772789
2394248493,"Kuidas rääkida vähist ja tervisest nii, et kasvaks teadlikkus, mitte ärevus_",98,1,231.04,0.0409142087269242
2394248496,Surm ei küsi diagnoosi – kas sina oled valmis_,-1,4,746.6,0.1362999475137491
2394248496,Surm ei küsi diagnoosi – kas sina oled valmis_,25,27,4796.985000000001,0.8757417676456495
2394248499,Vähipatsiendi infoauk_ kelle vastutus on seda täita_,-1,4,775.0000000000001,0.1320938667539338
2394248499,Vähipatsiendi infoauk_ kelle vastutus on seda täita_,68,10,1663.2399999999998,0.2834887779868553
2394248499,Vähipatsiendi infoauk_ kelle vastutus on seda täita_,74,19,3354.0799999999995,0.5716818020671411
2394248499,Vähipatsiendi infoauk_ kelle vastutus on seda täita_,98,1,216.12,0.0368362922359486
2394248502,Vähitõrje järgmised viis aastat – mida peab Eesti teisiti tegema_,-1,7,1236.7999999999993,0.2147644293982774
2394248502,Vähitõrje järgmised viis aastat – mida peab Eesti teisiti tegema_,74,5,892.1200000000001,0.1549123890320111
2394248502,Vähitõrje järgmised viis aastat – mida peab Eesti teisiti tegema_,98,22,3763.948,0.6535916433576876
2394248505,Tehisintellekti tulevik vähiravis,-1,17,2893.5639999999994,0.5200357142600397
2394248505,Tehisintellekti tulevik vähiravis,14,1,184.3199999999997,0.0331262701818278
2394248505,Tehisintellekti tulevik vähiravis,68,15,2596.92,0.4667224043000889
2395857120,Muutuv rändemaastik_ milleks peab Eesti Euroopa piiririigina valmis olema_,-1,7,1258.8399999999997,0.230438898197314
2395857120,Muutuv rändemaastik_ milleks peab Eesti Euroopa piiririigina valmis olema_,9,1,186.35999999999967,0.0341144172953285
2395857120,Muutuv rändemaastik_ milleks peab Eesti Euroopa piiririigina valmis olema_,27,10,1852.9199999999992,0.3391891290773783
2395857120,Muutuv rändemaastik_ milleks peab Eesti Euroopa piiririigina valmis olema_,173,13,2366.513,0.433205688006117
2395857123,"Uus elu, uued rollid_ pagulaste identiteet ja kuuluvus Eestis",-1,4,813.2800000000002,0.1685418522734644
2395857123,"Uus elu, uued rollid_ pagulaste identiteet ja kuuluvus Eestis",124,21,4085.869,0.8467439619893858
2395857126,Kuuluvustunne või äärmuslus_ Kuidas ennetada radikaliseerumist,-1,5,895.3199999999995,0.1684752306674145
2395857126,Kuuluvustunne või äärmuslus_ Kuidas ennetada radikaliseerumist,9,23,4133.133,0.7777448683756681
2395857126,Kuuluvustunne või äärmuslus_ Kuidas ennetada radikaliseerumist,78,1,182.27999999999972,0.0343002111491492
2395857126,Kuuluvustunne või äärmuslus_ Kuidas ennetada radikaliseerumist,124,1,199.07999999999996,0.0374615209324809
2395857129,Pagulus ja rahvus,-1,2,386.44000000000005,0.0771745996432841
2395857129,Pagulus ja rahvus,50,5,1006.6399999999994,0.2010326026936019
2395857129,Pagulus ja rahvus,141,20,3690.907,0.7370983077465971
2395857132,"Kes vastutab, kui välistöötajad elavad kümnekesi kitsas köögis ega saa palka_",-1,6,1061.2000000000007,0.1971766869968739
2395857132,"Kes vastutab, kui välistöötajad elavad kümnekesi kitsas köögis ega saa palka_",24,1,186.76000000000025,0.0347010158910065
2395857132,"Kes vastutab, kui välistöötajad elavad kümnekesi kitsas köögis ega saa palka_",61,25,4232.935,0.7865021669554393
2395857135,"Kellel lubame otsustada, kes Eestisse elama tuleb_",-1,3,538.0000000000005,0.0965324052825116
2395857135,"Kellel lubame otsustada, kes Eestisse elama tuleb_",20,2,349.32000000000016,0.0626778806938419
2395857135,"Kellel lubame otsustada, kes Eestisse elama tuleb_",38,28,4751.778,0.8526032708336847
2395857138,"Do They Belong Here, Or Do They Just Live Here_",56,1,249.0,0.052406753862525
2395857138,"Do They Belong Here, Or Do They Just Live Here_",113,23,4512.656000000001,0.9497737038483816
2395857141,"Kes ütleb meile, et nemad pole meie_",-1,10,1724.4740000000008,0.3298790992567519
2395857141,"Kes ütleb meile, et nemad pole meie_",93,1,182.63999999999987,0.0349376787868376
2395857141,"Kes ütleb meile, et nemad pole meie_",118,1,195.80000000000015,0.0374550892819909
2395857141,"Kes ütleb meile, et nemad pole meie_",142,17,3272.72,0.626047087818985
2395857144,Vabatahtlikkus_ lõimumise mootor või lõhede peegel_,-1,2,264.4319999999989,0.0577187020887972
2395857144,Vabatahtlikkus_ lõimumise mootor või lõhede peegel_,41,1,183.15999999999983,0.039979115517729
2395857144,Vabatahtlikkus_ lõimumise mootor või lõhede peegel_,78,23,4017.84,0.8769910979021224
2395857144,Vabatahtlikkus_ lõimumise mootor või lõhede peegel_,189,1,180.4000000000001,0.0393766785291457
2395991448,Töö ei küsi vanust_,-1,9,1637.199999999999,0.3131593091826524
2395991448,Töö ei küsi vanust_,24,1,180.5999999999999,0.0345446929137472
2395991448,Töö ei küsi vanust_,140,20,3566.0499999999997,0.6821046631509886
2395991451,Kas lapsed maksavad karjääris kätte_,-1,1,181.92000000000007,0.0327916013700659
2395991451,Kas lapsed maksavad karjääris kätte_,36,28,5067.641999999999,0.913456994009476
2395991451,Kas lapsed maksavad karjääris kätte_,99,2,350.2800000000002,0.0631389738781152
2395991454,Kas süsteem hoiab naisi tagasi_,-1,3,549.5200000000004,0.1102424443040134
2395991454,Kas süsteem hoiab naisi tagasi_,51,26,4354.609999999999,0.8736039641700017
2395991454,Kas süsteem hoiab naisi tagasi_,99,1,184.0,0.0369133239043864
2395991457,Paindlikkus või kontroll_,-1,4,748.4400000000005,0.1399599179509199
2395991457,Paindlikkus või kontroll_,137,16,2747.159999999999,0.5137249321228804
2395991457,Paindlikkus või kontroll_,195,11,1956.891,0.3659428996297544
2395991460,Kriis ei vabasta juhtimisest,-1,4,718.8,0.1386272966172856
2395991460,Kriis ei vabasta juhtimisest,72,1,180.96000000000004,0.0348998269280245
2395991460,Kriis ei vabasta juhtimisest,101,24,4209.886,0.8119158531538097
2395991460,Kriis ei vabasta juhtimisest,189,1,182.8800000000001,0.0352701168689054
2395991463,"Mees, kus su lapsed on_",-1,4,613.6919999999996,0.111302471719699
2395991463,"Mees, kus su lapsed on_",36,2,351.2399999999998,0.0637027697392618
2395991463,"Mees, kus su lapsed on_",51,5,915.2,0.1659855792773388
2395991463,"Mees, kus su lapsed on_",99,22,3875.64,0.7029068514755524
2395991466,Miks noored mehed surevad_,-1,4,695.6799999999998,0.127102959462911
2395991466,Miks noored mehed surevad_,4,28,4805.197999999999,0.8779250324937633
2395991469,Kes võidab AI-ajastul_,-1,14,2337.1900000000005,0.4388273353874116
2395991469,Kes võidab AI-ajastul_,0,15,2618.0400000000004,0.4915593157328498
2395991469,Kes võidab AI-ajastul_,20,1,183.96000000000004,0.034540057341452
2395991469,Kes võidab AI-ajastul_,155,1,181.16000000000005,0.0340143334854177
2395991469,Kes võidab AI-ajastul_,169,1,184.23999999999975,0.0345926297270554
2395991472,Kas iga ebamugavus on kiusamine_,-1,6,1066.84,0.201841020776283
2395991472,Kas iga ebamugavus on kiusamine_,0,1,185.0,0.0350011143598031
2395991472,Kas iga ebamugavus on kiusamine_,5,4,717.7200000000004,0.1357891880990157
2395991472,Kas iga ebamugavus on kiusamine_,16,20,3475.786,0.6576020717632577
2396670915,Pedofiilia uus nägu_ kuidas avatus loob uusi riske,-1,7,1259.12,0.2249081608338421
2396670915,Pedofiilia uus nägu_ kuidas avatus loob uusi riske,29,3,517.1199999999999,0.0923696773384557
2396670915,Pedofiilia uus nägu_ kuidas avatus loob uusi riske,95,21,3796.374,0.678120825796919
2396670915,Pedofiilia uus nägu_ kuidas avatus loob uusi riske,148,1,182.5600000000004,0.0326094683920724
2396670918,Kas töötamine päästab Eestis vaesusest_ Räägime miinimumpalgast,-1,1,182.19999999999985,0.0351185453289443
2396670918,Kas töötamine päästab Eestis vaesusest_ Räägime miinimumpalgast,24,29,4882.982000000002,0.9411812552547716
2396670918,Kas töötamine päästab Eestis vaesusest_ Räägime miinimumpalgast,71,1,181.63999999999987,0.0350106068800738
2396670921,Kas Eesti tulevik on parkla või meeldiv elukeskkond_,7,2,366.9199999999996,0.0615760426031299
2396670921,Kas Eesti tulevik on parkla või meeldiv elukeskkond_,8,31,5482.9710000000005,0.920145143049511
2396670921,Kas Eesti tulevik on parkla või meeldiv elukeskkond_,158,1,188.35999999999967,0.0316103330009962
2396670924,Loodusrahvas või ressursirahvas_ miks keskkond valimiskasti juures kaotab_,-1,6,1056.840000000001,0.1877290459025265
2396670924,Loodusrahvas või ressursirahvas_ miks keskkond valimiskasti juures kaotab_,1,22,3791.283,0.6734547711446082
2396670924,Loodusrahvas või ressursirahvas_ miks keskkond valimiskasti juures kaotab_,23,1,185.79999999999927,0.0330041034865157
2396670924,Loodusrahvas või ressursirahvas_ miks keskkond valimiskasti juures kaotab_,49,1,182.39999999999964,0.0324001532612512
2396670924,Loodusrahvas või ressursirahvas_ miks keskkond valimiskasti juures kaotab_,201,3,548.0399999999995,0.0973496710158779
2396670927,Kodude kättesaadavus_ kas Eestil on plaan_,-1,1,182.24,0.0351916510202469
2396670927,Kodude kättesaadavus_ kas Eestil on plaan_,7,27,4854.580999999999,0.9374490803419754
2396670927,Kodude kättesaadavus_ kas Eestil on plaan_,8,1,181.79999999999973,0.0351066843474588
2396670930,ÜRO kõnnib Rahvasteliidu teed,-1,8,1497.9200000000003,0.2767566161389504
2396670930,ÜRO kõnnib Rahvasteliidu teed,34,18,3314.889000000001,0.6124609208210247
2396670930,ÜRO kõnnib Rahvasteliidu teed,53,4,792.9199999999998,0.1465003845792141
2396670933,"Kui pole mugav, siis ei kaasa_!",70,1,185.72000000000023,0.038572910319022
2396670933,"Kui pole mugav, siis ei kaasa_!",87,27,4649.338,0.9656391218868242
2396670936,"Kas Eesti on valmis järgmiseks kriisiks, mis ei tule tankiga_ Keemilised, bioloogilised, radioloogilised ja tuumariskid",-1,2,389.4799999999996,0.0872255975820135
2396670936,"Kas Eesti on valmis järgmiseks kriisiks, mis ei tule tankiga_ Keemilised, bioloogilised, radioloogilised ja tuumariskid",125,21,4115.603,0.9217056872890216
2396692734,Kas rohereform vajab ebapopulaarseid otsuseid_,-1,24,4067.2509999999993,0.7723942040016551
2396692734,Kas rohereform vajab ebapopulaarseid otsuseid_,1,3,524.6799999999998,0.0996397298705165
2396692734,Kas rohereform vajab ebapopulaarseid otsuseid_,6,1,184.71999999999932,0.0350793834369172
2396692734,Kas rohereform vajab ebapopulaarseid otsuseid_,26,2,384.1199999999999,0.0729465827511298
2396692734,Kas rohereform vajab ebapopulaarseid otsuseid_,75,1,201.56,0.0382773956558308
2396692737,Keskkonnahoid vastutuules_ kas keskkonnaprojektid on vaid kulu või ka väärtus inimestele ja ettevõtetele_,-1,13,2309.701000000001,0.4094908872936968
2396692737,Keskkonnahoid vastutuules_ kas keskkonnaprojektid on vaid kulu või ka väärtus inimestele ja ettevõtetele_,1,1,185.92000000000007,0.032962078539882
2396692737,Keskkonnahoid vastutuules_ kas keskkonnaprojektid on vaid kulu või ka väärtus inimestele ja ettevõtetele_,2,2,365.9200000000001,0.0648745900350346
2396692737,Keskkonnahoid vastutuules_ kas keskkonnaprojektid on vaid kulu või ka väärtus inimestele ja ettevõtetele_,30,1,180.55999999999997,0.0320117948642486
2396692737,Keskkonnahoid vastutuules_ kas keskkonnaprojektid on vaid kulu või ka väärtus inimestele ja ettevõtetele_,89,2,348.24000000000024,0.0617400722392885
2396692737,Keskkonnahoid vastutuules_ kas keskkonnaprojektid on vaid kulu või ka väärtus inimestele ja ettevõtetele_,153,3,549.1999999999996,0.097368618406321
2396692737,Keskkonnahoid vastutuules_ kas keskkonnaprojektid on vaid kulu või ka väärtus inimestele ja ettevõtetele_,191,4,706.4799999999998,0.1252530617838632
2396692737,Keskkonnahoid vastutuules_ kas keskkonnaprojektid on vaid kulu või ka väärtus inimestele ja ettevõtetele_,201,7,1249.2400000000002,0.22147992144558
2396692740,Kas tööstus julgeb investeerida_ Energiamajanduslikud otsused ebakindla poliitika ja turu tingimustes,-1,12,2011.003,0.3937273511664865
2396692740,Kas tööstus julgeb investeerida_ Energiamajanduslikud otsused ebakindla poliitika ja turu tingimustes,11,1,183.15999999999983,0.0358602655688
2396692740,Kas tööstus julgeb investeerida_ Energiamajanduslikud otsused ebakindla poliitika ja turu tingimustes,18,1,185.76000000000025,0.0363693106140003
2396692740,Kas tööstus julgeb investeerida_ Energiamajanduslikud otsused ebakindla poliitika ja turu tingimustes,30,3,531.7600000000002,0.1041114589368046
2396692740,Kas tööstus julgeb investeerida_ Energiamajanduslikud otsused ebakindla poliitika ja turu tingimustes,111,2,354.55999999999995,0.0694180812408482
2396692740,Kas tööstus julgeb investeerida_ Energiamajanduslikud otsused ebakindla poliitika ja turu tingimustes,165,2,361.44000000000005,0.0707650927450704
2396692740,Kas tööstus julgeb investeerida_ Energiamajanduslikud otsused ebakindla poliitika ja turu tingimustes,167,1,182.04,0.0356409846262522
2396692740,Kas tööstus julgeb investeerida_ Energiamajanduslikud otsused ebakindla poliitika ja turu tingimustes,198,8,1460.84,0.2860128322424433
2396692743,Järgmise põlvkonna õpilasmalev,-1,1,122.21299999999974,0.0230647444567933
2396692743,Järgmise põlvkonna õpilasmalev,41,28,5033.76,0.9500003113975464
2396692743,Järgmise põlvkonna õpilasmalev,114,1,181.72000000000023,0.0342952497908446
2396692746,Kuidas hoida kokkuleppeid ruumis_,-1,8,1432.2800000000004,0.232405951999055
2396692746,Kuidas hoida kokkuleppeid ruumis_,80,2,356.0000000000001,0.0577656037308791
2396692746,Kuidas hoida kokkuleppeid ruumis_,110,24,4148.757,0.673189474263233
2396692746,Kuidas hoida kokkuleppeid ruumis_,156,2,366.0400000000004,0.0593947235664354
2396692749,"Kas elekter saab olla korraga odav, roheline ja kindel ning hoida Eesti majanduse konkurentsivõimelisena_",-1,10,1806.1670000000004,0.3193721998943659
2396692749,"Kas elekter saab olla korraga odav, roheline ja kindel ning hoida Eesti majanduse konkurentsivõimelisena_",10,9,1556.7599999999998,0.2752712600260955
2396692749,"Kas elekter saab olla korraga odav, roheline ja kindel ning hoida Eesti majanduse konkurentsivõimelisena_",11,3,525.4,0.0929029009081108
2396692749,"Kas elekter saab olla korraga odav, roheline ja kindel ning hoida Eesti majanduse konkurentsivõimelisena_",158,2,350.2399999999998,0.0619305519871654
2396692749,"Kas elekter saab olla korraga odav, roheline ja kindel ning hoida Eesti majanduse konkurentsivõimelisena_",164,4,707.7200000000003,0.1251413038269665
2396692749,"Kas elekter saab olla korraga odav, roheline ja kindel ning hoida Eesti majanduse konkurentsivõimelisena_",165,5,870.52,0.1539281181928599
2396692752,Tuleviku Eesti edulugu_ majanduskasv või tasaareng_,-1,7,1344.8399999999997,0.2633643957515932
2396692752,Tuleviku Eesti edulugu_ majanduskasv või tasaareng_,0,1,191.52,0.0375059851538808
2396692752,Tuleviku Eesti edulugu_ majanduskasv või tasaareng_,3,1,181.88,0.0356181525678146
2396692752,Tuleviku Eesti edulugu_ majanduskasv või tasaareng_,18,1,199.5999999999999,0.0390883178608741
2396692752,Tuleviku Eesti edulugu_ majanduskasv või tasaareng_,131,16,3293.8650000000007,0.6450483071683785
2396692755,Tehisintellekti nähtamatu jalajälg_ kas digiareng tuleb keskkonna arvelt_,-1,3,548.3600000000001,0.1041956040840664
2396692755,Tehisintellekti nähtamatu jalajälg_ kas digiareng tuleb keskkonna arvelt_,20,1,183.96000000000004,0.0349548167760319
2396692755,Tehisintellekti nähtamatu jalajälg_ kas digiareng tuleb keskkonna arvelt_,123,22,3791.113999999999,0.7203614657917446
2396692755,Tehisintellekti nähtamatu jalajälg_ kas digiareng tuleb keskkonna arvelt_,165,5,904.4800000000004,0.171863082613532
2397177237,Kas sotsiaalmeediasse mahub sisukas poliitiline diskussioon_,-1,3,536.96,0.1007281291592138
2397177237,Kas sotsiaalmeediasse mahub sisukas poliitiline diskussioon_,31,25,4295.425,0.8057771979173798
2397177237,Kas sotsiaalmeediasse mahub sisukas poliitiline diskussioon_,136,2,411.0800000000003,0.077114346198543
2397177237,Kas sotsiaalmeediasse mahub sisukas poliitiline diskussioon_,143,1,181.6000000000004,0.0340662772931191
2397177240,Kultuur on majandusharu,48,31,5582.982,1.0
2397177243,Kultuuriretsept – ravi positiivsete kõrvaltoimetega,-1,1,180.32000000000065,0.034690872810586
2397177243,Kultuuriretsept – ravi positiivsete kõrvaltoimetega,39,1,181.6,0.0349371256788066
2397177243,Kultuuriretsept – ravi positiivsete kõrvaltoimetega,73,27,4723.269000000001,0.9086863583029254
2397177243,Kultuuriretsept – ravi positiivsete kõrvaltoimetega,94,1,185.8800000000001,0.0357605337069194
2397177246,Reklaamide vastutamatusest ja vastutusest,66,29,4925.238,1.0
2397177249,AI ajastu ettevõtlus – kas miljon mikroettevõtjat või paar suurt võitjat_,-1,4,759.6920000000005,0.1338510535882045
2397177249,AI ajastu ettevõtlus – kas miljon mikroettevõtjat või paar suurt võitjat_,0,27,4657.119999999999,0.8205436133152629
2397177249,AI ajastu ettevõtlus – kas miljon mikroettevõtjat või paar suurt võitjat_,155,2,349.96000000000004,0.0616598762573885
2397177252,Tehisintellekt kultuuris – kas loovisik on järgmine väljasureja_,-1,5,976.3599999999992,0.1667804888214571
2397177252,Tehisintellekt kultuuris – kas loovisik on järgmine väljasureja_,0,6,1104.7200000000005,0.1887067696452541
2397177252,Tehisintellekt kultuuris – kas loovisik on järgmine väljasureja_,38,1,186.44000000000003,0.0318474275225045
2397177252,Tehisintellekt kultuuris – kas loovisik on järgmine väljasureja_,76,21,3700.602,0.6321318063968848
2397177255,Vabakutseliste loovisikute toimetulek,-1,4,737.0400000000004,0.1333809400837196
2397177255,Vabakutseliste loovisikute toimetulek,75,27,4882.827000000001,0.8836373270462504
2397177258,Kas tänavakunst peaks olema legaalne_,63,29,5045.194,1.0
2397264564,Küberturvalisus vs ettevõtlusvõime_ kus on tasakaal_,-1,2,498.40300000000025,0.0929044642525942
2397264564,Küberturvalisus vs ettevõtlusvõime_ kus on tasakaal_,127,21,4876.48,0.908996859646693
2397264567,Teadmussiirdedoktorantuur – Eesti majanduse kasutamata potentsiaal_,-1,2,354.1600000000008,0.0659413294208443
2397264567,Teadmussiirdedoktorantuur – Eesti majanduse kasutamata potentsiaal_,17,29,5038.795,0.9381772108061408
2397264570,"Miljon sensorit, üks planeet_ kuidas tehisintellekt asjades (AIoT) muudab teadust_",-1,8,1767.7200000000005,0.3517586839753515
2397264570,"Miljon sensorit, üks planeet_ kuidas tehisintellekt asjades (AIoT) muudab teadust_",0,1,193.68,0.0385403920939662
2397264570,"Miljon sensorit, üks planeet_ kuidas tehisintellekt asjades (AIoT) muudab teadust_",20,2,385.7369999999996,0.0767578233434028
2397264570,"Miljon sensorit, üks planeet_ kuidas tehisintellekt asjades (AIoT) muudab teadust_",76,1,289.52,0.0576115980950284
2397264570,"Miljon sensorit, üks planeet_ kuidas tehisintellekt asjades (AIoT) muudab teadust_",161,14,2495.0,0.4964801645727275
2397264573,Kas oleme tehisaru nimel valmis ohverdama oma inimõigused_,-1,16,3284.798,0.6372905202977388
2397264573,Kas oleme tehisaru nimel valmis ohverdama oma inimõigused_,0,1,222.96,0.0432569352531217
2397264573,Kas oleme tehisaru nimel valmis ohverdama oma inimõigused_,20,2,464.96,0.0902078606713827
2397264573,Kas oleme tehisaru nimel valmis ohverdama oma inimõigused_,38,3,544.3600000000001,0.1056124204986964
2397264573,Kas oleme tehisaru nimel valmis ohverdama oma inimõigused_,76,4,741.8,0.1439181672531652
2397264576,Kas linnud ja loomad keedavad meile uut superhaigust_,-1,2,466.32499999999953,0.0842623285548691
2397264576,Kas linnud ja loomad keedavad meile uut superhaigust_,28,3,707.0,0.127750959713274
2397264576,Kas linnud ja loomad keedavad meile uut superhaigust_,145,18,4384.999999999999,0.7923450613051015
2397264579,Elu võimalikkusest pealinnast eemal,-1,5,903.3200000000002,0.1613996594476477
2397264579,Elu võimalikkusest pealinnast eemal,8,18,3121.07,0.5576535835720118
2397264579,Elu võimalikkusest pealinnast eemal,107,2,351.72000000000025,0.0628431654573425
2397264579,Elu võimalikkusest pealinnast eemal,174,8,1372.9199999999996,0.245304897986167
2397264582,Kes vastutab Eesti toidujulgeoleku eest_,28,31,5306.388,1.0
2397264585,Toiduraiskamine või toiduohutus – kas peame valima_,67,29,5005.804,1.0
2397264588,Mille taha jääb majanduskasv_,-1,6,1063.28,0.2027783424918728
2397264588,Mille taha jääb majanduskasv_,135,19,3254.318,0.6206316398140346
2397264588,Mille taha jääb majanduskasv_,158,1,180.07999999999993,0.0343430929914382
2397264588,Mille taha jääb majanduskasv_,174,5,859.0399999999995,0.1638276910448972
2397829623,Noorte julm vägivald – kas sinu kodukant on järgmine_,-1,3,549.0400000000004,0.1028280331123348
2397829623,Noorte julm vägivald – kas sinu kodukant on järgmine_,21,8,1525.8399999999992,0.285769936697007
2397829623,Noorte julm vägivald – kas sinu kodukant on järgmine_,46,2,349.6399999999994,0.0654830130726297
2397829623,Noorte julm vägivald – kas sinu kodukant on järgmine_,52,1,202.52000000000044,0.03792935535828
2397829623,Noorte julm vägivald – kas sinu kodukant on järgmine_,163,16,2840.84,0.532052290519534
2397829626,"Kui sensoreid saab rohkem kui inimesi, siis kes hoiab piirialade Eestit_",-1,5,909.08,0.1655631008532943
2397829626,"Kui sensoreid saab rohkem kui inimesi, siis kes hoiab piirialade Eestit_",151,17,2988.757,0.5443171960850413
2397829626,"Kui sensoreid saab rohkem kui inimesi, siis kes hoiab piirialade Eestit_",202,10,1760.1199999999997,0.3205558642516614
2397829629,Religioossete ühenduste roll ühiskonna toetaja ja tasakaalustajana,25,3,530.2150000000001,0.0956297778591403
2397829629,Religioossete ühenduste roll ühiskonna toetaja ja tasakaalustajana,50,26,5024.84,0.9062820421484168
2397829632,Appi! Mind ei lasta muuseumisse! Kultuuriharidus kui regionaalpoliitika,-1,1,180.03999999999996,0.0321223117145274
2397829632,Appi! Mind ei lasta muuseumisse! Kultuuriharidus kui regionaalpoliitika,39,31,5449.106999999999,0.9722168052644622
2397829635,„Veibi-Vellod“ ja veipivad noored – miks salaturg võidab ja mida teha teisiti_,-1,1,67.38000000000011,0.0129073041779208
2397829635,„Veibi-Vellod“ ja veipivad noored – miks salaturg võidab ja mida teha teisiti_,52,1,181.15999999999983,0.034702986418405
2397829635,„Veibi-Vellod“ ja veipivad noored – miks salaturg võidab ja mida teha teisiti_,81,27,4671.4,0.8948527862383389
2397829635,„Veibi-Vellod“ ja veipivad noored – miks salaturg võidab ja mida teha teisiti_,136,2,354.4400000000005,0.0678964810451507
2397829638,Kus on noore kodu_ Kuidas elatakse tulevikus ja kas kodu peab tingimata omama_,7,26,4442.933,1.0
2397829641,"Kelle vastutus on NEET-olukorras noor – tema enda, spetsialistide või kogu ühiskonna_",21,27,4637.96,0.972994450862832
2397829641,"Kelle vastutus on NEET-olukorras noor – tema enda, spetsialistide või kogu ühiskonna_",82,1,142.48700000000008,0.029892250109982
2400164898,Kas lapsevanem on partner või lihtsalt teenusetarbija_,-1,4,740.8800000000001,0.1503443870251868
2400164898,Kas lapsevanem on partner või lihtsalt teenusetarbija_,64,24,4214.126,0.8551589870382553
2400164901,Ühiskondlik ebavõrdsus algab enne kooli – kas me tunnistame seda_,-1,23,3993.84,0.7403224999212193
2400164901,Ühiskondlik ebavõrdsus algab enne kooli – kas me tunnistame seda_,64,2,363.52,0.0673842805849412
2400164901,Ühiskondlik ebavõrdsus algab enne kooli – kas me tunnistame seda_,144,7,1191.29,0.2208247678753153
2400164904,Kuidas toetada lapse keele ja kõne arengut liikumismängude kaudu_,-1,3,437.63300000000027,0.1098544513176394
2400164904,Kuidas toetada lapse keele ja kõne arengut liikumismängude kaudu_,139,20,3568.6800000000003,0.895808550379504
2400164907,Iga lapse tulevik on Eesti arenguküsimus,-1,19,3262.214000000001,0.5684077993955271
2400164907,Iga lapse tulevik on Eesti arenguküsimus,144,4,733.9600000000007,0.1278851076122968
2400164907,Iga lapse tulevik on Eesti arenguküsimus,172,11,1960.64,0.3416216924477812
2400164910,"Mida laps tegelikult tahab, et me märkaks_",-1,8,1389.3199999999997,0.2866844786928382
2400164910,"Mida laps tegelikult tahab, et me märkaks_",64,2,263.4440000000004,0.0543613464174964
2400164910,"Mida laps tegelikult tahab, et me märkaks_",149,19,3290.08,0.6789039743599267
2400164913,Alushariduse agenda 2027–2031_ mida Eesti peab nüüd otsustama_,-1,19,3411.4,0.6301500785701869
2400164913,Alushariduse agenda 2027–2031_ mida Eesti peab nüüd otsustama_,64,1,214.6310000000003,0.0396464036798962
2400164913,Alushariduse agenda 2027–2031_ mida Eesti peab nüüd otsustama_,144,8,1576.7199999999998,0.2912499946893314
2400164913,Alushariduse agenda 2027–2031_ mida Eesti peab nüüd otsustama_,172,2,374.72,0.069217868746503
2400164916,Aga kes hoiab õpetajat_,-1,18,3598.554,1.0
2400184974,"Väike rahvas, suur mudel_ kas tehisaru on Eesti jaoks loodud_",20,28,4930.823,1.0
2400184977,"Post-it, pastakas ja AI-agent - Eesti.ai praktiline töötuba nutikama tööpäeva disainimiseks 2",-1,1,181.88,0.0418226950436151
2400184977,"Post-it, pastakas ja AI-agent - Eesti.ai praktiline töötuba nutikama tööpäeva disainimiseks 2",12,24,4177.635,0.9606331350810045
2400184980,"Eesti, Singapur, Dubai, Delaware. Kui konkurentsivõimelised me globaalselt oleme_",-1,15,2629.2790000000005,0.4792428220087093
2400184980,"Eesti, Singapur, Dubai, Delaware. Kui konkurentsivõimelised me globaalselt oleme_",0,1,181.0,0.0329911549073249
2400184980,"Eesti, Singapur, Dubai, Delaware. Kui konkurentsivõimelised me globaalselt oleme_",65,2,356.39999999999964,0.0649615889998375
2400184980,"Eesti, Singapur, Dubai, Delaware. Kui konkurentsivõimelised me globaalselt oleme_",119,1,181.7199999999998,0.0331223904406578
2400184980,"Eesti, Singapur, Dubai, Delaware. Kui konkurentsivõimelised me globaalselt oleme_",171,13,2257.9600000000005,0.4115619233952674
2400184983,"Post-it, pastakas ja AI-agent - Eesti.ai praktiline töötuba nutikama tööpäeva disainimiseks",0,1,190.48,0.0520336929635138
2400184983,"Post-it, pastakas ja AI-agent - Eesti.ai praktiline töötuba nutikama tööpäeva disainimiseks",12,20,3483.825,0.9516814384114536
2400184986,Eesti loob maailma esimese agentide riigi,-1,7,1289.1900000000005,0.2277113349618742
2400184986,Eesti loob maailma esimese agentide riigi,0,12,2080.88,0.3675485868611023
2400184986,Eesti loob maailma esimese agentide riigi,155,3,528.0800000000002,0.093275468912004
2400184986,Eesti loob maailma esimese agentide riigi,187,11,1921.4000000000003,0.3393794235106889
2400184989,Tiigri üleandmine. Kes kannab Eesti digilugu edasi_,-1,6,1103.8570000000004,0.2282367030245488
2400184989,Tiigri üleandmine. Kes kannab Eesti digilugu edasi_,90,1,182.52,0.0377383692235866
2400184989,Tiigri üleandmine. Kes kannab Eesti digilugu edasi_,119,20,3452.72,0.7138944892924718
2400184989,Tiigri üleandmine. Kes kannab Eesti digilugu edasi_,180,1,182.15999999999983,0.0376639345702856
2400184992,"Usalda, aga kontrolli – mis saab valesti minna, kui AI-agent saab isikukoodi_",-1,13,2320.467,0.3875255577616686
2400184992,"Usalda, aga kontrolli – mis saab valesti minna, kui AI-agent saab isikukoodi_",65,12,2123.5599999999995,0.3546414465020915
2400184992,"Usalda, aga kontrolli – mis saab valesti minna, kui AI-agent saab isikukoodi_",76,1,181.71999999999932,0.0303478327235208
2400184992,"Usalda, aga kontrolli – mis saab valesti minna, kui AI-agent saab isikukoodi_",188,9,1624.6400000000006,0.2713201791544191
2400184995,Kas annaksid AI-le õiguse enda nimel tegutseda_,-1,14,2490.16,0.4627339164768774
2400184995,Kas annaksid AI-le õiguse enda nimel tegutseda_,65,15,2659.9280000000003,0.4942810506098032
2400184995,Kas annaksid AI-le õiguse enda nimel tegutseda_,188,2,390.1599999999997,0.0725014717337915
2400207741,"Kuidas rahastada terviseidusid nii, et uued lahendused jõuaksid ka Eestis kasutusele_",-1,17,2932.3020000000006,0.5381770890114163
2400207741,"Kuidas rahastada terviseidusid nii, et uued lahendused jõuaksid ka Eestis kasutusele_",14,1,186.04,0.0341446636941501
2400207741,"Kuidas rahastada terviseidusid nii, et uued lahendused jõuaksid ka Eestis kasutusele_",170,14,2428.28,0.4456719197765583
2400207744,Konkurents tervishoius – kas oht või lahendus_,116,23,4012.3200000000006,0.750669880145617
2400207744,Konkurents tervishoius – kas oht või lahendus_,192,8,1419.2659999999998,0.2655322202901934
2400207747,Kuidas tehnoloogia areng meie aju mõjutab_,-1,24,4170.047000000001,0.8429093425846141
2400207747,Kuidas tehnoloogia areng meie aju mõjutab_,13,3,542.96,0.1097508149547815
2400207747,Kuidas tehnoloogia areng meie aju mõjutab_,178,1,182.9199999999996,0.0369743978774285
2400207747,Kuidas tehnoloogia areng meie aju mõjutab_,196,1,183.75999999999976,0.0371441906514119
2400207750,Eesti terviseandmed_ kristallkuul või kompass_,-1,7,1261.3199999999997,0.2250173269335921
2400207750,Eesti terviseandmed_ kristallkuul või kompass_,14,26,4459.395,0.7955484275529019
2400207753,"Uued hambad Türgist – kes parandab, kui midagi läheb valesti_",43,31,5250.459,1.0
2400207756,Kuhu kaovad töötajad_,-1,7,1163.9969999999994,0.2143815784602684
2400207756,Kuhu kaovad töötajad_,21,1,183.5600000000004,0.0338075463615172
2400207756,Kuhu kaovad töötajad_,109,24,4169.280000000001,0.7678858514608099
2400207759,Tervishoid aastal 2050_ milliseid otsuseid peame tegema juba täna_,-1,23,4069.525,0.7500260328114792
2400207759,Tervishoid aastal 2050_ milliseid otsuseid peame tegema juba täna_,14,8,1425.1599999999996,0.2626613919122275
2400207762,Kelle vastutus on ennetus tervishoius_,-1,9,1526.8420000000006,0.2839261812235268
2400207762,Kelle vastutus on ennetus tervishoius_,47,2,346.27999999999975,0.0643930138377663
2400207762,Kelle vastutus on ennetus tervishoius_,62,2,364.32000000000016,0.0677476689424022
2400207762,Kelle vastutus on ennetus tervishoius_,134,19,3321.1600000000003,0.6175912609374961
2400207765,Üksilduse rohi_ kes vastutab üksilduse eest_,-1,4,709.3200000000002,0.1294433418032721
2400207765,Üksilduse rohi_ kes vastutab üksilduse eest_,78,2,367.1200000000004,0.0669954881334479
2400207765,Üksilduse rohi_ kes vastutab üksilduse eest_,82,26,4507.492,0.822569260180898
