segmentation,embedding_model,candidate,seed,n_neighbors,min_cluster_size,min_samples,method,topic_count,outlier_fraction,median_topic_size,largest_topic_fraction,original_cosine_silhouette,mean_member_centroid_cosine
fixed,qwen,eom-10-3,42,15,10,3,eom,167,0.28189457601222306,21.0,0.04614209320091673,0.07696542888879776,0.8993617213786916
fixed,qwen,eom-10-3,7,15,10,3,eom,170,0.2644766997708174,22.0,0.06294881588999236,0.07465875148773193,0.8984893236261312
fixed,qwen,leaf-10-3,42,15,10,3,leaf,194,0.3533995416348358,19.0,0.02001527883880825,0.07628656923770905,0.9036445717392436
fixed,qwen,leaf-10-3,7,15,10,3,leaf,190,0.34728800611153554,19.5,0.010847975553857907,0.08452264964580536,0.9022776040803181
fixed,qwen,leaf-6-2,42,15,6,2,leaf,346,0.3304812834224599,10.0,0.007792207792207792,0.05086996406316757,0.9120583164126075
fixed,qwen,leaf-6-2,7,15,6,2,leaf,342,0.3310924369747899,11.0,0.0074866310160427805,0.062030404806137085,0.9121093458511776
fixed,qwen,leaf-local-6-2,42,10,6,2,leaf,384,0.29228418640183346,10.0,0.006569900687547746,0.05491039901971817,0.913196669328501
fixed,qwen,leaf-local-6-2,7,10,6,2,leaf,366,0.31153552330022916,10.0,0.006417112299465241,0.052081674337387085,0.91225562030032
fixed,bge,eom-10-3,42,15,10,3,eom,188,0.1633307868601986,25.0,0.017112299465240642,0.0712619498372078,0.8161483745970284
fixed,bge,eom-10-3,7,15,10,3,eom,186,0.15966386554621848,27.0,0.01680672268907563,0.08205998688936234,0.8162869975566864
fixed,bge,leaf-10-3,42,15,10,3,leaf,207,0.21894576012223071,23.0,0.012070282658517952,0.07228647917509079,0.8203641460255278
fixed,bge,leaf-10-3,7,15,10,3,leaf,203,0.20855614973262032,24.0,0.011153552330022918,0.07778648287057877,0.8196665903891376
fixed,bge,leaf-6-2,42,15,6,2,leaf,325,0.24094728800611154,11.0,0.009625668449197862,0.049810852855443954,0.830270179995784
fixed,bge,leaf-6-2,7,15,6,2,leaf,322,0.24721161191749427,12.0,0.009320091673032849,0.05303405597805977,0.8302830165168541
fixed,bge,leaf-local-6-2,42,10,6,2,leaf,346,0.23605805958747136,11.0,0.007944996180290298,0.05046197399497032,0.8320301996469498
fixed,bge,leaf-local-6-2,7,10,6,2,leaf,340,0.23544690603514132,12.0,0.009931245225362872,0.04621018096804619,0.8312497583629607
semantic,qwen,eom-10-3,42,15,10,3,eom,122,0.2308809293320426,18.5,0.08276863504356244,0.09542098641395569,0.8764613509140651
semantic,qwen,eom-10-3,7,15,10,3,eom,127,0.2942884801548887,18.0,0.03315585672797677,0.10615836828947067,0.8812528487054736
semantic,qwen,leaf-10-3,42,15,10,3,leaf,143,0.3318005808325266,16.0,0.013552758954501452,0.1115868091583252,0.8841819775920552
semantic,qwen,leaf-10-3,7,15,10,3,leaf,135,0.3276863504356244,17.0,0.010890609874152952,0.11118645966053009,0.8840107451976847
semantic,qwen,leaf-6-2,42,15,6,2,leaf,243,0.2962245885769603,10.0,0.010890609874152952,0.081374891102314,0.8941477522397467
semantic,qwen,leaf-6-2,7,15,6,2,leaf,230,0.3194578896418199,11.0,0.011132623426911906,0.08836610615253448,0.8942997704232231
semantic,qwen,leaf-local-6-2,42,10,6,2,leaf,247,0.28049370764762827,11.0,0.012342691190706679,0.08920687437057495,0.8936633135267592
semantic,qwen,leaf-local-6-2,7,10,6,2,leaf,245,0.2637947725072604,11.0,0.009196515004840271,0.08311386406421661,0.892665980463354
semantic,bge,eom-10-3,42,15,10,3,eom,152,0.20522749273959343,18.0,0.026137463697967087,0.0758250281214714,0.8140290967947673
semantic,bge,eom-10-3,7,15,10,3,eom,143,0.18126815101645694,19.0,0.03339787028073572,0.07223045825958252,0.810956777569249
semantic,bge,leaf-10-3,42,15,10,3,leaf,160,0.234027105517909,17.0,0.015488867376573089,0.07995850592851639,0.8165105342111693
semantic,bge,leaf-10-3,7,15,10,3,leaf,155,0.21732817037754115,18.0,0.015972894482090997,0.08339735120534897,0.8149181287194301
semantic,bge,leaf-6-2,42,15,6,2,leaf,219,0.23838334946757017,14.0,0.012342691190706679,0.07331416010856628,0.8253175096167887
semantic,bge,leaf-6-2,7,15,6,2,leaf,219,0.24007744433688286,13.0,0.01016456921587609,0.06840813159942627,0.8242903693466429
semantic,bge,leaf-local-6-2,42,10,6,2,leaf,236,0.20014520813165537,13.0,0.009438528557599225,0.05949766933917999,0.8245755865245652
semantic,bge,leaf-local-6-2,7,10,6,2,leaf,236,0.21200387221684414,13.0,0.012342691190706679,0.06519684940576553,0.8257676447931613
