segmentation,embedding_model,candidate,shared_inlier_fraction,outlier_status_agreement,inlier_ARI
fixed,qwen,eom-10-3,0.6395721925133689,0.8255156608097785,0.7401249280519769
fixed,qwen,leaf-10-3,0.5498854087089381,0.8004583651642475,0.874521765058079
fixed,qwen,leaf-6-2,0.560122230710466,0.7818181818181819,0.8547239784736121
fixed,qwen,leaf-local-6-2,0.5839572192513369,0.7717341482047364,0.8154272064462438
fixed,bge,eom-10-3,0.7891520244461421,0.9012987012987013,0.9259852621246686
fixed,bge,leaf-10-3,0.7156608097784568,0.8588235294117647,0.9489830576391537
fixed,bge,leaf-6-2,0.6566844919786097,0.8015278838808251,0.8707005871034237
fixed,bge,leaf-local-6-2,0.6479755538579068,0.7674560733384262,0.8478946925315093
semantic,qwen,eom-10-3,0.6524685382381413,0.8301064859632139,0.6952968207357882
semantic,qwen,leaf-10-3,0.5912391093901258,0.8419651500484027,0.9201986169592514
semantic,qwen,leaf-6-2,0.5982575024201355,0.8121974830590513,0.8565105464896501
semantic,qwen,leaf-local-6-2,0.6200387221684415,0.7843659244917716,0.8475892970626159
semantic,bge,eom-10-3,0.7519361084220716,0.8903678606001936,0.8836548100268871
semantic,bge,leaf-10-3,0.7134559535333979,0.8782671829622459,0.9106059619543708
semantic,bge,leaf-6-2,0.6737657308809293,0.8259922555663117,0.8834794856563958
semantic,bge,leaf-local-6-2,0.7139399806389157,0.8400290416263311,0.8795895841707928
