id,parent,label,segments,talks,kind,area_weight,color
topic:semantic:bge:leaf-local-6-2:42:120,category:ai,AI odava kasutuselevõtu ja eksporti,1,1,Detailed topic,1,#000000
topic:semantic:bge:leaf-local-6-2:42:155,category:ai,AI-agentide vastutus ja kontroll,1,1,Detailed topic,1,#000000
topic:semantic:bge:leaf-local-6-2:42:186,category:ai,AI mõju töökorraldusele ja tööturule,9,7,Detailed topic,9,#000000
topic:semantic:bge:leaf-local-6-2:42:199,category:ai,AI kasutamine töö- ja loometekstide koostamisel,7,4,Detailed topic,7,#000000
topic:semantic:bge:leaf-local-6-2:42:234,category:ai,AI muudab üksikettevõtluse lihtsamaks,1,1,Detailed topic,1,#000000
topic:semantic:bge:leaf-local-6-2:42:9,category:ai,AI-assistendi prompti ülesehitus,1,1,Detailed topic,1,#000000
category:ai,root,Tehisintellekt ja digitehnoloogia,20,10,High-level category,20,#000000
topic:semantic:bge:leaf-local-6-2:42:0,category:children,noorte radikaliseerumine ja kuuluvus,8,1,Detailed topic,8,#0000FF
topic:semantic:bge:leaf-local-6-2:42:125,category:children,Tubli lapse surve ja märkamine,1,1,Detailed topic,1,#0000FF
topic:semantic:bge:leaf-local-6-2:42:129,category:children,lapsega esmakontakti loomine lastekaitses,10,1,Detailed topic,10,#0000FF
topic:semantic:bge:leaf-local-6-2:42:209,category:children,Laste internetikäitumine ja abiotsimine,11,4,Detailed topic,11,#0000FF
topic:semantic:bge:leaf-local-6-2:42:36,category:children,Lastekodukasvamise kogemus ja märkamise roll,2,1,Detailed topic,2,#0000FF
topic:semantic:bge:leaf-local-6-2:42:66,category:children,NEET-noorte toetamine ja vastutuse jagamine,4,3,Detailed topic,4,#0000FF
topic:semantic:bge:leaf-local-6-2:42:76,category:children,Laste ja AI-petuste internetiohud,8,1,Detailed topic,8,#0000FF
topic:semantic:bge:leaf-local-6-2:42:95,category:children,Veebis lastega suhtlemise seksuaalriskid,3,3,Detailed topic,3,#0000FF
category:children,root,Laste ja noorte kaitse ning toetamine,47,7,High-level category,47,#0000FF
topic:semantic:bge:leaf-local-6-2:42:144,category:climate,Minimalistlik ökoeluviis ja piisavus,13,2,Detailed topic,13,#FF0000
topic:semantic:bge:leaf-local-6-2:42:152,category:climate,CO2 kvoodikaubanduse reform ja ETS2,6,4,Detailed topic,6,#FF0000
topic:semantic:bge:leaf-local-6-2:42:176,category:climate,Eesti loodusidentiteet ja kliimaskepsis,2,2,Detailed topic,2,#FF0000
topic:semantic:bge:leaf-local-6-2:42:216,category:climate,rohetehnoloogia investeeringute ja turu takistused,20,12,Detailed topic,20,#FF0000
topic:semantic:bge:leaf-local-6-2:42:24,category:climate,Eesti kliimahoiakud ja rohepöörde skeptitsism,25,10,Detailed topic,25,#FF0000
topic:semantic:bge:leaf-local-6-2:42:37,category:climate,kliimariski mõju vee- ja soojusvarustusele,4,2,Detailed topic,4,#FF0000
topic:semantic:bge:leaf-local-6-2:42:44,category:climate,Tööstuse energiaportfelli ja emissioonide optimeerimine,6,3,Detailed topic,6,#FF0000
topic:semantic:bge:leaf-local-6-2:42:5,category:climate,Rohetehnoloogia rahastus ja laenuotsused,9,4,Detailed topic,9,#FF0000
category:climate,root,"Kliima, rohepööre ja kestlik tarbimine",85,23,High-level category,85,#FF0000
topic:semantic:bge:leaf-local-6-2:42:126,category:culture,noorte filmiarutelud ja tagasiside,10,1,Detailed topic,10,#006400
topic:semantic:bge:leaf-local-6-2:42:164,category:culture,Emadus ja koolikultuur kultuuri kandjana,10,2,Detailed topic,10,#006400
topic:semantic:bge:leaf-local-6-2:42:165,category:culture,Pätsi ja Vabadussõja ajalooline kasutus,5,1,Detailed topic,5,#006400
topic:semantic:bge:leaf-local-6-2:42:78,category:culture,Koduloomuuseumi rahastamine ja jätkamine,15,1,Detailed topic,15,#006400
category:culture,root,"Kultuur, loome ja pärand",40,5,High-level category,40,#006400
topic:semantic:bge:leaf-local-6-2:42:154,category:cyber,Interneti solvangute ja ähvarduste ohjeldamine,2,2,Detailed topic,2,#FF8C00
topic:semantic:bge:leaf-local-6-2:42:41,category:cyber,Laste piltide postitamine vanemate poolt,11,1,Detailed topic,11,#FF8C00
topic:semantic:bge:leaf-local-6-2:42:60,category:cyber,andmejärelevalve ja tehisintellekti piirid,4,3,Detailed topic,4,#FF8C00
topic:semantic:bge:leaf-local-6-2:42:63,category:cyber,Paroolide ja wifi kaudu levinud küberpettused,14,1,Detailed topic,14,#FF8C00
category:cyber,root,"Küberturvalisus, privaatsus ja digiohud",31,6,High-level category,31,#FF8C00
topic:semantic:bge:leaf-local-6-2:42:100,category:defence,naiste ajateenistuse laiendamine riigikaitses,16,3,Detailed topic,16,#008B8B
topic:semantic:bge:leaf-local-6-2:42:102,category:defence,Hispaaniasse kolimise hirm reservväelaste seas,6,1,Detailed topic,6,#008B8B
topic:semantic:bge:leaf-local-6-2:42:106,category:defence,Sooneutraalne ajateenistus ja reservi täitmine,18,4,Detailed topic,18,#008B8B
topic:semantic:bge:leaf-local-6-2:42:189,category:defence,kihiline õhukaitse ja mehitamata võimed,5,2,Detailed topic,5,#008B8B
topic:semantic:bge:leaf-local-6-2:42:29,category:defence,Läänemeremaade julgeolekukoostöö NATO varjus,14,3,Detailed topic,14,#008B8B
topic:semantic:bge:leaf-local-6-2:42:45,category:defence,Lai riigikaitse kodune ja kogukondlik valmisolek,44,7,Detailed topic,44,#008B8B
topic:semantic:bge:leaf-local-6-2:42:52,category:defence,Narva-ründe ja hübriidohu arutelu,10,1,Detailed topic,10,#008B8B
topic:semantic:bge:leaf-local-6-2:42:80,category:defence,Varude ja tsiviilkaasatuse sõjaks valmistumine,9,2,Detailed topic,9,#008B8B
topic:semantic:bge:leaf-local-6-2:42:83,category:defence,Kaitsekulude tõus ja hanked,28,7,Detailed topic,28,#008B8B
topic:semantic:bge:leaf-local-6-2:42:91,category:defence,Märgalade ja maastike kaitsev roll,11,1,Detailed topic,11,#008B8B
category:defence,root,"Riigikaitse, julgeolek ja kriisivalmidus",161,15,High-level category,161,#008B8B
topic:semantic:bge:leaf-local-6-2:42:142,category:economy,"Väikeettevõtjate maksud, hanked ja eksport",14,5,Detailed topic,14,#FF00FF
topic:semantic:bge:leaf-local-6-2:42:157,category:economy,Startup-ökosüsteemi kogukond ja eeskujud,2,2,Detailed topic,2,#FF00FF
topic:semantic:bge:leaf-local-6-2:42:169,category:economy,Majanduskasvu ja heaolu vaidlus,12,9,Detailed topic,12,#FF00FF
topic:semantic:bge:leaf-local-6-2:42:174,category:economy,Maksutõusud ja majanduse toimetulek,10,3,Detailed topic,10,#FF00FF
topic:semantic:bge:leaf-local-6-2:42:201,category:economy,Eesti majanduskasvu aeglane koordineerimine,7,2,Detailed topic,7,#FF00FF
topic:semantic:bge:leaf-local-6-2:42:22,category:economy,Ukraina turule sisenemine kohaliku partneriga,15,3,Detailed topic,15,#FF00FF
topic:semantic:bge:leaf-local-6-2:42:230,category:economy,Eesti majanduskasvu pidurdavad välis- ja usaldustegurid,5,3,Detailed topic,5,#FF00FF
category:economy,root,"Majandus, ettevõtlus ja innovatsioon",65,17,High-level category,65,#FF00FF
topic:semantic:bge:leaf-local-6-2:42:116,category:education,Programmeerijaks saamise oskused ja praktikaotsing,11,2,Detailed topic,11,#FFD700
topic:semantic:bge:leaf-local-6-2:42:134,category:education,Õpetaja Laura tulevikuõpetuse stsenaariumid,9,1,Detailed topic,9,#FFD700
topic:semantic:bge:leaf-local-6-2:42:139,category:education,Tehisaru mõju õppimisele ja hindamisele,15,4,Detailed topic,15,#FFD700
topic:semantic:bge:leaf-local-6-2:42:141,category:education,TalTechi energeetikaõpingud ja tööalane suund,9,2,Detailed topic,9,#FFD700
topic:semantic:bge:leaf-local-6-2:42:145,category:education,Õpetajate ja õpilaste AI-kohandumine,19,5,Detailed topic,19,#FFD700
topic:semantic:bge:leaf-local-6-2:42:146,category:education,Inseneeriaõppe ja tehnikahariduse järelkasv,16,9,Detailed topic,16,#FFD700
topic:semantic:bge:leaf-local-6-2:42:149,category:education,tehisintellekti kirjutatud teadusartiklite usaldus ja hindamine,1,1,Detailed topic,1,#FFD700
topic:semantic:bge:leaf-local-6-2:42:171,category:education,Tehisintellekti kasutus kooliõppes,17,6,Detailed topic,17,#FFD700
topic:semantic:bge:leaf-local-6-2:42:188,category:education,Inseneride nappus ja palga küsimus,4,3,Detailed topic,4,#FFD700
topic:semantic:bge:leaf-local-6-2:42:190,category:education,Eesti hariduse eesmärgid ja sihid,39,19,Detailed topic,39,#FFD700
topic:semantic:bge:leaf-local-6-2:42:20,category:education,Nutiseadmete kasutuse piiramine koolis,12,3,Detailed topic,12,#FFD700
topic:semantic:bge:leaf-local-6-2:42:225,category:education,hariduse tulevikuala arutelude tutvustus,8,5,Detailed topic,8,#FFD700
topic:semantic:bge:leaf-local-6-2:42:23,category:education,õpilasmaleva esimese töökogemuse roll,2,1,Detailed topic,2,#FFD700
topic:semantic:bge:leaf-local-6-2:42:25,category:education,Teadmussiirdedoktorantuuri ettevõtluslik praktilisus,4,2,Detailed topic,4,#FFD700
topic:semantic:bge:leaf-local-6-2:42:28,category:education,Täiskasvanute ümberõpe ja õppimise paindlikkus,16,2,Detailed topic,16,#FFD700
topic:semantic:bge:leaf-local-6-2:42:38,category:education,eesti keele õppimine mitmekeelses koolis,12,2,Detailed topic,12,#FFD700
topic:semantic:bge:leaf-local-6-2:42:4,category:education,"Lasteaia kvaliteet, märkamise ja toetuse roll",1,1,Detailed topic,1,#FFD700
topic:semantic:bge:leaf-local-6-2:42:53,category:education,koolivõrgu koondamine ja juhtimisotsused,13,2,Detailed topic,13,#FFD700
topic:semantic:bge:leaf-local-6-2:42:57,category:education,Tugevustel põhinev paindlik koolikorraldus,13,1,Detailed topic,13,#FFD700
topic:semantic:bge:leaf-local-6-2:42:68,category:education,Ettevõtliku hoiakuga kooli ja töö sidumine,14,3,Detailed topic,14,#FFD700
topic:semantic:bge:leaf-local-6-2:42:7,category:education,Tagasiside ja hinde seos õppimisega,16,2,Detailed topic,16,#FFD700
topic:semantic:bge:leaf-local-6-2:42:70,category:education,Õpiampsud töö- ja enesearengu osana,12,2,Detailed topic,12,#FFD700
topic:semantic:bge:leaf-local-6-2:42:85,category:education,Koolijuhi strateegiline roll ja vastutus,17,4,Detailed topic,17,#FFD700
topic:semantic:bge:leaf-local-6-2:42:98,category:education,Vajaduspõhine tudengitoetus ja elamiskulud,6,2,Detailed topic,6,#FFD700
category:education,root,"Haridus, õppimine ja oskused",286,42,High-level category,286,#FFD700
topic:semantic:bge:leaf-local-6-2:42:117,category:energy,Kaugkütte hinna kujunemine ja püsitasu,3,1,Detailed topic,3,#4B0082
topic:semantic:bge:leaf-local-6-2:42:127,category:energy,Elektribörsi hinnakujunduse jaotumine,1,1,Detailed topic,1,#4B0082
topic:semantic:bge:leaf-local-6-2:42:132,category:energy,Eesti elektritarbimise ja tootmise sihid,5,4,Detailed topic,5,#4B0082
topic:semantic:bge:leaf-local-6-2:42:156,category:energy,Meretuuleparkide arendamise kindlustamine,3,1,Detailed topic,3,#4B0082
topic:semantic:bge:leaf-local-6-2:42:160,category:energy,Juhitavate elektrivõimsuste vajadus Eestis,22,3,Detailed topic,22,#4B0082
topic:semantic:bge:leaf-local-6-2:42:17,category:energy,Biogaasi ja vesiniku kasutus Eestis,19,4,Detailed topic,19,#4B0082
topic:semantic:bge:leaf-local-6-2:42:181,category:energy,Eesti elektritarbimise kasv ja puudujääk,2,2,Detailed topic,2,#4B0082
topic:semantic:bge:leaf-local-6-2:42:198,category:energy,Tuulikuinfraheli häirivuse ja tervisemõju vaidlus,18,2,Detailed topic,18,#4B0082
topic:semantic:bge:leaf-local-6-2:42:211,category:energy,Tuuleparkide kaasamise murede tuum,17,6,Detailed topic,17,#4B0082
topic:semantic:bge:leaf-local-6-2:42:212,category:energy,kaugkütte elektrifitseerimine ja hinnastamine,10,2,Detailed topic,10,#4B0082
topic:semantic:bge:leaf-local-6-2:42:213,category:energy,Tuuliku müra normid ja mõõtmised,8,1,Detailed topic,8,#4B0082
topic:semantic:bge:leaf-local-6-2:42:223,category:energy,Eleringi vähempakkumised uute elektrivõimsuste jaoks,1,1,Detailed topic,1,#4B0082
topic:semantic:bge:leaf-local-6-2:42:224,category:energy,Sagedusreservi hange ja liitumistingimused,6,2,Detailed topic,6,#4B0082
topic:semantic:bge:leaf-local-6-2:42:75,category:energy,Tuuleparkide kaasamise usalduskriis,13,1,Detailed topic,13,#4B0082
category:energy,root,Energeetika ja energiaturud,128,15,High-level category,128,#4B0082
topic:semantic:bge:leaf-local-6-2:42:10,category:family,Nõusolek paarisuhtes ja läheduses,3,1,Detailed topic,3,#A52A2A
topic:semantic:bge:leaf-local-6-2:42:12,category:family,sündimuse toetamine läbi perekindluse,16,2,Detailed topic,16,#A52A2A
topic:semantic:bge:leaf-local-6-2:42:13,category:family,Emaduse karjäärikaod ja naasmine tööle,1,1,Detailed topic,1,#A52A2A
topic:semantic:bge:leaf-local-6-2:42:150,category:family,Naiste juhtide ja isade rolliootused,2,2,Detailed topic,2,#A52A2A
topic:semantic:bge:leaf-local-6-2:42:185,category:family,meeste osa koduses ja lapsehoius,3,1,Detailed topic,3,#A52A2A
topic:semantic:bge:leaf-local-6-2:42:40,category:family,Õige keha- ja seksuaalsõnavara õpetamine,10,1,Detailed topic,10,#A52A2A
topic:semantic:bge:leaf-local-6-2:42:54,category:family,Istanbuli konventsiooni vaidlused ja rakendamine,2,1,Detailed topic,2,#A52A2A
category:family,root,"Pere, suhted ja sooline võrdsus",37,5,High-level category,37,#A52A2A
topic:semantic:bge:leaf-local-6-2:42:222,category:food,Valgu tootmine kohalike biojääkide pealt,5,2,Detailed topic,5,#00BFFF
category:food,root,"Toit, põllumajandus ja toidujulgeolek",5,2,High-level category,5,#00BFFF
topic:semantic:bge:leaf-local-6-2:42:118,category:governance,Visiooni ja väärtuste vaidlus riigijuhtimises,17,7,Detailed topic,17,#32CD32
topic:semantic:bge:leaf-local-6-2:42:128,category:governance,Annetuste mõju ja annetamise normaliseerimine,22,3,Detailed topic,22,#32CD32
topic:semantic:bge:leaf-local-6-2:42:147,category:governance,Noorte osalus erakondade noortekogudes,6,2,Detailed topic,6,#32CD32
topic:semantic:bge:leaf-local-6-2:42:159,category:governance,Vabatahtlike hoidmine ja kaasamise barjäärid,2,2,Detailed topic,2,#32CD32
topic:semantic:bge:leaf-local-6-2:42:217,category:governance,Erakonnajuhid ja noorte esindajad laval,6,3,Detailed topic,6,#32CD32
topic:semantic:bge:leaf-local-6-2:42:233,category:governance,Kaasamise aeglane juhtimine ja valeinfo,4,2,Detailed topic,4,#32CD32
topic:semantic:bge:leaf-local-6-2:42:31,category:governance,Valimiste valvamine ja rahastamise läbipaistvus,17,2,Detailed topic,17,#32CD32
topic:semantic:bge:leaf-local-6-2:42:33,category:governance,Kogukonna hääle kaasamine otsustesse,13,8,Detailed topic,13,#32CD32
topic:semantic:bge:leaf-local-6-2:42:34,category:governance,Vabaühenduste rahastamise läbipaistvus ja sõltumatus,20,2,Detailed topic,20,#32CD32
topic:semantic:bge:leaf-local-6-2:42:35,category:governance,Rahvakohtunike ja menetluse tõhustamise vaidlus,14,1,Detailed topic,14,#32CD32
topic:semantic:bge:leaf-local-6-2:42:39,category:governance,Vasakpoolsuse ja identiteedi pinged,19,2,Detailed topic,19,#32CD32
topic:semantic:bge:leaf-local-6-2:42:46,category:governance,laimavate netikommentaaride ja mainekahju vaidlused kohtus,20,1,Detailed topic,20,#32CD32
topic:semantic:bge:leaf-local-6-2:42:50,category:governance,Annetuste kasutamine organisatsiooni kuludeks,14,2,Detailed topic,14,#32CD32
topic:semantic:bge:leaf-local-6-2:42:64,category:governance,Eesti 2050 ühised unistused ja tulevikunägemus,20,6,Detailed topic,20,#32CD32
category:governance,root,"Riigijuhtimine, kodanikuühiskond ja õigus",194,29,High-level category,194,#32CD32
topic:semantic:bge:leaf-local-6-2:42:115,category:healthcare,Patsiendi info jagamine ja koostöö,8,4,Detailed topic,8,#FF1493
topic:semantic:bge:leaf-local-6-2:42:131,category:healthcare,Haigekassa rahastusmudeli ümbermõtestamine,17,3,Detailed topic,17,#FF1493
topic:semantic:bge:leaf-local-6-2:42:137,category:healthcare,AI roll arstide suhtluses ja vähiravis,1,1,Detailed topic,1,#FF1493
topic:semantic:bge:leaf-local-6-2:42:143,category:healthcare,Terviseidu turuletoomise rahastus ja regulatsioon,4,2,Detailed topic,4,#FF1493
topic:semantic:bge:leaf-local-6-2:42:151,category:healthcare,Tervishoiu konkurentsi tasakaal,2,1,Detailed topic,2,#FF1493
topic:semantic:bge:leaf-local-6-2:42:153,category:healthcare,Vähipatsiendi infoedastuse vastutus,1,1,Detailed topic,1,#FF1493
topic:semantic:bge:leaf-local-6-2:42:179,category:healthcare,Covidijärgne nakkushaiguste seaduse muutmine,6,2,Detailed topic,6,#FF1493
topic:semantic:bge:leaf-local-6-2:42:182,category:healthcare,terviseandmete kasutus ja eetikakomitee loa takistused,2,1,Detailed topic,2,#FF1493
topic:semantic:bge:leaf-local-6-2:42:195,category:healthcare,Tervisehoolekande tehnoloogiad ja andmepõhine lõimimine,15,5,Detailed topic,15,#FF1493
topic:semantic:bge:leaf-local-6-2:42:2,category:healthcare,Vähiravi patsiendikesksus ja palliatiivne tugi,2,1,Detailed topic,2,#FF1493
topic:semantic:bge:leaf-local-6-2:42:204,category:healthcare,Terviseandmete kasutamine ravi ja ennetuse parandamiseks,2,2,Detailed topic,2,#FF1493
topic:semantic:bge:leaf-local-6-2:42:208,category:healthcare,Tulemuspõhine tervishoiurahastus ja kaugjälgimine,2,1,Detailed topic,2,#FF1493
topic:semantic:bge:leaf-local-6-2:42:226,category:healthcare,raviraha jaotamine patsiendiga kaasa,4,2,Detailed topic,4,#FF1493
topic:semantic:bge:leaf-local-6-2:42:30,category:healthcare,"laste hambaravi, narkoos ja vanema vastutus",20,1,Detailed topic,20,#FF1493
topic:semantic:bge:leaf-local-6-2:42:47,category:healthcare,Ülekaaluravimite hüvitamine ja elustiil,18,1,Detailed topic,18,#FF1493
topic:semantic:bge:leaf-local-6-2:42:67,category:healthcare,Perearsti tööjaotus ja koostöövõrgustik,21,4,Detailed topic,21,#FF1493
topic:semantic:bge:leaf-local-6-2:42:84,category:healthcare,surmaga toimetulek ja sellest rääkimine,2,1,Detailed topic,2,#FF1493
topic:semantic:bge:leaf-local-6-2:42:89,category:healthcare,Dementsusega hooldekodus vägivalla ja vastutuse arutelu,14,1,Detailed topic,14,#FF1493
category:healthcare,root,"Tervishoid, ravi ja terviseandmed",141,12,High-level category,141,#FF1493
topic:semantic:bge:leaf-local-6-2:42:104,category:international,Trumpi mõju USA poliitika ja Ukraina suunal,18,5,Detailed topic,18,#BDB76B
topic:semantic:bge:leaf-local-6-2:42:124,category:international,Von der Leyeni EL-i eelarve ja maksud,18,3,Detailed topic,18,#BDB76B
topic:semantic:bge:leaf-local-6-2:42:130,category:international,ÜRO reform ja väikeriikide hääl,16,4,Detailed topic,16,#BDB76B
topic:semantic:bge:leaf-local-6-2:42:161,category:international,Ekspordi eetika sanktsiooniriikides,9,1,Detailed topic,9,#BDB76B
topic:semantic:bge:leaf-local-6-2:42:192,category:international,Rahapõhine abi humanitaarkriisides,5,1,Detailed topic,5,#BDB76B
topic:semantic:bge:leaf-local-6-2:42:197,category:international,Ajaloolised paralleelid tänapäeva konfliktidele,18,4,Detailed topic,18,#BDB76B
topic:semantic:bge:leaf-local-6-2:42:203,category:international,Hiina mõju USA kaubandus- ja tarneahelatele,7,4,Detailed topic,7,#BDB76B
topic:semantic:bge:leaf-local-6-2:42:228,category:international,ÜRO Julgeolekunõukogu reformiummik,2,1,Detailed topic,2,#BDB76B
topic:semantic:bge:leaf-local-6-2:42:8,category:international,Palestiina tunnustamise ja kahe riigi debatt,19,2,Detailed topic,19,#BDB76B
topic:semantic:bge:leaf-local-6-2:42:81,category:international,ELi eelarve ja Rail Balticu rahastus,12,1,Detailed topic,12,#BDB76B
topic:semantic:bge:leaf-local-6-2:42:97,category:international,Armeenia ja humanitaarabi rahastuse kärped,6,1,Detailed topic,6,#BDB76B
category:international,root,"Rahvusvahelised suhted, Euroopa Liit ja humanitaarabi",130,15,High-level category,130,#BDB76B
topic:semantic:bge:leaf-local-6-2:42:113,category:media,Rohe- ja heaolu­väidete eksitavus reklaamis,1,1,Detailed topic,1,#708090
topic:semantic:bge:leaf-local-6-2:42:114,category:media,Sotsiaalmeedia poliitilise arutelu kvaliteet,4,4,Detailed topic,4,#708090
topic:semantic:bge:leaf-local-6-2:42:148,category:media,Infosõja vastulöök ja väärinfo tõrjumine,24,5,Detailed topic,24,#708090
topic:semantic:bge:leaf-local-6-2:42:215,category:media,Laulupeo ja Pätsi ümber käiv väärinfo,4,1,Detailed topic,4,#708090
topic:semantic:bge:leaf-local-6-2:42:219,category:media,Palestiina ja progressiivsete teemade kallutatud kajastus,10,2,Detailed topic,10,#708090
topic:semantic:bge:leaf-local-6-2:42:227,category:media,Põlevkivile õigustava teadlase valimine,5,1,Detailed topic,5,#708090
category:media,root,"Meedia, avalik arutelu ja infokvaliteet",48,11,High-level category,48,#708090
topic:semantic:bge:leaf-local-6-2:42:133,category:migration,Rände integreerimise ja keelepoliitika riskid,15,2,Detailed topic,15,#D2691E
topic:semantic:bge:leaf-local-6-2:42:187,category:migration,Sisserände juhtimine ja talendivajadus,14,4,Detailed topic,14,#D2691E
topic:semantic:bge:leaf-local-6-2:42:74,category:migration,eestikeelse suhtluse ja ühiskeele otsimine,7,3,Detailed topic,7,#D2691E
topic:semantic:bge:leaf-local-6-2:42:79,category:migration,"Kodu, kool ja sõbrad kujundavad sallivust",4,3,Detailed topic,4,#D2691E
topic:semantic:bge:leaf-local-6-2:42:93,category:migration,Eestisse kolijate kuuluvustunne ja kohanemine,6,2,Detailed topic,6,#D2691E
category:migration,root,"Ränne, lõimumine ja kuuluvus",46,9,High-level category,46,#D2691E
topic:semantic:bge:leaf-local-6-2:42:166,category:nature,Puidu väärindamine raiemahtu vähendades,14,5,Detailed topic,14,#66CDAA
topic:semantic:bge:leaf-local-6-2:42:167,category:nature,metsade tagavara langus ja arvestuslangi vaidlus,13,2,Detailed topic,13,#66CDAA
topic:semantic:bge:leaf-local-6-2:42:200,category:nature,Metsa raiemahtude ja kaitse vaidlus,24,6,Detailed topic,24,#66CDAA
topic:semantic:bge:leaf-local-6-2:42:220,category:nature,Bioressursside väärindamise takistused,9,1,Detailed topic,9,#66CDAA
topic:semantic:bge:leaf-local-6-2:42:221,category:nature,Metsa istandike rajamine ja regulatsioon,4,1,Detailed topic,4,#66CDAA
topic:semantic:bge:leaf-local-6-2:42:231,category:nature,Fosforiidi arutelu ja kogukonna vastuseis,14,4,Detailed topic,14,#66CDAA
topic:semantic:bge:leaf-local-6-2:42:55,category:nature,Püsimetsanduse definitsioon ja valikraie,18,1,Detailed topic,18,#66CDAA
topic:semantic:bge:leaf-local-6-2:42:61,category:nature,Elurikkuse krediitide turu kujundamine,16,1,Detailed topic,16,#66CDAA
topic:semantic:bge:leaf-local-6-2:42:69,category:nature,Kohtla-Järve tuhamägede väetisetehas,2,1,Detailed topic,2,#66CDAA
topic:semantic:bge:leaf-local-6-2:42:72,category:nature,Metsaomanike kaitse- ja majandusvaidlused,18,4,Detailed topic,18,#66CDAA
topic:semantic:bge:leaf-local-6-2:42:87,category:nature,Fosforiidi kaevandamise riskid ja ringfosfor,30,2,Detailed topic,30,#66CDAA
category:nature,root,"Loodus, metsandus ja maavarad",162,13,High-level category,162,#66CDAA
topic:semantic:bge:leaf-local-6-2:42:103,category:place,üleriigiline planeering ja ruumipoliitika,3,2,Detailed topic,3,#8FBC8F
topic:semantic:bge:leaf-local-6-2:42:136,category:place,Maapiirkondade teenuste ja ühenduste koosplaneerimine,2,2,Detailed topic,2,#8FBC8F
topic:semantic:bge:leaf-local-6-2:42:140,category:place,üldplaneeringus haljastuse ja rohekoridoride säilitamine,9,1,Detailed topic,9,#8FBC8F
topic:semantic:bge:leaf-local-6-2:42:193,category:place,Raudteeühenduse ja ühistranspordi koordineerimine,1,1,Detailed topic,1,#8FBC8F
topic:semantic:bge:leaf-local-6-2:42:27,category:place,Reisiks valmistumine ja turvalisus,12,1,Detailed topic,12,#8FBC8F
topic:semantic:bge:leaf-local-6-2:42:42,category:place,Idapiirialade eraldi regionaalpoliitika,1,1,Detailed topic,1,#8FBC8F
topic:semantic:bge:leaf-local-6-2:42:56,category:place,Noorte koduostu ja üüri kättesaadavus,1,1,Detailed topic,1,#8FBC8F
topic:semantic:bge:leaf-local-6-2:42:62,category:place,Rail Balticu ja raudteeühenduste mõju,2,1,Detailed topic,2,#8FBC8F
topic:semantic:bge:leaf-local-6-2:42:73,category:place,Korteriühistute kogukonnatunde loomine,19,1,Detailed topic,19,#8FBC8F
topic:semantic:bge:leaf-local-6-2:42:94,category:place,planeeringute ja kaasamise venimine,3,1,Detailed topic,3,#8FBC8F
category:place,root,"Eluase, ruum ja ühendused",53,8,High-level category,53,#8FBC8F
topic:semantic:bge:leaf-local-6-2:42:-1,category:unassigned,Unassigned,226,81,Detailed topic,226,#A9A9A9
category:unassigned,root,Määramata,226,81,High-level category,226,#A9A9A9
topic:semantic:bge:leaf-local-6-2:42:101,category:wellbeing,Liikumisharjumuste kujundamine lastel,15,2,Detailed topic,15,#9370DB
topic:semantic:bge:leaf-local-6-2:42:11,category:wellbeing,laste nutiekraani ja sotsiaalmeedia sõltuvus,28,6,Detailed topic,28,#9370DB
topic:semantic:bge:leaf-local-6-2:42:111,category:wellbeing,Diabeedi vaimne koormus ja kriis,13,1,Detailed topic,13,#9370DB
topic:semantic:bge:leaf-local-6-2:42:14,category:wellbeing,Üksilduse vähendamine suhtluse ja kogukonnaga,3,3,Detailed topic,3,#9370DB
topic:semantic:bge:leaf-local-6-2:42:163,category:wellbeing,Läbipõlemise varajaste märkide märkamine,16,5,Detailed topic,16,#9370DB
topic:semantic:bge:leaf-local-6-2:42:178,category:wellbeing,Noorte alkoholiga pidutsemine ja surve,16,1,Detailed topic,16,#9370DB
topic:semantic:bge:leaf-local-6-2:42:184,category:wellbeing,"Noorte veipimise, nikotiini ja salaturu piiramine",1,1,Detailed topic,1,#9370DB
topic:semantic:bge:leaf-local-6-2:42:191,category:wellbeing,Soola vähendamine ja igapäevane liikumine,4,1,Detailed topic,4,#9370DB
topic:semantic:bge:leaf-local-6-2:42:207,category:wellbeing,MMS ja seemneõli tervisevildakus,4,1,Detailed topic,4,#9370DB
topic:semantic:bge:leaf-local-6-2:42:32,category:wellbeing,Vererõhu ja südameriski varajane ennetus,2,1,Detailed topic,2,#9370DB
category:wellbeing,root,"Vaimne tervis, tervisekäitumine ja ennetus",102,17,High-level category,102,#9370DB
topic:semantic:bge:leaf-local-6-2:42:1,category:work,Tööõnnetuste ennetus ja tööohutuse teadlikkus,19,1,Detailed topic,19,#E9967A
topic:semantic:bge:leaf-local-6-2:42:119,category:work,Naiste osakaalu suurendamine IKT-s,18,2,Detailed topic,18,#E9967A
topic:semantic:bge:leaf-local-6-2:42:122,category:work,Tööülesannete paindlik jaotamine,8,1,Detailed topic,8,#E9967A
topic:semantic:bge:leaf-local-6-2:42:138,category:work,Kriisi olukorras otsustamine ja juhtimine,4,4,Detailed topic,4,#E9967A
topic:semantic:bge:leaf-local-6-2:42:16,category:work,Töökiusamise piiri tõmbamine tööl,22,3,Detailed topic,22,#E9967A
topic:semantic:bge:leaf-local-6-2:42:168,category:work,Paindlik tööaeg ja kokkulepitud piirid,10,4,Detailed topic,10,#E9967A
topic:semantic:bge:leaf-local-6-2:42:18,category:work,Töökiusu ja vaidluste piiritlemine töösuhtes,12,3,Detailed topic,12,#E9967A
topic:semantic:bge:leaf-local-6-2:42:202,category:work,IT-värbamine ja palgataseme kerked,7,2,Detailed topic,7,#E9967A
topic:semantic:bge:leaf-local-6-2:42:214,category:work,välistööjõu kasutamine hooaja- ja lihttöödel,8,1,Detailed topic,8,#E9967A
topic:semantic:bge:leaf-local-6-2:42:218,category:work,Töövaidluste kompromissid ja töölepingu vaidlused,12,2,Detailed topic,12,#E9967A
topic:semantic:bge:leaf-local-6-2:42:3,category:work,Juhi ja töötaja äärmused organisatsioonis,16,2,Detailed topic,16,#E9967A
topic:semantic:bge:leaf-local-6-2:42:71,category:work,Miinimumpalga tõstmise mõju tööle ja vaesusele,1,1,Detailed topic,1,#E9967A
topic:semantic:bge:leaf-local-6-2:42:82,category:work,Vanus ja oskused tööelus,7,4,Detailed topic,7,#E9967A
topic:semantic:bge:leaf-local-6-2:42:90,category:work,kaugtöö ja töövälise aja piirid,3,2,Detailed topic,3,#E9967A
category:work,root,"Tööelu, juhtimine ja töötajate õigused",147,21,High-level category,147,#E9967A
root,,Kõik arutelud,2154,114,All categories,2154,#eef1f5
