topic_id,topic_name,high_level_id,segments,talks,total_minutes,label,color,mean_all_talks_minutes,mean_containing_talk_minutes,all_hdi_low,all_hdi_high,containing_hdi_low,containing_hdi_high,min_containing_minutes,p25_containing_minutes,median_containing_minutes,p75_containing_minutes,max_containing_minutes
ai,Tehisintellekt ja digitehnoloogia,ai,161,20,750.593,ai: Tehisintellekt ja digitehnoloogia,#000000,7.1485047619047615,37.52965,0.0,72.27999999999999,1.6133333333333364,93.2067,1.6133333333333364,6.373666666666664,17.22633333333333,72.441125,93.2067
children,Laste ja noorte kaitse ning toetamine,children,106,13,468.7193,children: Laste ja noorte kaitse ning toetamine,#0000FF,4.463993333333333,36.055330769230764,0.0,23.832066666666666,2.073999999999993,93.30623333333334,2.073999999999993,4.331333333333328,9.639333333333328,75.06221666666667,93.30623333333334
climate,"Kliima, rohepööre ja kestlik tarbimine",climate,87,14,431.87728333333337,"climate: Kliima, rohepööre ja kestlik tarbimine",#FF0000,4.113116984126984,30.848377380952382,0.0,29.1236,1.621333333333329,78.464,1.621333333333329,7.342499999999994,17.55266666666667,55.52979583333334,78.464
culture,"Kultuur, loome ja pärand",culture,75,5,387.14526666666666,"culture: Kultuur, loome ja pärand",#006400,3.687097777777778,77.42905333333333,0.0,0.0,59.19533333333333,88.07844999999999,59.19533333333333,78.75200000000001,79.75903333333333,81.36045,88.07844999999999
cyber,"Küberturvalisus, privaatsus ja digiohud",cyber,44,11,238.66698333333335,"cyber: Küberturvalisus, privaatsus ja digiohud",#FF8C00,2.273018888888889,21.696998484848486,0.0,5.252000000000002,1.5626666666666664,78.09466666666665,1.5626666666666664,2.6366666666666676,5.252000000000002,34.206741666666666,78.09466666666665
defence,"Riigikaitse, julgeolek ja kriisivalmidus",defence,20,5,84.16071666666666,"defence: Riigikaitse, julgeolek ja kriisivalmidus",#008B8B,0.801530634920635,16.832143333333335,0.0,0.0,1.570666666666663,74.42005,1.570666666666663,1.6173333333333326,3.1640000000000024,3.3886666666666656,74.42005
economy,"Majandus, ettevõtlus ja innovatsioon",economy,57,13,256.46315,"economy: Majandus, ettevõtlus ja innovatsioon",#FF00FF,2.44250619047619,19.727934615384616,0.0,9.489400000000009,1.5620000000000043,72.12466666666667,1.5620000000000043,1.6366666666666636,5.336,31.042666666666676,72.12466666666667
education,"Haridus, õppimine ja oskused",education,230,29,1138.0514333333333,"education: Haridus, õppimine ja oskused",#FFD700,10.838585079365082,39.243152873563226,0.0,82.13143333333333,1.5600000000000023,87.29658333333333,1.5600000000000023,5.403333333333346,21.241999999999997,74.51083333333334,95.65356666666666
energy,Energeetika ja energiaturud,energy,112,12,553.1446666666667,energy: Energeetika ja energiaturud,#4B0082,5.2680444444444445,46.09538888888889,0.0,62.65078333333333,2.170666666666663,91.19873333333334,2.170666666666663,9.403499999999998,56.71914999999999,74.93797083333334,91.19873333333334
family,"Pere, suhted ja sooline võrdsus",family,92,6,431.9422833333333,"family: Pere, suhted ja sooline võrdsus",#A52A2A,4.113736031746032,71.99038055555555,0.0,3.261999999999997,3.261999999999997,91.89553333333333,3.261999999999997,76.42134166666668,85.766825,90.40039583333333,91.89553333333333
food,"Toit, põllumajandus ja toidujulgeolek",food,34,5,149.6998,"food: Toit, põllumajandus ja toidujulgeolek",#00BFFF,1.425712380952381,29.939960000000003,0.0,0.0,1.6386666666666665,88.4398,1.6386666666666665,1.6646666666666685,4.771333333333333,53.18533333333334,88.4398
governance,"Riigijuhtimine, kodanikuühiskond ja õigus",governance,32,14,160.01333333333335,"governance: Riigijuhtimine, kodanikuühiskond ja õigus",#32CD32,1.5239365079365081,11.429523809523811,0.0,8.212000000000005,1.6186666666666667,64.76266666666668,1.6186666666666667,3.727999999999998,5.622666666666671,12.204166666666666,64.76266666666668
healthcare,"Tervishoid, ravi ja terviseandmed",healthcare,206,17,983.8343333333333,"healthcare: Tervishoid, ravi ja terviseandmed",#FF1493,9.369850793650794,57.87260784313725,0.0,86.51236666666667,2.0846666666666653,94.03266666666667,2.0846666666666653,6.655333333333329,73.49933333333333,87.49976666666667,94.03266666666667
international,"Rahvusvahelised suhted, Euroopa Liit ja humanitaarabi",international,16,2,84.07148333333335,"international: Rahvusvahelised suhted, Euroopa Liit ja humanitaarabi",#BDB76B,0.8006807936507937,42.03574166666667,0.0,0.0,1.6286666666666672,82.44281666666667,1.6286666666666672,21.83220416666667,42.03574166666667,62.23927916666667,82.44281666666667
media,"Meedia, avalik arutelu ja infokvaliteet",media,63,8,293.6306,"media: Meedia, avalik arutelu ja infokvaliteet",#708090,2.796481904761905,36.703825,0.0,5.988000000000003,1.6040000000000114,88.84641666666667,1.6040000000000114,5.627166666666668,13.045191666666666,81.80726666666666,88.84641666666667
migration,"Ränne, lõimumine ja kuuluvus",migration,95,12,471.14005,"migration: Ränne, lõimumine ja kuuluvus",#D2691E,4.487048095238095,39.26167083333333,0.0,67.86711666666666,1.5839999999999994,80.42314999999999,1.5839999999999994,3.418166666666667,38.761558333333326,73.63303333333334,80.42314999999999
nature,"Loodus, metsandus ja maavarad",nature,8,4,30.755999999999993,"nature: Loodus, metsandus ja maavarad",#66CDAA,0.2929142857142856,7.688999999999998,0.0,0.0,5.305333333333336,14.153333333333329,5.305333333333336,5.404333333333331,5.648666666666664,7.933333333333331,14.153333333333329
place,"Eluase, ruum ja ühendused",place,127,11,569.1651166666667,"place: Eluase, ruum ja ühendused",#8FBC8F,5.420620158730159,51.74228333333333,0.0,61.63688333333333,1.7033333333333303,94.38885,1.7033333333333303,12.445666666666666,61.63688333333333,84.79195000000001,94.38885
unassigned,Määramata,unassigned,163,75,480.85286666666667,unassigned: Määramata,#A9A9A9,4.579551111111111,6.411371555555555,0.0,17.238,1.5833333333333333,17.309333333333328,1.5833333333333333,2.851000000000001,4.811999999999997,8.059891666666662,22.4818
wellbeing,"Vaimne tervis, tervisekäitumine ja ennetus",wellbeing,113,16,530.7082666666668,"wellbeing: Vaimne tervis, tervisekäitumine ja ennetus",#9370DB,5.054364444444445,33.16926666666667,0.0,54.818783333333336,1.5733333333333424,87.49353333333335,1.5733333333333424,4.245000000000003,14.721050000000005,65.35492500000001,87.49353333333335
work,"Tööelu, juhtimine ja töötajate õigused",work,137,14,648.4413666666667,"work: Tööelu, juhtimine ja töötajate õigused",#E9967A,6.175632063492063,46.31724047619048,0.0,71.34436666666667,1.5526666666666717,89.61196666666666,1.5526666666666717,5.327166666666658,64.54245833333334,79.62053333333333,89.61196666666666
