topic_a,topic_b,shared_talks,a_talks,b_talks,eligible_talks,expected_shared,lift,jaccard,npmi,positive_npmi,smoothed_npmi,discounted_npmi,name_a,name_b
ai,children,0,20,13,105,2.4761904761904763,0.0,0.0,-1.0,0.0,-0.31753740767135763,-0.0,Tehisintellekt ja digitehnoloogia,Laste ja noorte kaitse ning toetamine
ai,climate,3,20,14,105,2.6666666666666665,1.125,0.0967741935483871,0.033128412076493446,0.033128412076493446,0.050589424564413905,0.012423154528685042,Tehisintellekt ja digitehnoloogia,"Kliima, rohepööre ja kestlik tarbimine"
ai,culture,0,20,5,105,0.9523809523809523,0.0,0.0,-1.0,0.0,-0.1596354979320624,-0.0,Tehisintellekt ja digitehnoloogia,"Kultuur, loome ja pärand"
ai,cyber,8,20,11,105,2.0952380952380953,3.818181818181818,0.34782608695652173,0.5203979637178127,0.5203979637178127,0.5067454306555388,0.3202449007494232,Tehisintellekt ja digitehnoloogia,"Küberturvalisus, privaatsus ja digiohud"
ai,defence,1,20,5,105,0.9523809523809523,1.05,0.041666666666666664,0.010483579682362493,0.010483579682362493,0.056712305567957845,0.0017472632803937488,Tehisintellekt ja digitehnoloogia,"Riigikaitse, julgeolek ja kriisivalmidus"
ai,economy,5,20,13,105,2.4761904761904763,2.019230769230769,0.17857142857142858,0.23081341850827694,0.23081341850827694,0.2338201752698126,0.11540670925413847,Tehisintellekt ja digitehnoloogia,"Majandus, ettevõtlus ja innovatsioon"
ai,education,6,20,29,105,5.523809523809524,1.0862068965517242,0.13953488372093023,0.028890954648249628,0.028890954648249628,0.03531247791267743,0.015758702535408887,Tehisintellekt ja digitehnoloogia,"Haridus, õppimine ja oskused"
ai,energy,1,20,12,105,2.2857142857142856,0.4375,0.03225806451612903,-0.17762905374913374,0.0,-0.12447447339314457,-0.029604842291522288,Tehisintellekt ja digitehnoloogia,Energeetika ja energiaturud
ai,family,0,20,6,105,1.1428571428571428,0.0,0.0,-1.0,0.0,-0.1883629241068569,-0.0,Tehisintellekt ja digitehnoloogia,"Pere, suhted ja sooline võrdsus"
ai,food,0,20,5,105,0.9523809523809523,0.0,0.0,-1.0,0.0,-0.1596354979320624,-0.0,Tehisintellekt ja digitehnoloogia,"Toit, põllumajandus ja toidujulgeolek"
ai,governance,2,20,14,105,2.6666666666666665,0.75,0.0625,-0.07263207329746625,0.0,-0.04351162374127777,-0.020752020942133215,Tehisintellekt ja digitehnoloogia,"Riigijuhtimine, kodanikuühiskond ja õigus"
ai,healthcare,2,20,17,105,3.238095238095238,0.6176470588235294,0.05714285714285714,-0.12165130397748437,0.0,-0.09204608600810786,-0.03475751542213839,Tehisintellekt ja digitehnoloogia,"Tervishoid, ravi ja terviseandmed"
ai,international,0,20,2,105,0.38095238095238093,0.0,0.0,-1.0,0.0,-0.03046101436756166,-0.0,Tehisintellekt ja digitehnoloogia,"Rahvusvahelised suhted, Euroopa Liit ja humanitaarabi"
ai,media,1,20,8,105,1.5238095238095237,0.65625,0.037037037037037035,-0.09050645759413199,0.0,-0.038303056165600084,-0.015084409599021999,Tehisintellekt ja digitehnoloogia,"Meedia, avalik arutelu ja infokvaliteet"
ai,migration,1,20,12,105,2.2857142857142856,0.4375,0.03225806451612903,-0.17762905374913374,0.0,-0.12447447339314457,-0.029604842291522288,Tehisintellekt ja digitehnoloogia,"Ränne, lõimumine ja kuuluvus"
ai,nature,0,20,4,105,0.7619047619047619,0.0,0.0,-1.0,0.0,-0.1256581643987868,-0.0,Tehisintellekt ja digitehnoloogia,"Loodus, metsandus ja maavarad"
ai,place,0,20,11,105,2.0952380952380953,0.0,0.0,-1.0,0.0,-0.2888099814965632,-0.0,Tehisintellekt ja digitehnoloogia,"Eluase, ruum ja ühendused"
ai,wellbeing,3,20,16,105,3.0476190476190474,0.984375,0.09090909090909091,-0.004429483891808285,0.0,0.013992719161889778,-0.0016610564594281068,Tehisintellekt ja digitehnoloogia,"Vaimne tervis, tervisekäitumine ja ennetus"
ai,work,3,20,14,105,2.6666666666666665,1.125,0.0967741935483871,0.033128412076493446,0.033128412076493446,0.050589424564413905,0.012423154528685042,Tehisintellekt ja digitehnoloogia,"Tööelu, juhtimine ja töötajate õigused"
children,climate,1,13,14,105,1.7333333333333334,0.5769230769230769,0.038461538461538464,-0.11818887475065287,0.0,-0.06299289336113992,-0.01969814579177548,Laste ja noorte kaitse ning toetamine,"Kliima, rohepööre ja kestlik tarbimine"
children,culture,0,13,5,105,0.6190476190476191,0.0,0.0,-1.0,0.0,-0.08407326899680813,-0.0,Laste ja noorte kaitse ning toetamine,"Kultuur, loome ja pärand"
children,cyber,2,13,11,105,1.361904761904762,1.4685314685314685,0.09090909090909091,0.09701616410667581,0.09701616410667581,0.12382560065406299,0.027718904030478803,Laste ja noorte kaitse ning toetamine,"Küberturvalisus, privaatsus ja digiohud"
children,defence,1,13,5,105,0.6190476190476191,1.6153846153846154,0.058823529411764705,0.10304623249436452,0.10304623249436452,0.15172766730151574,0.01717437208239409,Laste ja noorte kaitse ning toetamine,"Riigikaitse, julgeolek ja kriisivalmidus"
children,economy,0,13,13,105,1.6095238095238096,0.0,0.0,-1.0,0.0,-0.24197517873610339,-0.0,Laste ja noorte kaitse ning toetamine,"Majandus, ettevõtlus ja innovatsioon"
children,education,3,13,29,105,3.5904761904761906,0.8355437665782494,0.07692307692307693,-0.05053585345652737,0.0,-0.033526520486392736,-0.018950945046197765,Laste ja noorte kaitse ning toetamine,"Haridus, õppimine ja oskused"
children,energy,0,13,12,105,1.4857142857142858,0.0,0.0,-1.0,0.0,-0.2281644624849947,-0.0,Laste ja noorte kaitse ning toetamine,Energeetika ja energiaturud
children,family,1,13,6,105,0.7428571428571429,1.346153846153846,0.05555555555555555,0.06387066092169663,0.06387066092169663,0.11560450327983238,0.010645110153616105,Laste ja noorte kaitse ning toetamine,"Pere, suhted ja sooline võrdsus"
children,food,0,13,5,105,0.6190476190476191,0.0,0.0,-1.0,0.0,-0.08407326899680813,-0.0,Laste ja noorte kaitse ning toetamine,"Toit, põllumajandus ja toidujulgeolek"
children,governance,2,13,14,105,1.7333333333333334,1.1538461538461537,0.08,0.03612915770405106,0.03612915770405106,0.06442421958980765,0.010322616486871732,Laste ja noorte kaitse ning toetamine,"Riigijuhtimine, kodanikuühiskond ja õigus"
children,healthcare,1,13,17,105,2.104761904761905,0.4751131221719457,0.034482758620689655,-0.15990732523860895,0.0,-0.10571752816740228,-0.026651220873101494,Laste ja noorte kaitse ning toetamine,"Tervishoid, ravi ja terviseandmed"
children,international,0,13,2,105,0.24761904761904763,0.0,0.0,-1.0,0.0,0.04510121456769261,-0.0,Laste ja noorte kaitse ning toetamine,"Rahvusvahelised suhted, Euroopa Liit ja humanitaarabi"
children,media,2,13,8,105,0.9904761904761905,2.019230769230769,0.10526315789473684,0.17741726294237015,0.17741726294237015,0.20040730023900977,0.0506906465549629,Laste ja noorte kaitse ning toetamine,"Meedia, avalik arutelu ja infokvaliteet"
children,migration,3,13,12,105,1.4857142857142858,2.019230769230769,0.13636363636363635,0.19765058706564795,0.19765058706564795,0.21098573657924366,0.07411897014961798,Laste ja noorte kaitse ning toetamine,"Ränne, lõimumine ja kuuluvus"
children,nature,0,13,4,105,0.49523809523809526,0.0,0.0,-1.0,0.0,-0.05009593546353251,-0.0,Laste ja noorte kaitse ning toetamine,"Loodus, metsandus ja maavarad"
children,place,1,13,11,105,1.361904761904762,0.7342657342657343,0.043478260869565216,-0.06637020018701471,0.0,-0.010702166433844433,-0.011061700031169118,Laste ja noorte kaitse ning toetamine,"Eluase, ruum ja ühendused"
children,wellbeing,2,13,16,105,1.980952380952381,1.0096153846153846,0.07407407407407407,0.0024160319122355717,0.0024160319122355717,0.031105472505148644,0.0006902948320673062,Laste ja noorte kaitse ning toetamine,"Vaimne tervis, tervisekäitumine ja ennetus"
children,work,2,13,14,105,1.7333333333333334,1.1538461538461537,0.08,0.03612915770405106,0.03612915770405106,0.06442421958980765,0.010322616486871732,Laste ja noorte kaitse ning toetamine,"Tööelu, juhtimine ja töötajate õigused"
climate,culture,0,14,5,105,0.6666666666666666,0.0,0.0,-1.0,0.0,-0.09693073822399226,-0.0,"Kliima, rohepööre ja kestlik tarbimine","Kultuur, loome ja pärand"
climate,cyber,1,14,11,105,1.4666666666666666,0.6818181818181819,0.041666666666666664,-0.0822938365263775,0.0,-0.026869729339456548,-0.013715639421062917,"Kliima, rohepööre ja kestlik tarbimine","Küberturvalisus, privaatsus ja digiohud"
climate,defence,1,14,5,105,0.6666666666666666,1.5,0.05555555555555555,0.08712259615500174,0.08712259615500174,0.13556010439590363,0.014520432692500291,"Kliima, rohepööre ja kestlik tarbimine","Riigikaitse, julgeolek ja kriisivalmidus"
climate,economy,4,14,13,105,1.7333333333333334,2.3076923076923075,0.17391304347826086,0.2559160045751505,0.2559160045751505,0.2618692935810622,0.11374044647784468,"Kliima, rohepööre ja kestlik tarbimine","Majandus, ettevõtlus ja innovatsioon"
climate,education,3,14,29,105,3.8666666666666667,0.7758620689655172,0.075,-0.07137993703766526,0.0,-0.0536994862100963,-0.026767476389124474,"Kliima, rohepööre ja kestlik tarbimine","Haridus, õppimine ja oskused"
climate,energy,8,14,12,105,1.6,5.0,0.4444444444444444,0.625141252467975,0.625141252467975,0.6079904197290357,0.3847023092110616,"Kliima, rohepööre ja kestlik tarbimine",Energeetika ja energiaturud
climate,family,0,14,6,105,0.8,0.0,0.0,-1.0,0.0,-0.12565816439878674,-0.0,"Kliima, rohepööre ja kestlik tarbimine","Pere, suhted ja sooline võrdsus"
climate,food,3,14,5,105,0.6666666666666666,4.5,0.1875,0.4230464558640661,0.4230464558640661,0.41688733156139723,0.15864242094902478,"Kliima, rohepööre ja kestlik tarbimine","Toit, põllumajandus ja toidujulgeolek"
climate,governance,4,14,14,105,1.8666666666666667,2.142857142857143,0.16666666666666666,0.2332368285509365,0.2332368285509365,0.24009640515995523,0.1036608126893051,"Kliima, rohepööre ja kestlik tarbimine","Riigijuhtimine, kodanikuühiskond ja õigus"
climate,healthcare,0,14,17,105,2.2666666666666666,0.0,0.0,-1.0,0.0,-0.30166745072374723,-0.0,"Kliima, rohepööre ja kestlik tarbimine","Tervishoid, ravi ja terviseandmed"
climate,international,1,14,2,105,0.26666666666666666,3.75,0.06666666666666667,0.2840066825961639,0.2840066825961639,0.29798993813126373,0.04733444709936065,"Kliima, rohepööre ja kestlik tarbimine","Rahvusvahelised suhted, Euroopa Liit ja humanitaarabi"
climate,media,1,14,8,105,1.0666666666666667,0.9375,0.047619047619047616,-0.013867441121492739,0.0,0.04054474266234575,-0.0023112401869154566,"Kliima, rohepööre ja kestlik tarbimine","Meedia, avalik arutelu ja infokvaliteet"
climate,migration,1,14,12,105,1.6,0.625,0.04,-0.10099003727649448,0.0,-0.04562667456519878,-0.016831672879415747,"Kliima, rohepööre ja kestlik tarbimine","Ränne, lõimumine ja kuuluvus"
climate,nature,3,14,4,105,0.5333333333333333,5.625,0.2,0.4858092423634363,0.4858092423634363,0.4701967015967105,0.1821784658862886,"Kliima, rohepööre ja kestlik tarbimine","Loodus, metsandus ja maavarad"
climate,place,3,14,11,105,1.4666666666666666,2.0454545454545454,0.13636363636363635,0.20127988147304343,0.20127988147304343,0.21421662060885932,0.07547995555239129,"Kliima, rohepööre ja kestlik tarbimine","Eluase, ruum ja ühendused"
climate,wellbeing,1,14,16,105,2.1333333333333333,0.46875,0.034482758620689655,-0.16280450298032106,0.0,-0.10849077610357362,-0.027134083830053512,"Kliima, rohepööre ja kestlik tarbimine","Vaimne tervis, tervisekäitumine ja ennetus"
climate,work,2,14,14,105,1.8666666666666667,1.0714285714285714,0.07692307692307693,0.01741886540282362,0.01741886540282362,0.046058141673700655,0.0049768186865210345,"Kliima, rohepööre ja kestlik tarbimine","Tööelu, juhtimine ja töötajate õigused"
culture,cyber,0,5,11,105,0.5238095238095238,0.0,0.0,-1.0,0.0,-0.05534584282201363,-0.0,"Kultuur, loome ja pärand","Küberturvalisus, privaatsus ja digiohud"
culture,defence,0,5,5,105,0.23809523809523808,0.0,0.0,-1.0,0.0,0.07382864074248711,-0.0,"Kultuur, loome ja pärand","Riigikaitse, julgeolek ja kriisivalmidus"
culture,economy,1,5,13,105,0.6190476190476191,1.6153846153846154,0.058823529411764705,0.10304623249436452,0.10304623249436452,0.15172766730151574,0.01717437208239409,"Kultuur, loome ja pärand","Majandus, ettevõtlus ja innovatsioon"
culture,education,1,5,29,105,1.380952380952381,0.7241379310344828,0.030303030303030304,-0.06935456428031796,0.0,-0.026869729339456548,-0.01155909404671966,"Kultuur, loome ja pärand","Haridus, õppimine ja oskused"
culture,energy,0,5,12,105,0.5714285714285714,0.0,0.0,-1.0,0.0,-0.07026255274569944,-0.0,"Kultuur, loome ja pärand",Energeetika ja energiaturud
culture,family,0,5,6,105,0.2857142857142857,0.0,0.0,-1.0,0.0,0.04510121456769261,-0.0,"Kultuur, loome ja pärand","Pere, suhted ja sooline võrdsus"
culture,food,0,5,5,105,0.23809523809523808,0.0,0.0,-1.0,0.0,0.07382864074248711,-0.0,"Kultuur, loome ja pärand","Toit, põllumajandus ja toidujulgeolek"
culture,governance,2,5,14,105,0.6666666666666666,3.0,0.11764705882352941,0.2773703887628029,0.2773703887628029,0.2899770656539881,0.07924868250365798,"Kultuur, loome ja pärand","Riigijuhtimine, kodanikuühiskond ja õigus"
culture,healthcare,1,5,17,105,0.8095238095238095,1.2352941176470589,0.047619047619047616,0.04540414566704565,0.04540414566704565,0.09283546958964123,0.007567357611174275,"Kultuur, loome ja pärand","Tervishoid, ravi ja terviseandmed"
culture,international,0,5,2,105,0.09523809523809523,0.0,0.0,-1.0,0.0,0.2030031243069879,-0.0,"Kultuur, loome ja pärand","Rahvusvahelised suhted, Euroopa Liit ja humanitaarabi"
culture,media,0,5,8,105,0.38095238095238093,0.0,0.0,-1.0,0.0,-0.001733588192767121,-0.0,"Kultuur, loome ja pärand","Meedia, avalik arutelu ja infokvaliteet"
culture,migration,1,5,12,105,0.5714285714285714,1.75,0.0625,0.1202450699685229,0.1202450699685229,0.1690938860974569,0.020040844994753816,"Kultuur, loome ja pärand","Ränne, lõimumine ja kuuluvus"
culture,nature,0,5,4,105,0.19047619047619047,0.0,0.0,-1.0,0.0,0.10780597427576274,-0.0,"Kultuur, loome ja pärand","Loodus, metsandus ja maavarad"
culture,place,0,5,11,105,0.5238095238095238,0.0,0.0,-1.0,0.0,-0.05534584282201363,-0.0,"Kultuur, loome ja pärand","Eluase, ruum ja ühendused"
culture,wellbeing,0,5,16,105,0.7619047619047619,0.0,0.0,-1.0,0.0,-0.12025606480085664,-0.0,"Kultuur, loome ja pärand","Vaimne tervis, tervisekäitumine ja ennetus"
culture,work,0,5,14,105,0.6666666666666666,0.0,0.0,-1.0,0.0,-0.09693073822399226,-0.0,"Kultuur, loome ja pärand","Tööelu, juhtimine ja töötajate õigused"
cyber,defence,0,11,5,105,0.5238095238095238,0.0,0.0,-1.0,0.0,-0.05534584282201363,-0.0,"Küberturvalisus, privaatsus ja digiohud","Riigikaitse, julgeolek ja kriisivalmidus"
cyber,economy,3,11,13,105,1.361904761904762,2.202797202797203,0.14285714285714285,0.22212396505418136,0.22212396505418136,0.23438958633256285,0.08329648689531802,"Küberturvalisus, privaatsus ja digiohud","Majandus, ettevõtlus ja innovatsioon"
cyber,education,4,11,29,105,3.038095238095238,1.316614420062696,0.1111111111111111,0.08417739432835329,0.08417739432835329,0.09177185573142288,0.037412175257045904,"Küberturvalisus, privaatsus ja digiohud","Haridus, õppimine ja oskused"
cyber,energy,0,11,12,105,1.2571428571428571,0.0,0.0,-1.0,0.0,-0.19943703631020018,-0.0,"Küberturvalisus, privaatsus ja digiohud",Energeetika ja energiaturud
cyber,family,0,11,6,105,0.6285714285714286,0.0,0.0,-1.0,0.0,-0.08407326899680813,-0.0,"Küberturvalisus, privaatsus ja digiohud","Pere, suhted ja sooline võrdsus"
cyber,food,0,11,5,105,0.5238095238095238,0.0,0.0,-1.0,0.0,-0.05534584282201363,-0.0,"Küberturvalisus, privaatsus ja digiohud","Toit, põllumajandus ja toidujulgeolek"
cyber,governance,2,11,14,105,1.4666666666666666,1.3636363636363638,0.08695652173913043,0.07830587180544833,0.07830587180544833,0.10545952273795597,0.022373106230128094,"Küberturvalisus, privaatsus ja digiohud","Riigijuhtimine, kodanikuühiskond ja õigus"
cyber,healthcare,1,11,17,105,1.7809523809523808,0.5614973262032086,0.037037037037037035,-0.12401228701433359,0.0,-0.06959436414571894,-0.02066871450238893,"Küberturvalisus, privaatsus ja digiohud","Tervishoid, ravi ja terviseandmed"
cyber,international,0,11,2,105,0.20952380952380953,0.0,0.0,-1.0,0.0,0.07382864074248711,-0.0,"Küberturvalisus, privaatsus ja digiohud","Rahvusvahelised suhted, Euroopa Liit ja humanitaarabi"
cyber,media,1,11,8,105,0.8380952380952381,1.1931818181818181,0.05555555555555555,0.03795123344214539,0.03795123344214539,0.09283546958964123,0.006325205573690898,"Küberturvalisus, privaatsus ja digiohud","Meedia, avalik arutelu ja infokvaliteet"
cyber,migration,1,11,12,105,1.2571428571428571,0.7954545454545455,0.045454545454545456,-0.049171362712856354,0.0,0.006664052362096746,-0.008195227118809392,"Küberturvalisus, privaatsus ja digiohud","Ränne, lõimumine ja kuuluvus"
cyber,nature,0,11,4,105,0.41904761904761906,0.0,0.0,-1.0,0.0,-0.021368509288738003,-0.0,"Küberturvalisus, privaatsus ja digiohud","Loodus, metsandus ja maavarad"
cyber,place,0,11,11,105,1.1523809523809523,0.0,0.0,-1.0,0.0,-0.1845203263865144,-0.0,"Küberturvalisus, privaatsus ja digiohud","Eluase, ruum ja ühendused"
cyber,wellbeing,1,11,16,105,1.6761904761904762,0.5965909090909091,0.038461538461538464,-0.11098582841668292,0.0,-0.05620004917627811,-0.018497638069447153,"Küberturvalisus, privaatsus ja digiohud","Vaimne tervis, tervisekäitumine ja ennetus"
cyber,work,1,11,14,105,1.4666666666666666,0.6818181818181819,0.041666666666666664,-0.0822938365263775,0.0,-0.026869729339456548,-0.013715639421062917,"Küberturvalisus, privaatsus ja digiohud","Tööelu, juhtimine ja töötajate õigused"
defence,economy,0,5,13,105,0.6190476190476191,0.0,0.0,-1.0,0.0,-0.08407326899680813,-0.0,"Riigikaitse, julgeolek ja kriisivalmidus","Majandus, ettevõtlus ja innovatsioon"
defence,education,0,5,29,105,1.380952380952381,0.0,0.0,-1.0,0.0,-0.22610522178849302,-0.0,"Riigikaitse, julgeolek ja kriisivalmidus","Haridus, õppimine ja oskused"
defence,energy,0,5,12,105,0.5714285714285714,0.0,0.0,-1.0,0.0,-0.07026255274569944,-0.0,"Riigikaitse, julgeolek ja kriisivalmidus",Energeetika ja energiaturud
defence,family,0,5,6,105,0.2857142857142857,0.0,0.0,-1.0,0.0,0.04510121456769261,-0.0,"Riigikaitse, julgeolek ja kriisivalmidus","Pere, suhted ja sooline võrdsus"
defence,food,1,5,5,105,0.23809523809523808,4.2,0.1111111111111111,0.30835770340001917,0.30835770340001917,0.3502806650585593,0.051392950566669864,"Riigikaitse, julgeolek ja kriisivalmidus","Toit, põllumajandus ja toidujulgeolek"
defence,governance,0,5,14,105,0.6666666666666666,0.0,0.0,-1.0,0.0,-0.09693073822399226,-0.0,"Riigikaitse, julgeolek ja kriisivalmidus","Riigijuhtimine, kodanikuühiskond ja õigus"
defence,healthcare,1,5,17,105,0.8095238095238095,1.2352941176470589,0.047619047619047616,0.04540414566704565,0.04540414566704565,0.09283546958964123,0.007567357611174275,"Riigikaitse, julgeolek ja kriisivalmidus","Tervishoid, ravi ja terviseandmed"
defence,international,0,5,2,105,0.09523809523809523,0.0,0.0,-1.0,0.0,0.2030031243069879,-0.0,"Riigikaitse, julgeolek ja kriisivalmidus","Rahvusvahelised suhted, Euroopa Liit ja humanitaarabi"
defence,media,1,5,8,105,0.38095238095238093,2.625,0.08333333333333333,0.20736766612352464,0.20736766612352464,0.2552653033250014,0.03456127768725411,"Riigikaitse, julgeolek ja kriisivalmidus","Meedia, avalik arutelu ja infokvaliteet"
defence,migration,1,5,12,105,0.5714285714285714,1.75,0.0625,0.1202450699685229,0.1202450699685229,0.1690938860974569,0.020040844994753816,"Riigikaitse, julgeolek ja kriisivalmidus","Ränne, lõimumine ja kuuluvus"
defence,nature,0,5,4,105,0.19047619047619047,0.0,0.0,-1.0,0.0,0.10780597427576274,-0.0,"Riigikaitse, julgeolek ja kriisivalmidus","Loodus, metsandus ja maavarad"
defence,place,0,5,11,105,0.5238095238095238,0.0,0.0,-1.0,0.0,-0.05534584282201363,-0.0,"Riigikaitse, julgeolek ja kriisivalmidus","Eluase, ruum ja ühendused"
defence,wellbeing,1,5,16,105,0.7619047619047619,1.3125,0.05,0.058430604264696324,0.058430604264696324,0.10622978455908205,0.009738434044116053,"Riigikaitse, julgeolek ja kriisivalmidus","Vaimne tervis, tervisekäitumine ja ennetus"
defence,work,0,5,14,105,0.6666666666666666,0.0,0.0,-1.0,0.0,-0.09693073822399226,-0.0,"Riigikaitse, julgeolek ja kriisivalmidus","Tööelu, juhtimine ja töötajate õigused"
economy,education,4,13,29,105,3.5904761904761906,1.1140583554376657,0.10526315789473684,0.03305402822435144,0.03305402822435144,0.04312472046105732,0.014690679210822863,"Majandus, ettevõtlus ja innovatsioon","Haridus, õppimine ja oskused"
economy,energy,3,13,12,105,1.4857142857142858,2.019230769230769,0.13636363636363635,0.19765058706564795,0.19765058706564795,0.21098573657924366,0.07411897014961798,"Majandus, ettevõtlus ja innovatsioon",Energeetika ja energiaturud
economy,family,0,13,6,105,0.7428571428571429,0.0,0.0,-1.0,0.0,-0.11280069517160263,-0.0,"Majandus, ettevõtlus ja innovatsioon","Pere, suhted ja sooline võrdsus"
economy,food,2,13,5,105,0.6190476190476191,3.230769230769231,0.125,0.29608068106403035,0.29608068106403035,0.3083431435700951,0.08459448030400867,"Majandus, ettevõtlus ja innovatsioon","Toit, põllumajandus ja toidujulgeolek"
economy,governance,3,13,14,105,1.7333333333333334,1.7307692307692306,0.125,0.15429317812530324,0.15429317812530324,0.16914419046614512,0.057859941796988716,"Majandus, ettevõtlus ja innovatsioon","Riigijuhtimine, kodanikuühiskond ja õigus"
economy,healthcare,0,13,17,105,2.104761904761905,0.0,0.0,-1.0,0.0,-0.2888099814965631,-0.0,"Majandus, ettevõtlus ja innovatsioon","Tervishoid, ravi ja terviseandmed"
economy,international,0,13,2,105,0.24761904761904763,0.0,0.0,-1.0,0.0,0.04510121456769261,-0.0,"Majandus, ettevõtlus ja innovatsioon","Rahvusvahelised suhted, Euroopa Liit ja humanitaarabi"
economy,media,0,13,8,105,0.9904761904761905,0.0,0.0,-1.0,0.0,-0.1596354979320624,-0.0,"Majandus, ettevõtlus ja innovatsioon","Meedia, avalik arutelu ja infokvaliteet"
economy,migration,0,13,12,105,1.4857142857142858,0.0,0.0,-1.0,0.0,-0.2281644624849947,-0.0,"Majandus, ettevõtlus ja innovatsioon","Ränne, lõimumine ja kuuluvus"
economy,nature,2,13,4,105,0.49523809523809526,4.038461538461538,0.13333333333333333,0.35241849397250474,0.35241849397250474,0.3568776058369252,0.1006909982778585,"Majandus, ettevõtlus ja innovatsioon","Loodus, metsandus ja maavarad"
economy,place,3,13,11,105,1.361904761904762,2.202797202797203,0.14285714285714285,0.22212396505418136,0.22212396505418136,0.23438958633256285,0.08329648689531802,"Majandus, ettevõtlus ja innovatsioon","Eluase, ruum ja ühendused"
economy,wellbeing,0,13,16,105,1.980952380952381,0.0,0.0,-1.0,0.0,-0.2781579745401519,-0.0,"Majandus, ettevõtlus ja innovatsioon","Vaimne tervis, tervisekäitumine ja ennetus"
economy,work,0,13,14,105,1.7333333333333334,0.0,0.0,-1.0,0.0,-0.2548326479632875,-0.0,"Majandus, ettevõtlus ja innovatsioon","Tööelu, juhtimine ja töötajate õigused"
education,energy,2,29,12,105,3.3142857142857145,0.603448275862069,0.05128205128205128,-0.12752304323112615,0.0,-0.10036559259918319,-0.036435155208893184,"Haridus, õppimine ja oskused",Energeetika ja energiaturud
education,family,1,29,6,105,1.6571428571428573,0.603448275862069,0.029411764705882353,-0.10853013585298588,0.0,-0.06299289336113992,-0.018088355975497645,"Haridus, õppimine ja oskused","Pere, suhted ja sooline võrdsus"
education,food,1,29,5,105,1.380952380952381,0.7241379310344828,0.030303030303030304,-0.06935456428031796,0.0,-0.026869729339456548,-0.01155909404671966,"Haridus, õppimine ja oskused","Toit, põllumajandus ja toidujulgeolek"
education,governance,2,29,14,105,3.8666666666666667,0.5172413793103449,0.04878048780487805,-0.16644199073677685,0.0,-0.13845940124233147,-0.04755485449622195,"Haridus, õppimine ja oskused","Riigijuhtimine, kodanikuühiskond ja õigus"
education,healthcare,3,29,17,105,4.695238095238095,0.6389452332657201,0.06976744186046512,-0.12598950298818468,0.0,-0.10700885624540964,-0.047246063620569254,"Haridus, õppimine ja oskused","Tervishoid, ravi ja terviseandmed"
education,international,0,29,2,105,0.5523809523809524,0.0,0.0,-1.0,0.0,-0.09693073822399226,-0.0,"Haridus, õppimine ja oskused","Rahvusvahelised suhted, Euroopa Liit ja humanitaarabi"
education,media,1,29,8,105,2.2095238095238097,0.4525862068965517,0.027777777777777776,-0.17034460155681244,0.0,-0.1218850910730144,-0.028390766926135406,"Haridus, õppimine ja oskused","Meedia, avalik arutelu ja infokvaliteet"
education,migration,3,29,12,105,3.3142857142857145,0.9051724137931034,0.07894736842105263,-0.028022528097320566,0.0,-0.01185794009699774,-0.010508448036495213,"Haridus, õppimine ja oskused","Ränne, lõimumine ja kuuluvus"
education,nature,1,29,4,105,1.1047619047619048,0.9051724137931034,0.03125,-0.02140753969798413,0.0,0.015854905466805836,-0.003567923282997355,"Haridus, õppimine ja oskused","Loodus, metsandus ja maavarad"
education,place,1,29,11,105,3.038095238095238,0.329153605015674,0.02564102564102564,-0.23877099696169723,0.0,-0.1892995630748167,-0.03979516616028287,"Haridus, õppimine ja oskused","Eluase, ruum ja ühendused"
education,wellbeing,3,29,16,105,4.419047619047619,0.6788793103448275,0.07142857142857142,-0.10893783300596697,0.0,-0.0902961916126205,-0.040851687377237614,"Haridus, õppimine ja oskused","Vaimne tervis, tervisekäitumine ja ennetus"
education,work,3,29,14,105,3.8666666666666667,0.7758620689655172,0.075,-0.07137993703766526,0.0,-0.0536994862100963,-0.026767476389124474,"Haridus, õppimine ja oskused","Tööelu, juhtimine ja töötajate õigused"
energy,family,0,12,6,105,0.6857142857142857,0.0,0.0,-1.0,0.0,-0.09898997892049395,-0.0,Energeetika ja energiaturud,"Pere, suhted ja sooline võrdsus"
energy,food,2,12,5,105,0.5714285714285714,3.5,0.13333333333333333,0.3162893362684536,0.3162893362684536,0.3280708742971365,0.09036838179098675,Energeetika ja energiaturud,"Toit, põllumajandus ja toidujulgeolek"
energy,governance,5,12,14,105,1.6,3.125,0.23809523809523808,0.37425714754803713,0.37425714754803713,0.37215206191092753,0.18712857377401856,Energeetika ja energiaturud,"Riigijuhtimine, kodanikuühiskond ja õigus"
energy,healthcare,0,12,17,105,1.9428571428571428,0.0,0.0,-1.0,0.0,-0.2749992652454544,-0.0,Energeetika ja energiaturud,"Tervishoid, ravi ja terviseandmed"
energy,international,0,12,2,105,0.22857142857142856,0.0,0.0,-1.0,0.0,0.05891193081880132,-0.0,Energeetika ja energiaturud,"Rahvusvahelised suhted, Euroopa Liit ja humanitaarabi"
energy,media,1,12,8,105,0.9142857142857143,1.09375,0.05263157894736842,0.01925503269202842,0.01925503269202842,0.07407852436389899,0.00320917211533807,Energeetika ja energiaturud,"Meedia, avalik arutelu ja infokvaliteet"
energy,migration,0,12,12,105,1.3714285714285714,0.0,0.0,-1.0,0.0,-0.21435374623388598,-0.0,Energeetika ja energiaturud,"Ränne, lõimumine ja kuuluvus"
energy,nature,3,12,4,105,0.45714285714285713,6.5625,0.23076923076923078,0.5291666513037809,0.5291666513037809,0.512038247709809,0.19843749423891785,Energeetika ja energiaturud,"Loodus, metsandus ja maavarad"
energy,place,3,12,11,105,1.2571428571428571,2.3863636363636362,0.15,0.24463729041338814,0.24463729041338814,0.25605816672195786,0.09173898390502055,Energeetika ja energiaturud,"Eluase, ruum ja ühendused"
energy,wellbeing,0,12,16,105,1.8285714285714285,0.0,0.0,-1.0,0.0,-0.26434725828904315,-0.0,Energeetika ja energiaturud,"Vaimne tervis, tervisekäitumine ja ennetus"
energy,work,1,12,14,105,1.6,0.625,0.04,-0.10099003727649448,0.0,-0.04562667456519878,-0.016831672879415747,Energeetika ja energiaturud,"Tööelu, juhtimine ja töötajate õigused"
family,food,0,6,5,105,0.2857142857142857,0.0,0.0,-1.0,0.0,0.04510121456769261,-0.0,"Pere, suhted ja sooline võrdsus","Toit, põllumajandus ja toidujulgeolek"
family,governance,0,6,14,105,0.8,0.0,0.0,-1.0,0.0,-0.12565816439878674,-0.0,"Pere, suhted ja sooline võrdsus","Riigijuhtimine, kodanikuühiskond ja õigus"
family,healthcare,0,6,17,105,0.9714285714285714,0.0,0.0,-1.0,0.0,-0.1596354979320624,-0.0,"Pere, suhted ja sooline võrdsus","Tervishoid, ravi ja terviseandmed"
family,international,0,6,2,105,0.11428571428571428,0.0,0.0,-1.0,0.0,0.17427569813219335,-0.0,"Pere, suhted ja sooline võrdsus","Rahvusvahelised suhted, Euroopa Liit ja humanitaarabi"
family,media,0,6,8,105,0.45714285714285713,0.0,0.0,-1.0,0.0,-0.030461014367561632,-0.0,"Pere, suhted ja sooline võrdsus","Meedia, avalik arutelu ja infokvaliteet"
family,migration,0,6,12,105,0.6857142857142857,0.0,0.0,-1.0,0.0,-0.09898997892049395,-0.0,"Pere, suhted ja sooline võrdsus","Ränne, lõimumine ja kuuluvus"
family,nature,0,6,4,105,0.22857142857142856,0.0,0.0,-1.0,0.0,0.07907854810096823,-0.0,"Pere, suhted ja sooline võrdsus","Loodus, metsandus ja maavarad"
family,place,1,6,11,105,0.6285714285714286,1.590909090909091,0.0625,0.09976569914597197,0.09976569914597197,0.15172766730151574,0.01662761652432866,"Pere, suhted ja sooline võrdsus","Eluase, ruum ja ühendused"
family,wellbeing,0,6,16,105,0.9142857142857143,0.0,0.0,-1.0,0.0,-0.14898349097565114,-0.0,"Pere, suhted ja sooline võrdsus","Vaimne tervis, tervisekäitumine ja ennetus"
family,work,2,6,14,105,0.8,2.5,0.1111111111111111,0.23133904393860896,0.23133904393860896,0.24894176250583977,0.06609686969674541,"Pere, suhted ja sooline võrdsus","Tööelu, juhtimine ja töötajate õigused"
food,governance,2,5,14,105,0.6666666666666666,3.0,0.11764705882352941,0.2773703887628029,0.2773703887628029,0.2899770656539881,0.07924868250365798,"Toit, põllumajandus ja toidujulgeolek","Riigijuhtimine, kodanikuühiskond ja õigus"
food,healthcare,0,5,17,105,0.8095238095238095,0.0,0.0,-1.0,0.0,-0.13090807175726787,-0.0,"Toit, põllumajandus ja toidujulgeolek","Tervishoid, ravi ja terviseandmed"
food,international,0,5,2,105,0.09523809523809523,0.0,0.0,-1.0,0.0,0.2030031243069879,-0.0,"Toit, põllumajandus ja toidujulgeolek","Rahvusvahelised suhted, Euroopa Liit ja humanitaarabi"
food,media,0,5,8,105,0.38095238095238093,0.0,0.0,-1.0,0.0,-0.001733588192767121,-0.0,"Toit, põllumajandus ja toidujulgeolek","Meedia, avalik arutelu ja infokvaliteet"
food,migration,0,5,12,105,0.5714285714285714,0.0,0.0,-1.0,0.0,-0.07026255274569944,-0.0,"Toit, põllumajandus ja toidujulgeolek","Ränne, lõimumine ja kuuluvus"
food,nature,1,5,4,105,0.19047619047619047,5.25,0.125,0.35630472798235296,0.35630472798235296,0.3930052998648217,0.05938412133039216,"Toit, põllumajandus ja toidujulgeolek","Loodus, metsandus ja maavarad"
food,place,0,5,11,105,0.5238095238095238,0.0,0.0,-1.0,0.0,-0.05534584282201363,-0.0,"Toit, põllumajandus ja toidujulgeolek","Eluase, ruum ja ühendused"
food,wellbeing,0,5,16,105,0.7619047619047619,0.0,0.0,-1.0,0.0,-0.12025606480085664,-0.0,"Toit, põllumajandus ja toidujulgeolek","Vaimne tervis, tervisekäitumine ja ennetus"
food,work,0,5,14,105,0.6666666666666666,0.0,0.0,-1.0,0.0,-0.09693073822399226,-0.0,"Toit, põllumajandus ja toidujulgeolek","Tööelu, juhtimine ja töötajate õigused"
governance,healthcare,1,14,17,105,2.2666666666666666,0.4411764705882353,0.03333333333333333,-0.17583096157797176,0.0,-0.1218850910730144,-0.029305160262995292,"Riigijuhtimine, kodanikuühiskond ja õigus","Tervishoid, ravi ja terviseandmed"
governance,international,0,14,2,105,0.26666666666666666,0.0,0.0,-1.0,0.0,0.03224374534050848,-0.0,"Riigijuhtimine, kodanikuühiskond ja õigus","Rahvusvahelised suhted, Euroopa Liit ja humanitaarabi"
governance,media,2,14,8,105,1.0666666666666667,1.875,0.1,0.15870697064114267,0.15870697064114267,0.1820412223229027,0.04534484875461219,"Riigijuhtimine, kodanikuühiskond ja õigus","Meedia, avalik arutelu ja infokvaliteet"
governance,migration,1,14,12,105,1.6,0.625,0.04,-0.10099003727649448,0.0,-0.04562667456519878,-0.016831672879415747,"Riigijuhtimine, kodanikuühiskond ja õigus","Ränne, lõimumine ja kuuluvus"
governance,nature,2,14,4,105,0.5333333333333333,3.75,0.125,0.33370820167127724,0.33370820167127724,0.3385115279208182,0.09534520047750779,"Riigijuhtimine, kodanikuühiskond ja õigus","Loodus, metsandus ja maavarad"
governance,place,4,14,11,105,1.4666666666666666,2.7272727272727275,0.19047619047619047,0.3070393706791524,0.3070393706791524,0.3105164288514278,0.13646194252406774,"Riigijuhtimine, kodanikuühiskond ja õigus","Eluase, ruum ja ühendused"
governance,wellbeing,1,14,16,105,2.1333333333333333,0.46875,0.034482758620689655,-0.16280450298032106,0.0,-0.10849077610357362,-0.027134083830053512,"Riigijuhtimine, kodanikuühiskond ja õigus","Vaimne tervis, tervisekäitumine ja ennetus"
governance,work,0,14,14,105,1.8666666666666667,0.0,0.0,-1.0,0.0,-0.2676901171904716,-0.0,"Riigijuhtimine, kodanikuühiskond ja õigus","Tööelu, juhtimine ja töötajate õigused"
healthcare,international,0,17,2,105,0.3238095238095238,0.0,0.0,-1.0,0.0,-0.001733588192767121,-0.0,"Tervishoid, ravi ja terviseandmed","Rahvusvahelised suhted, Euroopa Liit ja humanitaarabi"
healthcare,media,0,17,8,105,1.2952380952380953,0.0,0.0,-1.0,0.0,-0.2064703006925221,-0.0,"Tervishoid, ravi ja terviseandmed","Meedia, avalik arutelu ja infokvaliteet"
healthcare,migration,0,17,12,105,1.9428571428571428,0.0,0.0,-1.0,0.0,-0.2749992652454544,-0.0,"Tervishoid, ravi ja terviseandmed","Ränne, lõimumine ja kuuluvus"
healthcare,nature,0,17,4,105,0.6476190476190476,0.0,0.0,-1.0,0.0,-0.09693073822399226,-0.0,"Tervishoid, ravi ja terviseandmed","Loodus, metsandus ja maavarad"
healthcare,place,0,17,11,105,1.7809523809523808,0.0,0.0,-1.0,0.0,-0.2600825553217686,-0.0,"Tervishoid, ravi ja terviseandmed","Eluase, ruum ja ühendused"
healthcare,wellbeing,5,17,16,105,2.5904761904761906,1.9301470588235292,0.17857142857142858,0.21599321724406528,0.21599321724406528,0.22034165561750363,0.10799660862203264,"Tervishoid, ravi ja terviseandmed","Vaimne tervis, tervisekäitumine ja ennetus"
healthcare,work,1,17,14,105,2.2666666666666666,0.4411764705882353,0.03333333333333333,-0.17583096157797176,0.0,-0.1218850910730144,-0.029305160262995292,"Tervishoid, ravi ja terviseandmed","Tööelu, juhtimine ja töötajate õigused"
international,media,0,2,8,105,0.1523809523809524,0.0,0.0,-1.0,0.0,0.12744089537173361,-0.0,"Rahvusvahelised suhted, Euroopa Liit ja humanitaarabi","Meedia, avalik arutelu ja infokvaliteet"
international,migration,0,2,12,105,0.22857142857142856,0.0,0.0,-1.0,0.0,0.05891193081880132,-0.0,"Rahvusvahelised suhted, Euroopa Liit ja humanitaarabi","Ränne, lõimumine ja kuuluvus"
international,nature,0,2,4,105,0.0761904761904762,0.0,0.0,-1.0,0.0,0.23698045784026348,-0.0,"Rahvusvahelised suhted, Euroopa Liit ja humanitaarabi","Loodus, metsandus ja maavarad"
international,place,0,2,11,105,0.20952380952380953,0.0,0.0,-1.0,0.0,0.07382864074248711,-0.0,"Rahvusvahelised suhted, Euroopa Liit ja humanitaarabi","Eluase, ruum ja ühendused"
international,wellbeing,0,2,16,105,0.3047619047619048,0.0,0.0,-1.0,0.0,0.008918418763644112,-0.0,"Rahvusvahelised suhted, Euroopa Liit ja humanitaarabi","Vaimne tervis, tervisekäitumine ja ennetus"
international,work,0,2,14,105,0.26666666666666666,0.0,0.0,-1.0,0.0,0.03224374534050848,-0.0,"Rahvusvahelised suhted, Euroopa Liit ja humanitaarabi","Tööelu, juhtimine ja töötajate õigused"
media,migration,2,8,12,105,0.9142857142857143,2.1875,0.1111111111111111,0.19762591814679345,0.19762591814679345,0.22013503096605105,0.05646454804194099,"Meedia, avalik arutelu ja infokvaliteet","Ränne, lõimumine ja kuuluvus"
media,nature,0,8,4,105,0.3047619047619048,0.0,0.0,-1.0,0.0,0.03224374534050848,-0.0,"Meedia, avalik arutelu ja infokvaliteet","Loodus, metsandus ja maavarad"
media,place,0,8,11,105,0.8380952380952381,0.0,0.0,-1.0,0.0,-0.13090807175726787,-0.0,"Meedia, avalik arutelu ja infokvaliteet","Eluase, ruum ja ühendused"
media,wellbeing,2,8,16,105,1.2190476190476192,1.6406249999999998,0.09090909090909091,0.12499384484932718,0.12499384484932718,0.14872247523824375,0.03571252709980777,"Meedia, avalik arutelu ja infokvaliteet","Vaimne tervis, tervisekäitumine ja ennetus"
media,work,0,8,14,105,1.0666666666666667,0.0,0.0,-1.0,0.0,-0.17249296715924645,-0.0,"Meedia, avalik arutelu ja infokvaliteet","Tööelu, juhtimine ja töötajate õigused"
migration,nature,0,12,4,105,0.45714285714285713,0.0,0.0,-1.0,0.0,-0.03628521921242382,-0.0,"Ränne, lõimumine ja kuuluvus","Loodus, metsandus ja maavarad"
migration,place,0,12,11,105,1.2571428571428571,0.0,0.0,-1.0,0.0,-0.19943703631020018,-0.0,"Ränne, lõimumine ja kuuluvus","Eluase, ruum ja ühendused"
migration,wellbeing,1,12,16,105,1.8285714285714285,0.546875,0.037037037037037035,-0.1296820291667999,0.0,-0.07495699440202035,-0.021613671527799985,"Ränne, lõimumine ja kuuluvus","Vaimne tervis, tervisekäitumine ja ennetus"
migration,work,1,12,14,105,1.6,0.625,0.04,-0.10099003727649448,0.0,-0.04562667456519878,-0.016831672879415747,"Ränne, lõimumine ja kuuluvus","Tööelu, juhtimine ja töötajate õigused"
nature,place,2,4,11,105,0.41904761904761906,4.7727272727272725,0.15384615384615385,0.39459520807390197,0.39459520807390197,0.39791290898507353,0.11274148802111485,"Loodus, metsandus ja maavarad","Eluase, ruum ja ühendused"
nature,wellbeing,0,4,16,105,0.6095238095238096,0.0,0.0,-1.0,0.0,-0.08627873126758102,-0.0,"Loodus, metsandus ja maavarad","Vaimne tervis, tervisekäitumine ja ennetus"
nature,work,0,4,14,105,0.5333333333333333,0.0,0.0,-1.0,0.0,-0.06295340469071663,-0.0,"Loodus, metsandus ja maavarad","Tööelu, juhtimine ja töötajate õigused"
place,wellbeing,2,11,16,105,1.6761904761904762,1.1931818181818181,0.08,0.04459274601363284,0.04459274601363284,0.07214077565329702,0.012740784575323669,"Eluase, ruum ja ühendused","Vaimne tervis, tervisekäitumine ja ennetus"
place,work,2,11,14,105,1.4666666666666666,1.3636363636363638,0.08695652173913043,0.07830587180544833,0.07830587180544833,0.10545952273795597,0.022373106230128094,"Eluase, ruum ja ühendused","Tööelu, juhtimine ja töötajate õigused"
wellbeing,work,4,16,14,105,2.1333333333333333,1.875,0.15384615384615385,0.19237237267555213,0.19237237267555213,0.20059720636971448,0.0854988323002454,"Vaimne tervis, tervisekäitumine ja ennetus","Tööelu, juhtimine ja töötajate õigused"
