episode_id,left_topic_key,left_topic_name,right_topic_key,right_topic_name,overlap_seconds,left_variant,right_variant,seed
2271676346,pilot-refit:original:bge:leaf-local-6-2:42:239bc03a4b32:0,ajateenistuse · edasi · vaja · võib · peame,pilot-refit:short3:bge:leaf-local-6-2:42:505fd35b97ae:-1,Unassigned,1088.9599999999998,original,short3,42
2271676346,pilot-refit:original:bge:leaf-local-6-2:42:239bc03a4b32:0,ajateenistuse · edasi · vaja · võib · peame,pilot-refit:short3:bge:leaf-local-6-2:42:505fd35b97ae:2,vaja · ukraina · peame · edasi · selliselt,1763.9600000000005,original,short3,42
2271676346,pilot-refit:original:bge:leaf-local-6-2:42:239bc03a4b32:0,ajateenistuse · edasi · vaja · võib · peame,pilot-refit:short3:bge:leaf-local-6-2:42:505fd35b97ae:3,tuhat · ajateenistuse · toota · pääse · hetk,917.3039999999997,original,short3,42
2271676346,pilot-refit:original:bge:leaf-local-6-2:42:239bc03a4b32:0,ajateenistuse · edasi · vaja · võib · peame,pilot-refit:short3:bge:leaf-local-6-2:42:505fd35b97ae:6,ühiskond · ajateenistuses · ajateenistus · täpselt samamoodi · ülikoolid,879.3999999999992,original,short3,42
2271676346,pilot-refit:original:bge:leaf-local-6-2:42:239bc03a4b32:0,ajateenistuse · edasi · vaja · võib · peame,pilot-refit:short3:bge:leaf-local-6-2:42:505fd35b97ae:7,tegevteenistusse · tahtsin · kaitseväe · kogeda · kolonel,911.9200000000005,original,short3,42
2397177249,pilot-refit:original:bge:leaf-local-6-2:42:239bc03a4b32:-1,Unassigned,pilot-refit:short3:bge:leaf-local-6-2:42:505fd35b97ae:-1,Unassigned,61.719999999999345,original,short3,42
2397177249,pilot-refit:original:bge:leaf-local-6-2:42:239bc03a4b32:-1,Unassigned,pilot-refit:short3:bge:leaf-local-6-2:42:505fd35b97ae:0,ai · öelda · kasutada · täna · hetkel,292.4800000000005,original,short3,42
2397177249,pilot-refit:original:bge:leaf-local-6-2:42:239bc03a4b32:-1,Unassigned,pilot-refit:short3:bge:leaf-local-6-2:42:505fd35b97ae:1,muutunud · kõige · ai · öelda · probleemi,91.59999999999997,original,short3,42
2397177249,pilot-refit:original:bge:leaf-local-6-2:42:239bc03a4b32:2,ai · võib · öelda · palju · hetkel,pilot-refit:short3:bge:leaf-local-6-2:42:505fd35b97ae:-1,Unassigned,301.4799999999998,original,short3,42
2397177249,pilot-refit:original:bge:leaf-local-6-2:42:239bc03a4b32:2,ai · võib · öelda · palju · hetkel,pilot-refit:short3:bge:leaf-local-6-2:42:505fd35b97ae:0,ai · öelda · kasutada · täna · hetkel,1645.4800000000005,original,short3,42
2397177249,pilot-refit:original:bge:leaf-local-6-2:42:239bc03a4b32:2,ai · võib · öelda · palju · hetkel,pilot-refit:short3:bge:leaf-local-6-2:42:505fd35b97ae:1,muutunud · kõige · ai · öelda · probleemi,1615.8519999999999,original,short3,42
2397177249,pilot-refit:original:bge:leaf-local-6-2:42:239bc03a4b32:3,ai · kinni · päris · google · öelda,pilot-refit:short3:bge:leaf-local-6-2:42:505fd35b97ae:-1,Unassigned,269.0799999999999,original,short3,42
2397177249,pilot-refit:original:bge:leaf-local-6-2:42:239bc03a4b32:3,ai · kinni · päris · google · öelda,pilot-refit:short3:bge:leaf-local-6-2:42:505fd35b97ae:0,ai · öelda · kasutada · täna · hetkel,910.8400000000004,original,short3,42
2397177249,pilot-refit:original:bge:leaf-local-6-2:42:239bc03a4b32:3,ai · kinni · päris · google · öelda,pilot-refit:short3:bge:leaf-local-6-2:42:505fd35b97ae:1,muutunud · kõige · ai · öelda · probleemi,487.12000000000035,original,short3,42
2400164916,pilot-refit:original:bge:leaf-local-6-2:42:239bc03a4b32:1,õpetaja · aitäh · hoitud · oluline · ise,pilot-refit:short3:bge:leaf-local-6-2:42:505fd35b97ae:-1,Unassigned,948.9939999999999,original,short3,42
2400164916,pilot-refit:original:bge:leaf-local-6-2:42:239bc03a4b32:1,õpetaja · aitäh · hoitud · oluline · ise,pilot-refit:short3:bge:leaf-local-6-2:42:505fd35b97ae:4,alusharidus · õpetaja · alushariduse · oluline · aitäh,957.0799999999996,original,short3,42
2400164916,pilot-refit:original:bge:leaf-local-6-2:42:239bc03a4b32:1,õpetaja · aitäh · hoitud · oluline · ise,pilot-refit:short3:bge:leaf-local-6-2:42:505fd35b97ae:5,õpetaja · roll · soovitus · lapsevanemad · liikmed,1006.2800000000002,original,short3,42
2400164916,pilot-refit:original:bge:leaf-local-6-2:42:239bc03a4b32:1,õpetaja · aitäh · hoitud · oluline · ise,pilot-refit:short3:bge:leaf-local-6-2:42:505fd35b97ae:8,õpetaja · hoitud · arvamus · ühiskonnas · eesti ühiskonnas,686.2,original,short3,42
2271676346,pilot-refit:short3:bge:leaf-local-6-2:42:505fd35b97ae:-1,Unassigned,pilot-refit:sentence3:bge:leaf-local-6-2:42:25cc0110579b:-1,Unassigned,655.2399999999998,short3,sentence3,42
2271676346,pilot-refit:short3:bge:leaf-local-6-2:42:505fd35b97ae:-1,Unassigned,pilot-refit:sentence3:bge:leaf-local-6-2:42:25cc0110579b:0,täpselt · neli · vaja · peame · pääse,309.6799999999994,short3,sentence3,42
2271676346,pilot-refit:short3:bge:leaf-local-6-2:42:505fd35b97ae:-1,Unassigned,pilot-refit:sentence3:bge:leaf-local-6-2:42:25cc0110579b:2,tegevteenistusse · tahtsin · valik · puhul · väljaõpe,124.04000000000065,short3,sentence3,42
2271676346,pilot-refit:short3:bge:leaf-local-6-2:42:505fd35b97ae:2,vaja · ukraina · peame · edasi · selliselt,pilot-refit:sentence3:bge:leaf-local-6-2:42:25cc0110579b:-1,Unassigned,817.5600000000004,short3,sentence3,42
2271676346,pilot-refit:short3:bge:leaf-local-6-2:42:505fd35b97ae:2,vaja · ukraina · peame · edasi · selliselt,pilot-refit:sentence3:bge:leaf-local-6-2:42:25cc0110579b:0,täpselt · neli · vaja · peame · pääse,6.559999999999945,short3,sentence3,42
2271676346,pilot-refit:short3:bge:leaf-local-6-2:42:505fd35b97ae:2,vaja · ukraina · peame · edasi · selliselt,pilot-refit:sentence3:bge:leaf-local-6-2:42:25cc0110579b:2,tegevteenistusse · tahtsin · valik · puhul · väljaõpe,200.00000000000023,short3,sentence3,42
2271676346,pilot-refit:short3:bge:leaf-local-6-2:42:505fd35b97ae:2,vaja · ukraina · peame · edasi · selliselt,pilot-refit:sentence3:bge:leaf-local-6-2:42:25cc0110579b:6,kuuks · ajateenistuse · tulevad · teenistusse · teatud,739.84,short3,sentence3,42
2271676346,pilot-refit:short3:bge:leaf-local-6-2:42:505fd35b97ae:3,tuhat · ajateenistuse · toota · pääse · hetk,pilot-refit:sentence3:bge:leaf-local-6-2:42:25cc0110579b:-1,Unassigned,204.03999999999985,short3,sentence3,42
2271676346,pilot-refit:short3:bge:leaf-local-6-2:42:505fd35b97ae:3,tuhat · ajateenistuse · toota · pääse · hetk,pilot-refit:sentence3:bge:leaf-local-6-2:42:25cc0110579b:0,täpselt · neli · vaja · peame · pääse,699.5040000000001,short3,sentence3,42
2271676346,pilot-refit:short3:bge:leaf-local-6-2:42:505fd35b97ae:3,tuhat · ajateenistuse · toota · pääse · hetk,pilot-refit:sentence3:bge:leaf-local-6-2:42:25cc0110579b:6,kuuks · ajateenistuse · tulevad · teenistusse · teatud,13.759999999999764,short3,sentence3,42
2271676346,pilot-refit:short3:bge:leaf-local-6-2:42:505fd35b97ae:6,ühiskond · ajateenistuses · ajateenistus · täpselt samamoodi · ülikoolid,pilot-refit:sentence3:bge:leaf-local-6-2:42:25cc0110579b:-1,Unassigned,294.4399999999996,short3,sentence3,42
2271676346,pilot-refit:short3:bge:leaf-local-6-2:42:505fd35b97ae:6,ühiskond · ajateenistuses · ajateenistus · täpselt samamoodi · ülikoolid,pilot-refit:sentence3:bge:leaf-local-6-2:42:25cc0110579b:0,täpselt · neli · vaja · peame · pääse,473.2399999999998,short3,sentence3,42
2271676346,pilot-refit:short3:bge:leaf-local-6-2:42:505fd35b97ae:6,ühiskond · ajateenistuses · ajateenistus · täpselt samamoodi · ülikoolid,pilot-refit:sentence3:bge:leaf-local-6-2:42:25cc0110579b:2,tegevteenistusse · tahtsin · valik · puhul · väljaõpe,105.15999999999985,short3,sentence3,42
2271676346,pilot-refit:short3:bge:leaf-local-6-2:42:505fd35b97ae:6,ühiskond · ajateenistuses · ajateenistus · täpselt samamoodi · ülikoolid,pilot-refit:sentence3:bge:leaf-local-6-2:42:25cc0110579b:6,kuuks · ajateenistuse · tulevad · teenistusse · teatud,6.559999999999945,short3,sentence3,42
2271676346,pilot-refit:short3:bge:leaf-local-6-2:42:505fd35b97ae:7,tegevteenistusse · tahtsin · kaitseväe · kogeda · kolonel,pilot-refit:sentence3:bge:leaf-local-6-2:42:25cc0110579b:-1,Unassigned,28.40000000000009,short3,sentence3,42
2271676346,pilot-refit:short3:bge:leaf-local-6-2:42:505fd35b97ae:7,tegevteenistusse · tahtsin · kaitseväe · kogeda · kolonel,pilot-refit:sentence3:bge:leaf-local-6-2:42:25cc0110579b:0,täpselt · neli · vaja · peame · pääse,6.800000000000182,short3,sentence3,42
2271676346,pilot-refit:short3:bge:leaf-local-6-2:42:505fd35b97ae:7,tegevteenistusse · tahtsin · kaitseväe · kogeda · kolonel,pilot-refit:sentence3:bge:leaf-local-6-2:42:25cc0110579b:2,tegevteenistusse · tahtsin · valik · puhul · väljaõpe,876.7200000000003,short3,sentence3,42
2397177249,pilot-refit:short3:bge:leaf-local-6-2:42:505fd35b97ae:-1,Unassigned,pilot-refit:sentence3:bge:leaf-local-6-2:42:25cc0110579b:-1,Unassigned,324.3199999999997,short3,sentence3,42
2397177249,pilot-refit:short3:bge:leaf-local-6-2:42:505fd35b97ae:-1,Unassigned,pilot-refit:sentence3:bge:leaf-local-6-2:42:25cc0110579b:1,ai · võib · öelda · palju · ütleme,204.51999999999953,short3,sentence3,42
2397177249,pilot-refit:short3:bge:leaf-local-6-2:42:505fd35b97ae:-1,Unassigned,pilot-refit:sentence3:bge:leaf-local-6-2:42:25cc0110579b:7,vaja · mõttes · ametid · arendajad · ai,91.75999999999999,short3,sentence3,42
2397177249,pilot-refit:short3:bge:leaf-local-6-2:42:505fd35b97ae:-1,Unassigned,pilot-refit:sentence3:bge:leaf-local-6-2:42:25cc0110579b:8,tegelen · ai · kiiresti · einar · ise,11.679999999999836,short3,sentence3,42
2397177249,pilot-refit:short3:bge:leaf-local-6-2:42:505fd35b97ae:0,ai · öelda · kasutada · täna · hetkel,pilot-refit:sentence3:bge:leaf-local-6-2:42:25cc0110579b:-1,Unassigned,331.0400000000004,short3,sentence3,42
2397177249,pilot-refit:short3:bge:leaf-local-6-2:42:505fd35b97ae:0,ai · öelda · kasutada · täna · hetkel,pilot-refit:sentence3:bge:leaf-local-6-2:42:25cc0110579b:1,ai · võib · öelda · palju · ütleme,808.1200000000001,short3,sentence3,42
2397177249,pilot-refit:short3:bge:leaf-local-6-2:42:505fd35b97ae:0,ai · öelda · kasutada · täna · hetkel,pilot-refit:sentence3:bge:leaf-local-6-2:42:25cc0110579b:4,praegu · maksab · praegu hetkel · maksu · hetkel,958.000000000001,short3,sentence3,42
2397177249,pilot-refit:short3:bge:leaf-local-6-2:42:505fd35b97ae:0,ai · öelda · kasutada · täna · hetkel,pilot-refit:sentence3:bge:leaf-local-6-2:42:25cc0110579b:7,vaja · mõttes · ametid · arendajad · ai,2.5600000000000023,short3,sentence3,42
2397177249,pilot-refit:short3:bge:leaf-local-6-2:42:505fd35b97ae:0,ai · öelda · kasutada · täna · hetkel,pilot-refit:sentence3:bge:leaf-local-6-2:42:25cc0110579b:8,tegelen · ai · kiiresti · einar · ise,749.0799999999997,short3,sentence3,42
2397177249,pilot-refit:short3:bge:leaf-local-6-2:42:505fd35b97ae:1,muutunud · kõige · ai · öelda · probleemi,pilot-refit:sentence3:bge:leaf-local-6-2:42:25cc0110579b:-1,Unassigned,935.2119999999998,short3,sentence3,42
2397177249,pilot-refit:short3:bge:leaf-local-6-2:42:505fd35b97ae:1,muutunud · kõige · ai · öelda · probleemi,pilot-refit:sentence3:bge:leaf-local-6-2:42:25cc0110579b:1,ai · võib · öelda · palju · ütleme,686.7199999999999,short3,sentence3,42
2397177249,pilot-refit:short3:bge:leaf-local-6-2:42:505fd35b97ae:1,muutunud · kõige · ai · öelda · probleemi,pilot-refit:sentence3:bge:leaf-local-6-2:42:25cc0110579b:4,praegu · maksab · praegu hetkel · maksu · hetkel,68.7199999999998,short3,sentence3,42
2397177249,pilot-refit:short3:bge:leaf-local-6-2:42:505fd35b97ae:1,muutunud · kõige · ai · öelda · probleemi,pilot-refit:sentence3:bge:leaf-local-6-2:42:25cc0110579b:7,vaja · mõttes · ametid · arendajad · ai,503.9200000000006,short3,sentence3,42
2400164916,pilot-refit:short3:bge:leaf-local-6-2:42:505fd35b97ae:-1,Unassigned,pilot-refit:sentence3:bge:leaf-local-6-2:42:25cc0110579b:-1,Unassigned,610.3940000000002,short3,sentence3,42
2400164916,pilot-refit:short3:bge:leaf-local-6-2:42:505fd35b97ae:-1,Unassigned,pilot-refit:sentence3:bge:leaf-local-6-2:42:25cc0110579b:3,õpetaja · alusharidus · oluline · aitäh · suhete,206.87999999999965,short3,sentence3,42
2400164916,pilot-refit:short3:bge:leaf-local-6-2:42:505fd35b97ae:-1,Unassigned,pilot-refit:sentence3:bge:leaf-local-6-2:42:25cc0110579b:5,vallavalitsus · pere · soovitus · õpetaja · roll,131.72000000000003,short3,sentence3,42
2400164916,pilot-refit:short3:bge:leaf-local-6-2:42:505fd35b97ae:4,alusharidus · õpetaja · alushariduse · oluline · aitäh,pilot-refit:sentence3:bge:leaf-local-6-2:42:25cc0110579b:-1,Unassigned,117.08000000000004,short3,sentence3,42
2400164916,pilot-refit:short3:bge:leaf-local-6-2:42:505fd35b97ae:4,alusharidus · õpetaja · alushariduse · oluline · aitäh,pilot-refit:sentence3:bge:leaf-local-6-2:42:25cc0110579b:3,õpetaja · alusharidus · oluline · aitäh · suhete,839.9999999999995,short3,sentence3,42
2400164916,pilot-refit:short3:bge:leaf-local-6-2:42:505fd35b97ae:5,õpetaja · roll · soovitus · lapsevanemad · liikmed,pilot-refit:sentence3:bge:leaf-local-6-2:42:25cc0110579b:-1,Unassigned,161.0,short3,sentence3,42
2400164916,pilot-refit:short3:bge:leaf-local-6-2:42:505fd35b97ae:5,õpetaja · roll · soovitus · lapsevanemad · liikmed,pilot-refit:sentence3:bge:leaf-local-6-2:42:25cc0110579b:3,õpetaja · alusharidus · oluline · aitäh · suhete,158.84000000000015,short3,sentence3,42
2400164916,pilot-refit:short3:bge:leaf-local-6-2:42:505fd35b97ae:5,õpetaja · roll · soovitus · lapsevanemad · liikmed,pilot-refit:sentence3:bge:leaf-local-6-2:42:25cc0110579b:5,vallavalitsus · pere · soovitus · õpetaja · roll,686.44,short3,sentence3,42
2400164916,pilot-refit:short3:bge:leaf-local-6-2:42:505fd35b97ae:8,õpetaja · hoitud · arvamus · ühiskonnas · eesti ühiskonnas,pilot-refit:sentence3:bge:leaf-local-6-2:42:25cc0110579b:-1,Unassigned,506.8399999999997,short3,sentence3,42
2400164916,pilot-refit:short3:bge:leaf-local-6-2:42:505fd35b97ae:8,õpetaja · hoitud · arvamus · ühiskonnas · eesti ühiskonnas,pilot-refit:sentence3:bge:leaf-local-6-2:42:25cc0110579b:3,õpetaja · alusharidus · oluline · aitäh · suhete,10.52000000000021,short3,sentence3,42
2400164916,pilot-refit:short3:bge:leaf-local-6-2:42:505fd35b97ae:8,õpetaja · hoitud · arvamus · ühiskonnas · eesti ühiskonnas,pilot-refit:sentence3:bge:leaf-local-6-2:42:25cc0110579b:5,vallavalitsus · pere · soovitus · õpetaja · roll,168.8400000000002,short3,sentence3,42
2271676346,pilot-refit:cue5:bge:leaf-local-6-2:42:532f6de652dd:-1,Unassigned,pilot-refit:sentence5:bge:leaf-local-6-2:42:6b15a3e7a120:-1,Unassigned,752.8799999999997,cue5,sentence5,42
2271676346,pilot-refit:cue5:bge:leaf-local-6-2:42:532f6de652dd:-1,Unassigned,pilot-refit:sentence5:bge:leaf-local-6-2:42:6b15a3e7a120:1,vaja · kuud · peame · tulevad · võtame,18.160000000000196,cue5,sentence5,42
2271676346,pilot-refit:cue5:bge:leaf-local-6-2:42:532f6de652dd:-1,Unassigned,pilot-refit:sentence5:bge:leaf-local-6-2:42:6b15a3e7a120:3,ajateenistuse · kaitseväe · tuhat · edasi · ajateenistus,1415.52,cue5,sentence5,42
2271676346,pilot-refit:cue5:bge:leaf-local-6-2:42:532f6de652dd:1,kuud · peame · kahekümne · vaja · ukraina,pilot-refit:sentence5:bge:leaf-local-6-2:42:6b15a3e7a120:-1,Unassigned,15.0,cue5,sentence5,42
2271676346,pilot-refit:cue5:bge:leaf-local-6-2:42:532f6de652dd:1,kuud · peame · kahekümne · vaja · ukraina,pilot-refit:sentence5:bge:leaf-local-6-2:42:6b15a3e7a120:1,vaja · kuud · peame · tulevad · võtame,1850.2000000000007,cue5,sentence5,42
2271676346,pilot-refit:cue5:bge:leaf-local-6-2:42:532f6de652dd:1,kuud · peame · kahekümne · vaja · ukraina,pilot-refit:sentence5:bge:leaf-local-6-2:42:6b15a3e7a120:3,ajateenistuse · kaitseväe · tuhat · edasi · ajateenistus,307.07999999999925,cue5,sentence5,42
2271676346,pilot-refit:cue5:bge:leaf-local-6-2:42:532f6de652dd:4,tuhat · täpselt · ülikoolid · täpselt samamoodi · ajateenistuse,pilot-refit:sentence5:bge:leaf-local-6-2:42:6b15a3e7a120:-1,Unassigned,126.88000000000011,cue5,sentence5,42
2271676346,pilot-refit:cue5:bge:leaf-local-6-2:42:532f6de652dd:4,tuhat · täpselt · ülikoolid · täpselt samamoodi · ajateenistuse,pilot-refit:sentence5:bge:leaf-local-6-2:42:6b15a3e7a120:1,vaja · kuud · peame · tulevad · võtame,439.5999999999999,cue5,sentence5,42
2271676346,pilot-refit:cue5:bge:leaf-local-6-2:42:532f6de652dd:4,tuhat · täpselt · ülikoolid · täpselt samamoodi · ajateenistuse,pilot-refit:sentence5:bge:leaf-local-6-2:42:6b15a3e7a120:3,ajateenistuse · kaitseväe · tuhat · edasi · ajateenistus,636.2240000000002,cue5,sentence5,42
2397177249,pilot-refit:cue5:bge:leaf-local-6-2:42:532f6de652dd:-1,Unassigned,pilot-refit:sentence5:bge:leaf-local-6-2:42:6b15a3e7a120:-1,Unassigned,338.72000000000025,cue5,sentence5,42
2397177249,pilot-refit:cue5:bge:leaf-local-6-2:42:532f6de652dd:-1,Unassigned,pilot-refit:sentence5:bge:leaf-local-6-2:42:6b15a3e7a120:0,võib · öelda · ai · praegu · palju,248.87999999999954,cue5,sentence5,42
2397177249,pilot-refit:cue5:bge:leaf-local-6-2:42:532f6de652dd:0,ai · öelda · palju · võib · hästi,pilot-refit:sentence5:bge:leaf-local-6-2:42:6b15a3e7a120:-1,Unassigned,1222.8920000000003,cue5,sentence5,42
2397177249,pilot-refit:cue5:bge:leaf-local-6-2:42:532f6de652dd:0,ai · öelda · palju · võib · hästi,pilot-refit:sentence5:bge:leaf-local-6-2:42:6b15a3e7a120:0,võib · öelda · ai · praegu · palju,1444.6399999999999,cue5,sentence5,42
2397177249,pilot-refit:cue5:bge:leaf-local-6-2:42:532f6de652dd:0,ai · öelda · palju · võib · hästi,pilot-refit:sentence5:bge:leaf-local-6-2:42:6b15a3e7a120:4,ai · täna · aega · hästi · palju,1152.8,cue5,sentence5,42
2397177249,pilot-refit:cue5:bge:leaf-local-6-2:42:532f6de652dd:2,hetkel · ai · öelda · tehnoloogia · loometegevus,pilot-refit:sentence5:bge:leaf-local-6-2:42:6b15a3e7a120:-1,Unassigned,380.88000000000034,cue5,sentence5,42
2397177249,pilot-refit:cue5:bge:leaf-local-6-2:42:532f6de652dd:2,hetkel · ai · öelda · tehnoloogia · loometegevus,pilot-refit:sentence5:bge:leaf-local-6-2:42:6b15a3e7a120:0,võib · öelda · ai · praegu · palju,880.0,cue5,sentence5,42
2397177249,pilot-refit:cue5:bge:leaf-local-6-2:42:532f6de652dd:2,hetkel · ai · öelda · tehnoloogia · loometegevus,pilot-refit:sentence5:bge:leaf-local-6-2:42:6b15a3e7a120:4,ai · täna · aega · hästi · palju,6.839999999999975,cue5,sentence5,42
2400164916,pilot-refit:cue5:bge:leaf-local-6-2:42:532f6de652dd:3,õpetaja · õpetajate · roll · riigikogu · palk,pilot-refit:sentence5:bge:leaf-local-6-2:42:6b15a3e7a120:2,õpetaja · roll · õpetajate · sina · riigikogu,1529.24,cue5,sentence5,42
2400164916,pilot-refit:cue5:bge:leaf-local-6-2:42:532f6de652dd:3,õpetaja · õpetajate · roll · riigikogu · palk,pilot-refit:sentence5:bge:leaf-local-6-2:42:6b15a3e7a120:5,õpetaja · alusharidus · aitäh · hoitud · ühiskonnas,8.5600000000004,cue5,sentence5,42
2400164916,pilot-refit:cue5:bge:leaf-local-6-2:42:532f6de652dd:5,õpetaja · alusharidus · aitäh · hoitud · ühiskonnas,pilot-refit:sentence5:bge:leaf-local-6-2:42:6b15a3e7a120:2,õpetaja · roll · õpetajate · sina · riigikogu,20.0,cue5,sentence5,42
2400164916,pilot-refit:cue5:bge:leaf-local-6-2:42:532f6de652dd:5,õpetaja · alusharidus · aitäh · hoitud · ühiskonnas,pilot-refit:sentence5:bge:leaf-local-6-2:42:6b15a3e7a120:5,õpetaja · alusharidus · aitäh · hoitud · ühiskonnas,1276.5539999999992,cue5,sentence5,42
2400164916,pilot-refit:cue5:bge:leaf-local-6-2:42:532f6de652dd:6,sina · sind · oled · väärtustatud · palun,pilot-refit:sentence5:bge:leaf-local-6-2:42:6b15a3e7a120:-1,Unassigned,69.27999999999997,cue5,sentence5,42
2400164916,pilot-refit:cue5:bge:leaf-local-6-2:42:532f6de652dd:6,sina · sind · oled · väärtustatud · palun,pilot-refit:sentence5:bge:leaf-local-6-2:42:6b15a3e7a120:2,õpetaja · roll · õpetajate · sina · riigikogu,677.1999999999999,cue5,sentence5,42
2400164916,pilot-refit:cue5:bge:leaf-local-6-2:42:532f6de652dd:6,sina · sind · oled · väärtustatud · palun,pilot-refit:sentence5:bge:leaf-local-6-2:42:6b15a3e7a120:5,õpetaja · alusharidus · aitäh · hoitud · ühiskonnas,17.72000000000014,cue5,sentence5,42
2271676346,pilot-refit:sentence3:bge:leaf-local-6-2:42:25cc0110579b:-1,Unassigned,pilot-refit:sentence5:bge:leaf-local-6-2:42:6b15a3e7a120:-1,Unassigned,508.55999999999995,sentence3,sentence5,42
2271676346,pilot-refit:sentence3:bge:leaf-local-6-2:42:25cc0110579b:-1,Unassigned,pilot-refit:sentence5:bge:leaf-local-6-2:42:6b15a3e7a120:1,vaja · kuud · peame · tulevad · võtame,1098.2000000000003,sentence3,sentence5,42
2271676346,pilot-refit:sentence3:bge:leaf-local-6-2:42:25cc0110579b:-1,Unassigned,pilot-refit:sentence5:bge:leaf-local-6-2:42:6b15a3e7a120:3,ajateenistuse · kaitseväe · tuhat · edasi · ajateenistus,392.9199999999996,sentence3,sentence5,42
2271676346,pilot-refit:sentence3:bge:leaf-local-6-2:42:25cc0110579b:0,täpselt · neli · vaja · peame · pääse,pilot-refit:sentence5:bge:leaf-local-6-2:42:6b15a3e7a120:-1,Unassigned,67.15999999999985,sentence3,sentence5,42
2271676346,pilot-refit:sentence3:bge:leaf-local-6-2:42:25cc0110579b:0,täpselt · neli · vaja · peame · pääse,pilot-refit:sentence5:bge:leaf-local-6-2:42:6b15a3e7a120:1,vaja · kuud · peame · tulevad · võtame,580.2800000000002,sentence3,sentence5,42
2271676346,pilot-refit:sentence3:bge:leaf-local-6-2:42:25cc0110579b:0,täpselt · neli · vaja · peame · pääse,pilot-refit:sentence5:bge:leaf-local-6-2:42:6b15a3e7a120:3,ajateenistuse · kaitseväe · tuhat · edasi · ajateenistus,848.3439999999994,sentence3,sentence5,42
2271676346,pilot-refit:sentence3:bge:leaf-local-6-2:42:25cc0110579b:2,tegevteenistusse · tahtsin · valik · puhul · väljaõpe,pilot-refit:sentence5:bge:leaf-local-6-2:42:6b15a3e7a120:-1,Unassigned,227.55999999999995,sentence3,sentence5,42
2271676346,pilot-refit:sentence3:bge:leaf-local-6-2:42:25cc0110579b:2,tegevteenistusse · tahtsin · valik · puhul · väljaõpe,pilot-refit:sentence5:bge:leaf-local-6-2:42:6b15a3e7a120:1,vaja · kuud · peame · tulevad · võtame,104.36000000000058,sentence3,sentence5,42
2271676346,pilot-refit:sentence3:bge:leaf-local-6-2:42:25cc0110579b:2,tegevteenistusse · tahtsin · valik · puhul · väljaõpe,pilot-refit:sentence5:bge:leaf-local-6-2:42:6b15a3e7a120:3,ajateenistuse · kaitseväe · tuhat · edasi · ajateenistus,974.0000000000005,sentence3,sentence5,42
2271676346,pilot-refit:sentence3:bge:leaf-local-6-2:42:25cc0110579b:6,kuuks · ajateenistuse · tulevad · teenistusse · teatud,pilot-refit:sentence5:bge:leaf-local-6-2:42:6b15a3e7a120:-1,Unassigned,91.48000000000002,sentence3,sentence5,42
2271676346,pilot-refit:sentence3:bge:leaf-local-6-2:42:25cc0110579b:6,kuuks · ajateenistuse · tulevad · teenistusse · teatud,pilot-refit:sentence5:bge:leaf-local-6-2:42:6b15a3e7a120:1,vaja · kuud · peame · tulevad · võtame,525.1199999999998,sentence3,sentence5,42
2271676346,pilot-refit:sentence3:bge:leaf-local-6-2:42:25cc0110579b:6,kuuks · ajateenistuse · tulevad · teenistusse · teatud,pilot-refit:sentence5:bge:leaf-local-6-2:42:6b15a3e7a120:3,ajateenistuse · kaitseväe · tuhat · edasi · ajateenistus,143.55999999999995,sentence3,sentence5,42
2397177249,pilot-refit:sentence3:bge:leaf-local-6-2:42:25cc0110579b:-1,Unassigned,pilot-refit:sentence5:bge:leaf-local-6-2:42:6b15a3e7a120:-1,Unassigned,1360.3719999999996,sentence3,sentence5,42
2397177249,pilot-refit:sentence3:bge:leaf-local-6-2:42:25cc0110579b:-1,Unassigned,pilot-refit:sentence5:bge:leaf-local-6-2:42:6b15a3e7a120:0,võib · öelda · ai · praegu · palju,167.91999999999962,sentence3,sentence5,42
2397177249,pilot-refit:sentence3:bge:leaf-local-6-2:42:25cc0110579b:-1,Unassigned,pilot-refit:sentence5:bge:leaf-local-6-2:42:6b15a3e7a120:4,ai · täna · aega · hästi · palju,62.280000000000655,sentence3,sentence5,42
2397177249,pilot-refit:sentence3:bge:leaf-local-6-2:42:25cc0110579b:1,ai · võib · öelda · palju · ütleme,pilot-refit:sentence5:bge:leaf-local-6-2:42:6b15a3e7a120:-1,Unassigned,388.4800000000005,sentence3,sentence5,42
2397177249,pilot-refit:sentence3:bge:leaf-local-6-2:42:25cc0110579b:1,ai · võib · öelda · palju · ütleme,pilot-refit:sentence5:bge:leaf-local-6-2:42:6b15a3e7a120:0,võib · öelda · ai · praegu · palju,1310.8799999999992,sentence3,sentence5,42
2397177249,pilot-refit:sentence3:bge:leaf-local-6-2:42:25cc0110579b:4,praegu · maksab · praegu hetkel · maksu · hetkel,pilot-refit:sentence5:bge:leaf-local-6-2:42:6b15a3e7a120:-1,Unassigned,66.20000000000027,sentence3,sentence5,42
2397177249,pilot-refit:sentence3:bge:leaf-local-6-2:42:25cc0110579b:4,praegu · maksab · praegu hetkel · maksu · hetkel,pilot-refit:sentence5:bge:leaf-local-6-2:42:6b15a3e7a120:0,võib · öelda · ai · praegu · palju,904.4000000000007,sentence3,sentence5,42
2397177249,pilot-refit:sentence3:bge:leaf-local-6-2:42:25cc0110579b:4,praegu · maksab · praegu hetkel · maksu · hetkel,pilot-refit:sentence5:bge:leaf-local-6-2:42:6b15a3e7a120:4,ai · täna · aega · hästi · palju,56.11999999999989,sentence3,sentence5,42
2397177249,pilot-refit:sentence3:bge:leaf-local-6-2:42:25cc0110579b:7,vaja · mõttes · ametid · arendajad · ai,pilot-refit:sentence5:bge:leaf-local-6-2:42:6b15a3e7a120:-1,Unassigned,127.44000000000051,sentence3,sentence5,42
2397177249,pilot-refit:sentence3:bge:leaf-local-6-2:42:25cc0110579b:7,vaja · mõttes · ametid · arendajad · ai,pilot-refit:sentence5:bge:leaf-local-6-2:42:6b15a3e7a120:0,võib · öelda · ai · praegu · palju,190.32000000000016,sentence3,sentence5,42
2397177249,pilot-refit:sentence3:bge:leaf-local-6-2:42:25cc0110579b:7,vaja · mõttes · ametid · arendajad · ai,pilot-refit:sentence5:bge:leaf-local-6-2:42:6b15a3e7a120:4,ai · täna · aega · hästi · palju,280.4799999999999,sentence3,sentence5,42
2397177249,pilot-refit:sentence3:bge:leaf-local-6-2:42:25cc0110579b:8,tegelen · ai · kiiresti · einar · ise,pilot-refit:sentence5:bge:leaf-local-6-2:42:6b15a3e7a120:4,ai · täna · aega · hästi · palju,760.7599999999995,sentence3,sentence5,42
2400164916,pilot-refit:sentence3:bge:leaf-local-6-2:42:25cc0110579b:-1,Unassigned,pilot-refit:sentence5:bge:leaf-local-6-2:42:6b15a3e7a120:-1,Unassigned,69.27999999999997,sentence3,sentence5,42
2400164916,pilot-refit:sentence3:bge:leaf-local-6-2:42:25cc0110579b:-1,Unassigned,pilot-refit:sentence5:bge:leaf-local-6-2:42:6b15a3e7a120:2,õpetaja · roll · õpetajate · sina · riigikogu,921.12,sentence3,sentence5,42
2400164916,pilot-refit:sentence3:bge:leaf-local-6-2:42:25cc0110579b:-1,Unassigned,pilot-refit:sentence5:bge:leaf-local-6-2:42:6b15a3e7a120:5,õpetaja · alusharidus · aitäh · hoitud · ühiskonnas,404.914,sentence3,sentence5,42
2400164916,pilot-refit:sentence3:bge:leaf-local-6-2:42:25cc0110579b:3,õpetaja · alusharidus · oluline · aitäh · suhete,pilot-refit:sentence5:bge:leaf-local-6-2:42:6b15a3e7a120:2,õpetaja · roll · õpetajate · sina · riigikogu,386.87999999999965,sentence3,sentence5,42
2400164916,pilot-refit:sentence3:bge:leaf-local-6-2:42:25cc0110579b:3,õpetaja · alusharidus · oluline · aitäh · suhete,pilot-refit:sentence5:bge:leaf-local-6-2:42:6b15a3e7a120:5,õpetaja · alusharidus · aitäh · hoitud · ühiskonnas,829.3599999999999,sentence3,sentence5,42
2400164916,pilot-refit:sentence3:bge:leaf-local-6-2:42:25cc0110579b:5,vallavalitsus · pere · soovitus · õpetaja · roll,pilot-refit:sentence5:bge:leaf-local-6-2:42:6b15a3e7a120:2,õpetaja · roll · õpetajate · sina · riigikogu,918.4400000000003,sentence3,sentence5,42
2400164916,pilot-refit:sentence3:bge:leaf-local-6-2:42:25cc0110579b:5,vallavalitsus · pere · soovitus · õpetaja · roll,pilot-refit:sentence5:bge:leaf-local-6-2:42:6b15a3e7a120:5,õpetaja · alusharidus · aitäh · hoitud · ühiskonnas,68.56,sentence3,sentence5,42
2271676346,pilot-refit:original:bge:leaf-local-6-2:7:239bc03a4b32:1,ajateenistuse · edasi · võib · vaja · peame,pilot-refit:short3:bge:leaf-local-6-2:7:505fd35b97ae:-1,Unassigned,2028.0399999999993,original,short3,7
2271676346,pilot-refit:original:bge:leaf-local-6-2:7:239bc03a4b32:1,ajateenistuse · edasi · võib · vaja · peame,pilot-refit:short3:bge:leaf-local-6-2:7:505fd35b97ae:3,selliselt · kuuks · kuud · kahekümne · kaks,1104.7600000000011,original,short3,7
2271676346,pilot-refit:original:bge:leaf-local-6-2:7:239bc03a4b32:1,ajateenistuse · edasi · võib · vaja · peame,pilot-refit:short3:bge:leaf-local-6-2:7:505fd35b97ae:4,tuhat · ajateenistuse · toota · pääse · hetk,917.3039999999997,original,short3,7
2271676346,pilot-refit:original:bge:leaf-local-6-2:7:239bc03a4b32:1,ajateenistuse · edasi · võib · vaja · peame,pilot-refit:short3:bge:leaf-local-6-2:7:505fd35b97ae:6,ajateenistuses · ajateenistus · ükski · ajateenistust · õigesse,796.7199999999996,original,short3,7
2271676346,pilot-refit:original:bge:leaf-local-6-2:7:239bc03a4b32:1,ajateenistuse · edasi · võib · vaja · peame,pilot-refit:short3:bge:leaf-local-6-2:7:505fd35b97ae:8,täpselt · täpselt samamoodi · ülikoolid · tulla · jaanuaris,714.7200000000003,original,short3,7
2397177249,pilot-refit:original:bge:leaf-local-6-2:7:239bc03a4b32:0,ai · öelda · võib · palju · hästi,pilot-refit:short3:bge:leaf-local-6-2:7:505fd35b97ae:-1,Unassigned,664.0519999999991,original,short3,7
2397177249,pilot-refit:original:bge:leaf-local-6-2:7:239bc03a4b32:0,ai · öelda · võib · palju · hästi,pilot-refit:short3:bge:leaf-local-6-2:7:505fd35b97ae:0,ai · võib · öelda · ettevõtet · kõige,2321.7200000000003,original,short3,7
2397177249,pilot-refit:original:bge:leaf-local-6-2:7:239bc03a4b32:0,ai · öelda · võib · palju · hästi,pilot-refit:short3:bge:leaf-local-6-2:7:505fd35b97ae:2,ai · kasutada · öelda · kinni · eurot,1974.6800000000017,original,short3,7
2397177249,pilot-refit:original:bge:leaf-local-6-2:7:239bc03a4b32:0,ai · öelda · võib · palju · hästi,pilot-refit:short3:bge:leaf-local-6-2:7:505fd35b97ae:7,google · loometegevus · ea · ai · mõttes,715.1999999999996,original,short3,7
2400164916,pilot-refit:original:bge:leaf-local-6-2:7:239bc03a4b32:2,õpetaja · aitäh · hoitud · ise · oluline,pilot-refit:short3:bge:leaf-local-6-2:7:505fd35b97ae:-1,Unassigned,445.9939999999998,original,short3,7
2400164916,pilot-refit:original:bge:leaf-local-6-2:7:239bc03a4b32:2,õpetaja · aitäh · hoitud · ise · oluline,pilot-refit:short3:bge:leaf-local-6-2:7:505fd35b97ae:1,õpetaja · hoitud · roll · palun · pere,2223.5200000000004,original,short3,7
2400164916,pilot-refit:original:bge:leaf-local-6-2:7:239bc03a4b32:2,õpetaja · aitäh · hoitud · ise · oluline,pilot-refit:short3:bge:leaf-local-6-2:7:505fd35b97ae:5,alusharidus · oluline · õpetaja · aitäh · kaasa,929.0399999999994,original,short3,7
2271676346,pilot-refit:short3:bge:leaf-local-6-2:7:505fd35b97ae:-1,Unassigned,pilot-refit:sentence3:bge:leaf-local-6-2:7:25cc0110579b:-1,Unassigned,1040.4399999999994,short3,sentence3,7
2271676346,pilot-refit:short3:bge:leaf-local-6-2:7:505fd35b97ae:-1,Unassigned,pilot-refit:sentence3:bge:leaf-local-6-2:7:25cc0110579b:1,ajateenistuse · teenistusse · ajateenistus · aasta · oluliselt,314.03999999999996,short3,sentence3,7
2271676346,pilot-refit:short3:bge:leaf-local-6-2:7:505fd35b97ae:-1,Unassigned,pilot-refit:sentence3:bge:leaf-local-6-2:7:25cc0110579b:3,tegevteenistusse · tahtsin · valik · puhul · väljaõpe,670.8800000000001,short3,sentence3,7
2271676346,pilot-refit:short3:bge:leaf-local-6-2:7:505fd35b97ae:-1,Unassigned,pilot-refit:sentence3:bge:leaf-local-6-2:7:25cc0110579b:6,jaanuaris · kuulda · arvavad · enne · ajateenijaid,2.6799999999998363,short3,sentence3,7
2271676346,pilot-refit:short3:bge:leaf-local-6-2:7:505fd35b97ae:3,selliselt · kuuks · kuud · kahekümne · kaks,pilot-refit:sentence3:bge:leaf-local-6-2:7:25cc0110579b:-1,Unassigned,239.88000000000056,short3,sentence3,7
2271676346,pilot-refit:short3:bge:leaf-local-6-2:7:505fd35b97ae:3,selliselt · kuuks · kuud · kahekümne · kaks,pilot-refit:sentence3:bge:leaf-local-6-2:7:25cc0110579b:1,ajateenistuse · teenistusse · ajateenistus · aasta · oluliselt,669.9200000000002,short3,sentence3,7
2271676346,pilot-refit:short3:bge:leaf-local-6-2:7:505fd35b97ae:3,selliselt · kuuks · kuud · kahekümne · kaks,pilot-refit:sentence3:bge:leaf-local-6-2:7:25cc0110579b:3,tegevteenistusse · tahtsin · valik · puhul · väljaõpe,194.96000000000026,short3,sentence3,7
2271676346,pilot-refit:short3:bge:leaf-local-6-2:7:505fd35b97ae:4,tuhat · ajateenistuse · toota · pääse · hetk,pilot-refit:sentence3:bge:leaf-local-6-2:7:25cc0110579b:-1,Unassigned,116.27999999999963,short3,sentence3,7
2271676346,pilot-refit:short3:bge:leaf-local-6-2:7:505fd35b97ae:4,tuhat · ajateenistuse · toota · pääse · hetk,pilot-refit:sentence3:bge:leaf-local-6-2:7:25cc0110579b:1,ajateenistuse · teenistusse · ajateenistus · aasta · oluliselt,487.32000000000016,short3,sentence3,7
2271676346,pilot-refit:short3:bge:leaf-local-6-2:7:505fd35b97ae:4,tuhat · ajateenistuse · toota · pääse · hetk,pilot-refit:sentence3:bge:leaf-local-6-2:7:25cc0110579b:6,jaanuaris · kuulda · arvavad · enne · ajateenijaid,313.70399999999995,short3,sentence3,7
2271676346,pilot-refit:short3:bge:leaf-local-6-2:7:505fd35b97ae:6,ajateenistuses · ajateenistus · ükski · ajateenistust · õigesse,pilot-refit:sentence3:bge:leaf-local-6-2:7:25cc0110579b:-1,Unassigned,359.19999999999936,short3,sentence3,7
2271676346,pilot-refit:short3:bge:leaf-local-6-2:7:505fd35b97ae:6,ajateenistuses · ajateenistus · ükski · ajateenistust · õigesse,pilot-refit:sentence3:bge:leaf-local-6-2:7:25cc0110579b:1,ajateenistuse · teenistusse · ajateenistus · aasta · oluliselt,6.880000000000109,short3,sentence3,7
2271676346,pilot-refit:short3:bge:leaf-local-6-2:7:505fd35b97ae:6,ajateenistuses · ajateenistus · ükski · ajateenistust · õigesse,pilot-refit:sentence3:bge:leaf-local-6-2:7:25cc0110579b:3,tegevteenistusse · tahtsin · valik · puhul · väljaõpe,430.6400000000001,short3,sentence3,7
2271676346,pilot-refit:short3:bge:leaf-local-6-2:7:505fd35b97ae:8,täpselt · täpselt samamoodi · ülikoolid · tulla · jaanuaris,pilot-refit:sentence3:bge:leaf-local-6-2:7:25cc0110579b:-1,Unassigned,528.7999999999997,short3,sentence3,7
2271676346,pilot-refit:short3:bge:leaf-local-6-2:7:505fd35b97ae:8,täpselt · täpselt samamoodi · ülikoolid · tulla · jaanuaris,pilot-refit:sentence3:bge:leaf-local-6-2:7:25cc0110579b:1,ajateenistuse · teenistusse · ajateenistus · aasta · oluliselt,11.039999999999964,short3,sentence3,7
2271676346,pilot-refit:short3:bge:leaf-local-6-2:7:505fd35b97ae:8,täpselt · täpselt samamoodi · ülikoolid · tulla · jaanuaris,pilot-refit:sentence3:bge:leaf-local-6-2:7:25cc0110579b:3,tegevteenistusse · tahtsin · valik · puhul · väljaõpe,9.44000000000051,short3,sentence3,7
2271676346,pilot-refit:short3:bge:leaf-local-6-2:7:505fd35b97ae:8,täpselt · täpselt samamoodi · ülikoolid · tulla · jaanuaris,pilot-refit:sentence3:bge:leaf-local-6-2:7:25cc0110579b:6,jaanuaris · kuulda · arvavad · enne · ajateenijaid,165.44000000000005,short3,sentence3,7
2397177249,pilot-refit:short3:bge:leaf-local-6-2:7:505fd35b97ae:-1,Unassigned,pilot-refit:sentence3:bge:leaf-local-6-2:7:25cc0110579b:-1,Unassigned,262.6120000000002,short3,sentence3,7
2397177249,pilot-refit:short3:bge:leaf-local-6-2:7:505fd35b97ae:-1,Unassigned,pilot-refit:sentence3:bge:leaf-local-6-2:7:25cc0110579b:0,ai · hästi · tahad · sul · öelda,323.119999999999,short3,sentence3,7
2397177249,pilot-refit:short3:bge:leaf-local-6-2:7:505fd35b97ae:-1,Unassigned,pilot-refit:sentence3:bge:leaf-local-6-2:7:25cc0110579b:4,ai · tehnoloogia · linnar · öelda · eesti ai,17.47999999999979,short3,sentence3,7
2397177249,pilot-refit:short3:bge:leaf-local-6-2:7:505fd35b97ae:-1,Unassigned,pilot-refit:sentence3:bge:leaf-local-6-2:7:25cc0110579b:5,google · maksame · maksu · kümme · ai,60.840000000000146,short3,sentence3,7
2397177249,pilot-refit:short3:bge:leaf-local-6-2:7:505fd35b97ae:0,ai · võib · öelda · ettevõtet · kõige,pilot-refit:sentence3:bge:leaf-local-6-2:7:25cc0110579b:-1,Unassigned,749.7200000000005,short3,sentence3,7
2397177249,pilot-refit:short3:bge:leaf-local-6-2:7:505fd35b97ae:0,ai · võib · öelda · ettevõtet · kõige,pilot-refit:sentence3:bge:leaf-local-6-2:7:25cc0110579b:0,ai · hästi · tahad · sul · öelda,1443.6399999999999,short3,sentence3,7
2397177249,pilot-refit:short3:bge:leaf-local-6-2:7:505fd35b97ae:0,ai · võib · öelda · ettevõtet · kõige,pilot-refit:sentence3:bge:leaf-local-6-2:7:25cc0110579b:4,ai · tehnoloogia · linnar · öelda · eesti ai,124.07999999999993,short3,sentence3,7
2397177249,pilot-refit:short3:bge:leaf-local-6-2:7:505fd35b97ae:0,ai · võib · öelda · ettevõtet · kõige,pilot-refit:sentence3:bge:leaf-local-6-2:7:25cc0110579b:5,google · maksame · maksu · kümme · ai,4.279999999999745,short3,sentence3,7
2397177249,pilot-refit:short3:bge:leaf-local-6-2:7:505fd35b97ae:2,ai · kasutada · öelda · kinni · eurot,pilot-refit:sentence3:bge:leaf-local-6-2:7:25cc0110579b:-1,Unassigned,435.04000000000065,short3,sentence3,7
2397177249,pilot-refit:short3:bge:leaf-local-6-2:7:505fd35b97ae:2,ai · kasutada · öelda · kinni · eurot,pilot-refit:sentence3:bge:leaf-local-6-2:7:25cc0110579b:0,ai · hästi · tahad · sul · öelda,137.88000000000017,short3,sentence3,7
2397177249,pilot-refit:short3:bge:leaf-local-6-2:7:505fd35b97ae:2,ai · kasutada · öelda · kinni · eurot,pilot-refit:sentence3:bge:leaf-local-6-2:7:25cc0110579b:4,ai · tehnoloogia · linnar · öelda · eesti ai,967.8400000000007,short3,sentence3,7
2397177249,pilot-refit:short3:bge:leaf-local-6-2:7:505fd35b97ae:2,ai · kasutada · öelda · kinni · eurot,pilot-refit:sentence3:bge:leaf-local-6-2:7:25cc0110579b:5,google · maksame · maksu · kümme · ai,433.9200000000001,short3,sentence3,7
2397177249,pilot-refit:short3:bge:leaf-local-6-2:7:505fd35b97ae:7,google · loometegevus · ea · ai · mõttes,pilot-refit:sentence3:bge:leaf-local-6-2:7:25cc0110579b:-1,Unassigned,200.40000000000032,short3,sentence3,7
2397177249,pilot-refit:short3:bge:leaf-local-6-2:7:505fd35b97ae:7,google · loometegevus · ea · ai · mõttes,pilot-refit:sentence3:bge:leaf-local-6-2:7:25cc0110579b:0,ai · hästi · tahad · sul · öelda,308.00000000000006,short3,sentence3,7
2397177249,pilot-refit:short3:bge:leaf-local-6-2:7:505fd35b97ae:7,google · loometegevus · ea · ai · mõttes,pilot-refit:sentence3:bge:leaf-local-6-2:7:25cc0110579b:4,ai · tehnoloogia · linnar · öelda · eesti ai,6.479999999999563,short3,sentence3,7
2397177249,pilot-refit:short3:bge:leaf-local-6-2:7:505fd35b97ae:7,google · loometegevus · ea · ai · mõttes,pilot-refit:sentence3:bge:leaf-local-6-2:7:25cc0110579b:5,google · maksame · maksu · kümme · ai,200.3199999999997,short3,sentence3,7
2400164916,pilot-refit:short3:bge:leaf-local-6-2:7:505fd35b97ae:-1,Unassigned,pilot-refit:sentence3:bge:leaf-local-6-2:7:25cc0110579b:-1,Unassigned,133.31400000000008,short3,sentence3,7
2400164916,pilot-refit:short3:bge:leaf-local-6-2:7:505fd35b97ae:-1,Unassigned,pilot-refit:sentence3:bge:leaf-local-6-2:7:25cc0110579b:2,alusharidus · õpetaja · alushariduse · oluline · aitäh,180.9599999999997,short3,sentence3,7
2400164916,pilot-refit:short3:bge:leaf-local-6-2:7:505fd35b97ae:-1,Unassigned,pilot-refit:sentence3:bge:leaf-local-6-2:7:25cc0110579b:8,soovitus · õpetaja · roll · vallavalitsus · vallavalitsuse,131.72000000000003,short3,sentence3,7
2400164916,pilot-refit:short3:bge:leaf-local-6-2:7:505fd35b97ae:1,õpetaja · hoitud · roll · palun · pere,pilot-refit:sentence3:bge:leaf-local-6-2:7:25cc0110579b:-1,Unassigned,169.24,short3,sentence3,7
2400164916,pilot-refit:short3:bge:leaf-local-6-2:7:505fd35b97ae:1,õpetaja · hoitud · roll · palun · pere,pilot-refit:sentence3:bge:leaf-local-6-2:7:25cc0110579b:2,alusharidus · õpetaja · alushariduse · oluline · aitäh,122.80000000000018,short3,sentence3,7
2400164916,pilot-refit:short3:bge:leaf-local-6-2:7:505fd35b97ae:1,õpetaja · hoitud · roll · palun · pere,pilot-refit:sentence3:bge:leaf-local-6-2:7:25cc0110579b:7,õpetaja · hoitud · arvamus · ühiskonnas · õpetajana,536.7999999999998,short3,sentence3,7
2400164916,pilot-refit:short3:bge:leaf-local-6-2:7:505fd35b97ae:1,õpetaja · hoitud · roll · palun · pere,pilot-refit:sentence3:bge:leaf-local-6-2:7:25cc0110579b:8,soovitus · õpetaja · roll · vallavalitsus · vallavalitsuse,658.4000000000001,short3,sentence3,7
2400164916,pilot-refit:short3:bge:leaf-local-6-2:7:505fd35b97ae:1,õpetaja · hoitud · roll · palun · pere,pilot-refit:sentence3:bge:leaf-local-6-2:7:25cc0110579b:9,õpetaja · suhete · ise · negatiivset · juhtimine,736.2800000000004,short3,sentence3,7
2400164916,pilot-refit:short3:bge:leaf-local-6-2:7:505fd35b97ae:5,alusharidus · oluline · õpetaja · aitäh · kaasa,pilot-refit:sentence3:bge:leaf-local-6-2:7:25cc0110579b:-1,Unassigned,68.16,short3,sentence3,7
2400164916,pilot-refit:short3:bge:leaf-local-6-2:7:505fd35b97ae:5,alusharidus · oluline · õpetaja · aitäh · kaasa,pilot-refit:sentence3:bge:leaf-local-6-2:7:25cc0110579b:2,alusharidus · õpetaja · alushariduse · oluline · aitäh,833.9199999999994,short3,sentence3,7
2400164916,pilot-refit:short3:bge:leaf-local-6-2:7:505fd35b97ae:5,alusharidus · oluline · õpetaja · aitäh · kaasa,pilot-refit:sentence3:bge:leaf-local-6-2:7:25cc0110579b:9,õpetaja · suhete · ise · negatiivset · juhtimine,26.960000000000036,short3,sentence3,7
2271676346,pilot-refit:cue5:bge:leaf-local-6-2:7:532f6de652dd:-1,Unassigned,pilot-refit:sentence5:bge:leaf-local-6-2:7:6b15a3e7a120:-1,Unassigned,406.43999999999915,cue5,sentence5,7
2271676346,pilot-refit:cue5:bge:leaf-local-6-2:7:532f6de652dd:-1,Unassigned,pilot-refit:sentence5:bge:leaf-local-6-2:7:6b15a3e7a120:1,ajateenistuse · tuhat · pärast · tahtsin · pisut,99.60000000000014,cue5,sentence5,7
2271676346,pilot-refit:cue5:bge:leaf-local-6-2:7:532f6de652dd:-1,Unassigned,pilot-refit:sentence5:bge:leaf-local-6-2:7:6b15a3e7a120:2,peame · ukraina · vaja · tulevad · punkt,256.1999999999998,cue5,sentence5,7
2271676346,pilot-refit:cue5:bge:leaf-local-6-2:7:532f6de652dd:-1,Unassigned,pilot-refit:sentence5:bge:leaf-local-6-2:7:6b15a3e7a120:7,ajateenistuses · tegevteenistusse · kaitseväe · kolonel · ajateenistus,19.600000000000364,cue5,sentence5,7
2271676346,pilot-refit:cue5:bge:leaf-local-6-2:7:532f6de652dd:-1,Unassigned,pilot-refit:sentence5:bge:leaf-local-6-2:7:6b15a3e7a120:8,praeguse · juhtide · valik · tulevased · kuud,4.480000000000018,cue5,sentence5,7
2271676346,pilot-refit:cue5:bge:leaf-local-6-2:7:532f6de652dd:2,ajateenistuses · ajateenistuse · täpselt · ajateenistus · väljaõpe,pilot-refit:sentence5:bge:leaf-local-6-2:7:6b15a3e7a120:-1,Unassigned,354.6800000000003,cue5,sentence5,7
2271676346,pilot-refit:cue5:bge:leaf-local-6-2:7:532f6de652dd:2,ajateenistuses · ajateenistuse · täpselt · ajateenistus · väljaõpe,pilot-refit:sentence5:bge:leaf-local-6-2:7:6b15a3e7a120:1,ajateenistuse · tuhat · pärast · tahtsin · pisut,451.48,cue5,sentence5,7
2271676346,pilot-refit:cue5:bge:leaf-local-6-2:7:532f6de652dd:2,ajateenistuses · ajateenistuse · täpselt · ajateenistus · väljaõpe,pilot-refit:sentence5:bge:leaf-local-6-2:7:6b15a3e7a120:2,peame · ukraina · vaja · tulevad · punkt,350.36,cue5,sentence5,7
2271676346,pilot-refit:cue5:bge:leaf-local-6-2:7:532f6de652dd:2,ajateenistuses · ajateenistuse · täpselt · ajateenistus · väljaõpe,pilot-refit:sentence5:bge:leaf-local-6-2:7:6b15a3e7a120:7,ajateenistuses · tegevteenistusse · kaitseväe · kolonel · ajateenistus,985.5199999999992,cue5,sentence5,7
2271676346,pilot-refit:cue5:bge:leaf-local-6-2:7:532f6de652dd:2,ajateenistuses · ajateenistuse · täpselt · ajateenistus · väljaõpe,pilot-refit:sentence5:bge:leaf-local-6-2:7:6b15a3e7a120:8,praeguse · juhtide · valik · tulevased · kuud,13.360000000000127,cue5,sentence5,7
2271676346,pilot-refit:cue5:bge:leaf-local-6-2:7:532f6de652dd:4,vaja · ukraina · droonid · kuuks · edasi,pilot-refit:sentence5:bge:leaf-local-6-2:7:6b15a3e7a120:1,ajateenistuse · tuhat · pärast · tahtsin · pisut,4.879999999999882,cue5,sentence5,7
2271676346,pilot-refit:cue5:bge:leaf-local-6-2:7:532f6de652dd:4,vaja · ukraina · droonid · kuuks · edasi,pilot-refit:sentence5:bge:leaf-local-6-2:7:6b15a3e7a120:2,peame · ukraina · vaja · tulevad · punkt,855.2800000000002,cue5,sentence5,7
2271676346,pilot-refit:cue5:bge:leaf-local-6-2:7:532f6de652dd:4,vaja · ukraina · droonid · kuuks · edasi,pilot-refit:sentence5:bge:leaf-local-6-2:7:6b15a3e7a120:7,ajateenistuses · tegevteenistusse · kaitseväe · kolonel · ajateenistus,6.1599999999998545,cue5,sentence5,7
2271676346,pilot-refit:cue5:bge:leaf-local-6-2:7:532f6de652dd:4,vaja · ukraina · droonid · kuuks · edasi,pilot-refit:sentence5:bge:leaf-local-6-2:7:6b15a3e7a120:8,praeguse · juhtide · valik · tulevased · kuud,572.2400000000006,cue5,sentence5,7
2271676346,pilot-refit:cue5:bge:leaf-local-6-2:7:532f6de652dd:5,tuhat · ajateenistuse · sõja · edasi · mõlemad,pilot-refit:sentence5:bge:leaf-local-6-2:7:6b15a3e7a120:-1,Unassigned,259.6800000000003,cue5,sentence5,7
2271676346,pilot-refit:cue5:bge:leaf-local-6-2:7:532f6de652dd:5,tuhat · ajateenistuse · sõja · edasi · mõlemad,pilot-refit:sentence5:bge:leaf-local-6-2:7:6b15a3e7a120:1,ajateenistuse · tuhat · pärast · tahtsin · pisut,921.5839999999998,cue5,sentence5,7
2397177249,pilot-refit:cue5:bge:leaf-local-6-2:7:532f6de652dd:-1,Unassigned,pilot-refit:sentence5:bge:leaf-local-6-2:7:6b15a3e7a120:-1,Unassigned,221.52000000000066,cue5,sentence5,7
2397177249,pilot-refit:cue5:bge:leaf-local-6-2:7:532f6de652dd:-1,Unassigned,pilot-refit:sentence5:bge:leaf-local-6-2:7:6b15a3e7a120:9,linnar · tehnoloogia · ai · eesti ai · võib,74.03999999999996,cue5,sentence5,7
2397177249,pilot-refit:cue5:bge:leaf-local-6-2:7:532f6de652dd:0,ai · palju · võib · hästi · öelda,pilot-refit:sentence5:bge:leaf-local-6-2:7:6b15a3e7a120:-1,Unassigned,368.3999999999995,cue5,sentence5,7
2397177249,pilot-refit:cue5:bge:leaf-local-6-2:7:532f6de652dd:0,ai · palju · võib · hästi · öelda,pilot-refit:sentence5:bge:leaf-local-6-2:7:6b15a3e7a120:4,ai · google · täna · aega · palju,1292.519999999999,cue5,sentence5,7
2397177249,pilot-refit:cue5:bge:leaf-local-6-2:7:532f6de652dd:0,ai · palju · võib · hästi · öelda,pilot-refit:sentence5:bge:leaf-local-6-2:7:6b15a3e7a120:5,kõige · ettevõtte · ettevõtet · võib · muutunud,1278.7600000000002,cue5,sentence5,7
2397177249,pilot-refit:cue5:bge:leaf-local-6-2:7:532f6de652dd:0,ai · palju · võib · hästi · öelda,pilot-refit:sentence5:bge:leaf-local-6-2:7:6b15a3e7a120:6,eurot · maksab · praegu · kinni · eest,6.239999999999782,cue5,sentence5,7
2397177249,pilot-refit:cue5:bge:leaf-local-6-2:7:532f6de652dd:0,ai · palju · võib · hästi · öelda,pilot-refit:sentence5:bge:leaf-local-6-2:7:6b15a3e7a120:9,linnar · tehnoloogia · ai · eesti ai · võib,580.9999999999998,cue5,sentence5,7
2397177249,pilot-refit:cue5:bge:leaf-local-6-2:7:532f6de652dd:3,ai · öelda · kasutada · eurot · hetkel,pilot-refit:sentence5:bge:leaf-local-6-2:7:6b15a3e7a120:-1,Unassigned,789.6520000000004,cue5,sentence5,7
2397177249,pilot-refit:cue5:bge:leaf-local-6-2:7:532f6de652dd:3,ai · öelda · kasutada · eurot · hetkel,pilot-refit:sentence5:bge:leaf-local-6-2:7:6b15a3e7a120:4,ai · google · täna · aega · palju,9.88000000000011,cue5,sentence5,7
2397177249,pilot-refit:cue5:bge:leaf-local-6-2:7:532f6de652dd:3,ai · öelda · kasutada · eurot · hetkel,pilot-refit:sentence5:bge:leaf-local-6-2:7:6b15a3e7a120:5,kõige · ettevõtte · ettevõtet · võib · muutunud,6.319999999999936,cue5,sentence5,7
2397177249,pilot-refit:cue5:bge:leaf-local-6-2:7:532f6de652dd:3,ai · öelda · kasutada · eurot · hetkel,pilot-refit:sentence5:bge:leaf-local-6-2:7:6b15a3e7a120:6,eurot · maksab · praegu · kinni · eest,923.2400000000008,cue5,sentence5,7
2397177249,pilot-refit:cue5:bge:leaf-local-6-2:7:532f6de652dd:3,ai · öelda · kasutada · eurot · hetkel,pilot-refit:sentence5:bge:leaf-local-6-2:7:6b15a3e7a120:9,linnar · tehnoloogia · ai · eesti ai · võib,124.07999999999993,cue5,sentence5,7
2400164916,pilot-refit:cue5:bge:leaf-local-6-2:7:532f6de652dd:1,õpetaja · aitäh · oluline · alusharidus · rolli,pilot-refit:sentence5:bge:leaf-local-6-2:7:6b15a3e7a120:-1,Unassigned,105.44000000000005,cue5,sentence5,7
2400164916,pilot-refit:cue5:bge:leaf-local-6-2:7:532f6de652dd:1,õpetaja · aitäh · oluline · alusharidus · rolli,pilot-refit:sentence5:bge:leaf-local-6-2:7:6b15a3e7a120:0,õpetaja · alusharidus · aitäh · palk · ühiskonnas,1482.8739999999993,cue5,sentence5,7
2400164916,pilot-refit:cue5:bge:leaf-local-6-2:7:532f6de652dd:1,õpetaja · aitäh · oluline · alusharidus · rolli,pilot-refit:sentence5:bge:leaf-local-6-2:7:6b15a3e7a120:3,õpetaja · roll · rolli · liikmed · soovitus,1246.0400000000002,cue5,sentence5,7
2400164916,pilot-refit:cue5:bge:leaf-local-6-2:7:532f6de652dd:6,sina · sind · oled · väärtustatud · palun,pilot-refit:sentence5:bge:leaf-local-6-2:7:6b15a3e7a120:-1,Unassigned,738.8799999999998,cue5,sentence5,7
2400164916,pilot-refit:cue5:bge:leaf-local-6-2:7:532f6de652dd:6,sina · sind · oled · väärtustatud · palun,pilot-refit:sentence5:bge:leaf-local-6-2:7:6b15a3e7a120:0,õpetaja · alusharidus · aitäh · palk · ühiskonnas,17.72000000000014,cue5,sentence5,7
2400164916,pilot-refit:cue5:bge:leaf-local-6-2:7:532f6de652dd:6,sina · sind · oled · väärtustatud · palun,pilot-refit:sentence5:bge:leaf-local-6-2:7:6b15a3e7a120:3,õpetaja · roll · rolli · liikmed · soovitus,7.600000000000136,cue5,sentence5,7
2271676346,pilot-refit:sentence3:bge:leaf-local-6-2:7:25cc0110579b:-1,Unassigned,pilot-refit:sentence5:bge:leaf-local-6-2:7:6b15a3e7a120:-1,Unassigned,790.9199999999996,sentence3,sentence5,7
2271676346,pilot-refit:sentence3:bge:leaf-local-6-2:7:25cc0110579b:-1,Unassigned,pilot-refit:sentence5:bge:leaf-local-6-2:7:6b15a3e7a120:1,ajateenistuse · tuhat · pärast · tahtsin · pisut,239.19999999999982,sentence3,sentence5,7
2271676346,pilot-refit:sentence3:bge:leaf-local-6-2:7:25cc0110579b:-1,Unassigned,pilot-refit:sentence5:bge:leaf-local-6-2:7:6b15a3e7a120:2,peame · ukraina · vaja · tulevad · punkt,926.0400000000001,sentence3,sentence5,7
2271676346,pilot-refit:sentence3:bge:leaf-local-6-2:7:25cc0110579b:-1,Unassigned,pilot-refit:sentence5:bge:leaf-local-6-2:7:6b15a3e7a120:7,ajateenistuses · tegevteenistusse · kaitseväe · kolonel · ajateenistus,328.43999999999915,sentence3,sentence5,7
2271676346,pilot-refit:sentence3:bge:leaf-local-6-2:7:25cc0110579b:1,ajateenistuse · teenistusse · ajateenistus · aasta · oluliselt,pilot-refit:sentence5:bge:leaf-local-6-2:7:6b15a3e7a120:-1,Unassigned,128.55999999999995,sentence3,sentence5,7
2271676346,pilot-refit:sentence3:bge:leaf-local-6-2:7:25cc0110579b:1,ajateenistuse · teenistusse · ajateenistus · aasta · oluliselt,pilot-refit:sentence5:bge:leaf-local-6-2:7:6b15a3e7a120:1,ajateenistuse · tuhat · pärast · tahtsin · pisut,500.8000000000002,sentence3,sentence5,7
2271676346,pilot-refit:sentence3:bge:leaf-local-6-2:7:25cc0110579b:1,ajateenistuse · teenistusse · ajateenistus · aasta · oluliselt,pilot-refit:sentence5:bge:leaf-local-6-2:7:6b15a3e7a120:2,peame · ukraina · vaja · tulevad · punkt,374.1200000000001,sentence3,sentence5,7
2271676346,pilot-refit:sentence3:bge:leaf-local-6-2:7:25cc0110579b:1,ajateenistuse · teenistusse · ajateenistus · aasta · oluliselt,pilot-refit:sentence5:bge:leaf-local-6-2:7:6b15a3e7a120:8,praeguse · juhtide · valik · tulevased · kuud,485.72000000000014,sentence3,sentence5,7
2271676346,pilot-refit:sentence3:bge:leaf-local-6-2:7:25cc0110579b:3,tegevteenistusse · tahtsin · valik · puhul · väljaõpe,pilot-refit:sentence5:bge:leaf-local-6-2:7:6b15a3e7a120:1,ajateenistuse · tuhat · pärast · tahtsin · pisut,484.6400000000001,sentence3,sentence5,7
2271676346,pilot-refit:sentence3:bge:leaf-local-6-2:7:25cc0110579b:3,tegevteenistusse · tahtsin · valik · puhul · väljaõpe,pilot-refit:sentence5:bge:leaf-local-6-2:7:6b15a3e7a120:2,peame · ukraina · vaja · tulevad · punkt,97.55999999999995,sentence3,sentence5,7
2271676346,pilot-refit:sentence3:bge:leaf-local-6-2:7:25cc0110579b:3,tegevteenistusse · tahtsin · valik · puhul · väljaõpe,pilot-refit:sentence5:bge:leaf-local-6-2:7:6b15a3e7a120:7,ajateenistuses · tegevteenistusse · kaitseväe · kolonel · ajateenistus,619.3600000000004,sentence3,sentence5,7
2271676346,pilot-refit:sentence3:bge:leaf-local-6-2:7:25cc0110579b:3,tegevteenistusse · tahtsin · valik · puhul · väljaõpe,pilot-refit:sentence5:bge:leaf-local-6-2:7:6b15a3e7a120:8,praeguse · juhtide · valik · tulevased · kuud,104.36000000000058,sentence3,sentence5,7
2271676346,pilot-refit:sentence3:bge:leaf-local-6-2:7:25cc0110579b:6,jaanuaris · kuulda · arvavad · enne · ajateenijaid,pilot-refit:sentence5:bge:leaf-local-6-2:7:6b15a3e7a120:-1,Unassigned,101.32000000000016,sentence3,sentence5,7
2271676346,pilot-refit:sentence3:bge:leaf-local-6-2:7:25cc0110579b:6,jaanuaris · kuulda · arvavad · enne · ajateenijaid,pilot-refit:sentence5:bge:leaf-local-6-2:7:6b15a3e7a120:1,ajateenistuse · tuhat · pärast · tahtsin · pisut,252.90399999999977,sentence3,sentence5,7
2271676346,pilot-refit:sentence3:bge:leaf-local-6-2:7:25cc0110579b:6,jaanuaris · kuulda · arvavad · enne · ajateenijaid,pilot-refit:sentence5:bge:leaf-local-6-2:7:6b15a3e7a120:2,peame · ukraina · vaja · tulevad · punkt,64.11999999999989,sentence3,sentence5,7
2271676346,pilot-refit:sentence3:bge:leaf-local-6-2:7:25cc0110579b:6,jaanuaris · kuulda · arvavad · enne · ajateenijaid,pilot-refit:sentence5:bge:leaf-local-6-2:7:6b15a3e7a120:7,ajateenistuses · tegevteenistusse · kaitseväe · kolonel · ajateenistus,63.480000000000004,sentence3,sentence5,7
2397177249,pilot-refit:sentence3:bge:leaf-local-6-2:7:25cc0110579b:-1,Unassigned,pilot-refit:sentence5:bge:leaf-local-6-2:7:6b15a3e7a120:-1,Unassigned,560.4920000000011,sentence3,sentence5,7
2397177249,pilot-refit:sentence3:bge:leaf-local-6-2:7:25cc0110579b:-1,Unassigned,pilot-refit:sentence5:bge:leaf-local-6-2:7:6b15a3e7a120:5,kõige · ettevõtte · ettevõtet · võib · muutunud,567.4,sentence3,sentence5,7
2397177249,pilot-refit:sentence3:bge:leaf-local-6-2:7:25cc0110579b:-1,Unassigned,pilot-refit:sentence5:bge:leaf-local-6-2:7:6b15a3e7a120:6,eurot · maksab · praegu · kinni · eest,447.04000000000053,sentence3,sentence5,7
2397177249,pilot-refit:sentence3:bge:leaf-local-6-2:7:25cc0110579b:-1,Unassigned,pilot-refit:sentence5:bge:leaf-local-6-2:7:6b15a3e7a120:9,linnar · tehnoloogia · ai · eesti ai · võib,72.84000000000003,sentence3,sentence5,7
2397177249,pilot-refit:sentence3:bge:leaf-local-6-2:7:25cc0110579b:0,ai · hästi · tahad · sul · öelda,pilot-refit:sentence5:bge:leaf-local-6-2:7:6b15a3e7a120:-1,Unassigned,330.43999999999915,sentence3,sentence5,7
2397177249,pilot-refit:sentence3:bge:leaf-local-6-2:7:25cc0110579b:0,ai · hästi · tahad · sul · öelda,pilot-refit:sentence5:bge:leaf-local-6-2:7:6b15a3e7a120:4,ai · google · täna · aega · palju,1041.2399999999993,sentence3,sentence5,7
2397177249,pilot-refit:sentence3:bge:leaf-local-6-2:7:25cc0110579b:0,ai · hästi · tahad · sul · öelda,pilot-refit:sentence5:bge:leaf-local-6-2:7:6b15a3e7a120:5,kõige · ettevõtte · ettevõtet · võib · muutunud,717.6800000000003,sentence3,sentence5,7
2397177249,pilot-refit:sentence3:bge:leaf-local-6-2:7:25cc0110579b:0,ai · hästi · tahad · sul · öelda,pilot-refit:sentence5:bge:leaf-local-6-2:7:6b15a3e7a120:6,eurot · maksab · praegu · kinni · eest,123.2800000000002,sentence3,sentence5,7
2397177249,pilot-refit:sentence3:bge:leaf-local-6-2:7:25cc0110579b:4,ai · tehnoloogia · linnar · öelda · eesti ai,pilot-refit:sentence5:bge:leaf-local-6-2:7:6b15a3e7a120:-1,Unassigned,409.60000000000036,sentence3,sentence5,7
2397177249,pilot-refit:sentence3:bge:leaf-local-6-2:7:25cc0110579b:4,ai · tehnoloogia · linnar · öelda · eesti ai,pilot-refit:sentence5:bge:leaf-local-6-2:7:6b15a3e7a120:9,linnar · tehnoloogia · ai · eesti ai · võib,706.2799999999996,sentence3,sentence5,7
2397177249,pilot-refit:sentence3:bge:leaf-local-6-2:7:25cc0110579b:5,google · maksame · maksu · kümme · ai,pilot-refit:sentence5:bge:leaf-local-6-2:7:6b15a3e7a120:-1,Unassigned,79.03999999999996,sentence3,sentence5,7
2397177249,pilot-refit:sentence3:bge:leaf-local-6-2:7:25cc0110579b:5,google · maksame · maksu · kümme · ai,pilot-refit:sentence5:bge:leaf-local-6-2:7:6b15a3e7a120:4,ai · google · täna · aega · palju,261.15999999999985,sentence3,sentence5,7
2397177249,pilot-refit:sentence3:bge:leaf-local-6-2:7:25cc0110579b:5,google · maksame · maksu · kümme · ai,pilot-refit:sentence5:bge:leaf-local-6-2:7:6b15a3e7a120:6,eurot · maksab · praegu · kinni · eest,359.15999999999985,sentence3,sentence5,7
2400164916,pilot-refit:sentence3:bge:leaf-local-6-2:7:25cc0110579b:-1,Unassigned,pilot-refit:sentence5:bge:leaf-local-6-2:7:6b15a3e7a120:-1,Unassigned,296.6,sentence3,sentence5,7
2400164916,pilot-refit:sentence3:bge:leaf-local-6-2:7:25cc0110579b:-1,Unassigned,pilot-refit:sentence5:bge:leaf-local-6-2:7:6b15a3e7a120:0,õpetaja · alusharidus · aitäh · palk · ühiskonnas,74.11400000000003,sentence3,sentence5,7
2400164916,pilot-refit:sentence3:bge:leaf-local-6-2:7:25cc0110579b:2,alusharidus · õpetaja · alushariduse · oluline · aitäh,pilot-refit:sentence5:bge:leaf-local-6-2:7:6b15a3e7a120:-1,Unassigned,166.72000000000003,sentence3,sentence5,7
2400164916,pilot-refit:sentence3:bge:leaf-local-6-2:7:25cc0110579b:2,alusharidus · õpetaja · alushariduse · oluline · aitäh,pilot-refit:sentence5:bge:leaf-local-6-2:7:6b15a3e7a120:0,õpetaja · alusharidus · aitäh · palk · ühiskonnas,900.1999999999995,sentence3,sentence5,7
2400164916,pilot-refit:sentence3:bge:leaf-local-6-2:7:25cc0110579b:2,alusharidus · õpetaja · alushariduse · oluline · aitäh,pilot-refit:sentence5:bge:leaf-local-6-2:7:6b15a3e7a120:3,õpetaja · roll · rolli · liikmed · soovitus,70.75999999999976,sentence3,sentence5,7
2400164916,pilot-refit:sentence3:bge:leaf-local-6-2:7:25cc0110579b:7,õpetaja · hoitud · arvamus · ühiskonnas · õpetajana,pilot-refit:sentence5:bge:leaf-local-6-2:7:6b15a3e7a120:-1,Unassigned,246.87999999999988,sentence3,sentence5,7
2400164916,pilot-refit:sentence3:bge:leaf-local-6-2:7:25cc0110579b:7,õpetaja · hoitud · arvamus · ühiskonnas · õpetajana,pilot-refit:sentence5:bge:leaf-local-6-2:7:6b15a3e7a120:0,õpetaja · alusharidus · aitäh · palk · ühiskonnas,289.92,sentence3,sentence5,7
2400164916,pilot-refit:sentence3:bge:leaf-local-6-2:7:25cc0110579b:8,soovitus · õpetaja · roll · vallavalitsus · vallavalitsuse,pilot-refit:sentence5:bge:leaf-local-6-2:7:6b15a3e7a120:0,õpetaja · alusharidus · aitäh · palk · ühiskonnas,132.44000000000005,sentence3,sentence5,7
2400164916,pilot-refit:sentence3:bge:leaf-local-6-2:7:25cc0110579b:8,soovitus · õpetaja · roll · vallavalitsus · vallavalitsuse,pilot-refit:sentence5:bge:leaf-local-6-2:7:6b15a3e7a120:3,õpetaja · roll · rolli · liikmed · soovitus,657.6800000000001,sentence3,sentence5,7
2400164916,pilot-refit:sentence3:bge:leaf-local-6-2:7:25cc0110579b:9,õpetaja · suhete · ise · negatiivset · juhtimine,pilot-refit:sentence5:bge:leaf-local-6-2:7:6b15a3e7a120:-1,Unassigned,134.1199999999999,sentence3,sentence5,7
2400164916,pilot-refit:sentence3:bge:leaf-local-6-2:7:25cc0110579b:9,õpetaja · suhete · ise · negatiivset · juhtimine,pilot-refit:sentence5:bge:leaf-local-6-2:7:6b15a3e7a120:0,õpetaja · alusharidus · aitäh · palk · ühiskonnas,103.92000000000007,sentence3,sentence5,7
2400164916,pilot-refit:sentence3:bge:leaf-local-6-2:7:25cc0110579b:9,õpetaja · suhete · ise · negatiivset · juhtimine,pilot-refit:sentence5:bge:leaf-local-6-2:7:6b15a3e7a120:3,õpetaja · roll · rolli · liikmed · soovitus,525.2000000000005,sentence3,sentence5,7
