episode_id,timestamp_seconds,left_block_id,right_block_id,score,selected,forced
2397177249,45.64,2397177249:000000011600-000000045640,2397177249:000000045640-000000078800,0.4024818104298824,False,False
2397177249,78.8,2397177249:000000045640-000000078800,2397177249:000000078800-000000109880,0.23968925939981678,False,False
2397177249,109.88,2397177249:000000078800-000000109880,2397177249:000000109880-000000145200,0.3092776199505958,False,False
2397177249,145.2,2397177249:000000109880-000000145200,2397177249:000000145200-000000178000,0.24920291080208812,False,False
2397177249,178.0,2397177249:000000145200-000000178000,2397177249:000000178000-000000212920,0.32528055202756256,True,False
2397177249,212.92,2397177249:000000178000-000000212920,2397177249:000000212920-000000242160,0.22779093798319483,False,False
2397177249,242.16,2397177249:000000212920-000000242160,2397177249:000000242160-000000272280,0.235618434283961,False,False
2397177249,272.28,2397177249:000000242160-000000272280,2397177249:000000272280-000000302800,0.27852501113728223,False,False
2397177249,302.8,2397177249:000000272280-000000302800,2397177249:000000302800-000000334120,0.28888765613225265,False,False
2397177249,334.12,2397177249:000000302800-000000334120,2397177249:000000334120-000000366600,0.30790393789633685,True,True
2397177249,366.6,2397177249:000000334120-000000366600,2397177249:000000366600-000000398480,0.31272591611425216,False,False
2397177249,398.48,2397177249:000000366600-000000398480,2397177249:000000398480-000000428520,0.34913467868648795,True,False
2397177249,428.52,2397177249:000000398480-000000428520,2397177249:000000428520-000000459960,0.27107370489322435,False,False
2397177249,459.96,2397177249:000000428520-000000459960,2397177249:000000459960-000000490080,0.353053017768845,False,False
2397177249,490.08,2397177249:000000459960-000000490080,2397177249:000000490080-000000525240,0.3620003127571767,True,False
2397177249,525.24,2397177249:000000490080-000000525240,2397177249:000000525240-000000555760,0.28192486517025994,False,False
2397177249,555.76,2397177249:000000525240-000000555760,2397177249:000000555760-000000592760,0.35132659024144897,True,False
2397177249,592.76,2397177249:000000555760-000000592760,2397177249:000000592760-000000626920,0.2962994689890981,False,False
2397177249,626.92,2397177249:000000592760-000000626920,2397177249:000000626920-000000662560,0.3347820996628069,True,False
2397177249,662.56,2397177249:000000626920-000000662560,2397177249:000000662560-000000696600,0.31074905099987726,False,False
2397177249,696.6,2397177249:000000662560-000000696600,2397177249:000000696600-000000729240,0.22330275781855924,False,False
2397177249,729.24,2397177249:000000696600-000000729240,2397177249:000000729240-000000762760,0.2787706330069112,False,False
2397177249,762.76,2397177249:000000729240-000000762760,2397177249:000000762760-000000793360,0.30353621341096626,True,True
2397177249,793.36,2397177249:000000762760-000000793360,2397177249:000000793360-000000829800,0.29584810801083106,False,False
2397177249,829.8,2397177249:000000793360-000000829800,2397177249:000000829800-000000866640,0.2596351937481688,False,False
2397177249,866.64,2397177249:000000829800-000000866640,2397177249:000000866640-000000902040,0.43221397140449846,True,False
2397177249,902.04,2397177249:000000866640-000000902040,2397177249:000000902040-000000937160,0.32422434441133086,False,False
2397177249,937.16,2397177249:000000902040-000000937160,2397177249:000000937160-000000967400,0.304319886543583,False,False
2397177249,967.4,2397177249:000000937160-000000967400,2397177249:000000967400-000000997800,0.2566221449565371,False,False
2397177249,997.8,2397177249:000000967400-000000997800,2397177249:000000997800-000001030000,0.4086273983405757,True,False
2397177249,1030.0,2397177249:000000997800-000001030000,2397177249:000001030000-000001060840,0.28988385899874736,False,False
2397177249,1060.84,2397177249:000001030000-000001060840,2397177249:000001060840-000001090840,0.276737692503367,False,False
2397177249,1090.84,2397177249:000001060840-000001090840,2397177249:000001090840-000001124680,0.2793270848585373,False,False
2397177249,1124.68,2397177249:000001090840-000001124680,2397177249:000001124680-000001158920,0.34139503118622205,False,False
2397177249,1158.92,2397177249:000001124680-000001158920,2397177249:000001158920-000001189760,0.3839271959700743,True,False
2397177249,1189.76,2397177249:000001158920-000001189760,2397177249:000001189760-000001222160,0.332505340407528,False,False
2397177249,1222.16,2397177249:000001189760-000001222160,2397177249:000001222160-000001252960,0.3476254214175615,True,False
2397177249,1252.96,2397177249:000001222160-000001252960,2397177249:000001252960-000001285840,0.3037276207273154,False,False
2397177249,1285.84,2397177249:000001252960-000001285840,2397177249:000001285840-000001321320,0.2686877961946529,False,False
2397177249,1321.32,2397177249:000001285840-000001321320,2397177249:000001321320-000001351880,0.30159078306500153,True,True
2397177249,1351.88,2397177249:000001321320-000001351880,2397177249:000001351880-000001382840,0.2288197980700014,False,False
2397177249,1382.84,2397177249:000001351880-000001382840,2397177249:000001382840-000001413040,0.24496118219947172,False,False
2397177249,1413.04,2397177249:000001382840-000001413040,2397177249:000001413040-000001444480,0.20256169072066155,False,False
2397177249,1444.48,2397177249:000001413040-000001444480,2397177249:000001444480-000001475040,0.25550267694337114,True,True
2397177249,1475.04,2397177249:000001444480-000001475040,2397177249:000001475040-000001505640,0.22822783958860826,False,False
2397177249,1505.64,2397177249:000001475040-000001505640,2397177249:000001505640-000001539280,0.33848953302088414,True,False
2397177249,1539.28,2397177249:000001505640-000001539280,2397177249:000001539280-000001569720,0.31815310334103464,False,False
2397177249,1569.72,2397177249:000001539280-000001569720,2397177249:000001569720-000001602400,0.3140311800898403,False,False
2397177249,1602.4,2397177249:000001569720-000001602400,2397177249:000001602400-000001633320,0.2367943963729756,False,False
2397177249,1633.32,2397177249:000001602400-000001633320,2397177249:000001633320-000001664720,0.364919226381653,True,False
2397177249,1664.72,2397177249:000001633320-000001664720,2397177249:000001664720-000001699440,0.2580111058310598,False,False
2397177249,1699.44,2397177249:000001664720-000001699440,2397177249:000001699440-000001731600,0.2996798208804863,False,False
2397177249,1731.6,2397177249:000001699440-000001731600,2397177249:000001731600-000001763040,0.23372395508480626,False,False
2397177249,1763.04,2397177249:000001731600-000001763040,2397177249:000001763040-000001795240,0.3341632952712499,False,False
2397177249,1795.24,2397177249:000001763040-000001795240,2397177249:000001795240-000001825720,0.3607574999623915,True,False
2397177249,1825.72,2397177249:000001795240-000001825720,2397177249:000001825720-000001857320,0.2149028157383518,False,False
2397177249,1857.32,2397177249:000001825720-000001857320,2397177249:000001857320-000001891480,0.22528915639615654,False,False
2397177249,1891.48,2397177249:000001857320-000001891480,2397177249:000001891480-000001925480,0.23362217671941343,False,False
2397177249,1925.48,2397177249:000001891480-000001925480,2397177249:000001925480-000001955480,0.2990487269343768,True,True
2397177249,1955.48,2397177249:000001925480-000001955480,2397177249:000001955480-000001987920,0.27823940700926664,False,False
2397177249,1987.92,2397177249:000001955480-000001987920,2397177249:000001987920-000002019840,0.2610901369640143,False,False
2397177249,2019.84,2397177249:000001987920-000002019840,2397177249:000002019840-000002055200,0.2673084620999113,False,False
2397177249,2055.2,2397177249:000002019840-000002055200,2397177249:000002055200-000002086400,0.28030146841796366,True,True
2397177249,2086.4,2397177249:000002055200-000002086400,2397177249:000002086400-000002117840,0.2100345094642504,False,False
2397177249,2117.84,2397177249:000002086400-000002117840,2397177249:000002117840-000002148040,0.2873713390993633,False,False
2397177249,2148.04,2397177249:000002117840-000002148040,2397177249:000002148040-000002180240,0.303811066322087,False,False
2397177249,2180.24,2397177249:000002148040-000002180240,2397177249:000002180240-000002214480,0.3146716679840641,False,False
2397177249,2214.48,2397177249:000002180240-000002214480,2397177249:000002214480-000002246480,0.32148913505701093,True,False
2397177249,2246.48,2397177249:000002214480-000002246480,2397177249:000002246480-000002279600,0.23601293698558856,False,False
2397177249,2279.6,2397177249:000002246480-000002279600,2397177249:000002279600-000002311240,0.3204740041092319,True,False
2397177249,2311.24,2397177249:000002279600-000002311240,2397177249:000002311240-000002341600,0.2243622281588864,False,False
2397177249,2341.6,2397177249:000002311240-000002341600,2397177249:000002341600-000002375800,0.3043150174215825,False,False
2397177249,2375.8,2397177249:000002341600-000002375800,2397177249:000002375800-000002407200,0.27396132476984447,False,False
2397177249,2407.2,2397177249:000002375800-000002407200,2397177249:000002407200-000002437600,0.2233957652566929,False,False
2397177249,2437.6,2397177249:000002407200-000002437600,2397177249:000002437600-000002469480,0.31255157633766073,True,False
2397177249,2469.48,2397177249:000002437600-000002469480,2397177249:000002469480-000002503800,0.23034182593939834,False,False
2397177249,2503.8,2397177249:000002469480-000002503800,2397177249:000002503800-000002538600,0.28844456770874694,True,True
2397177249,2538.6,2397177249:000002503800-000002538600,2397177249:000002538600-000002571760,0.22052114490003905,False,False
2397177249,2571.76,2397177249:000002538600-000002571760,2397177249:000002571760-000002604480,0.22243896458996415,True,True
2397177249,2604.48,2397177249:000002571760-000002604480,2397177249:000002604480-000002639960,0.22071874605620678,False,False
2397177249,2639.96,2397177249:000002604480-000002639960,2397177249:000002639960-000002674200,0.22243281101732382,False,False
2397177249,2674.2,2397177249:000002639960-000002674200,2397177249:000002674200-000002705040,0.21202097566842082,False,False
2397177249,2705.04,2397177249:000002674200-000002705040,2397177249:000002705040-000002738640,0.2873879158643019,False,False
2397177249,2738.64,2397177249:000002705040-000002738640,2397177249:000002738640-000002772040,0.4089859055205807,True,False
2397177249,2772.04,2397177249:000002738640-000002772040,2397177249:000002772040-000002803760,0.32102723280106304,False,False
2397177249,2803.76,2397177249:000002772040-000002803760,2397177249:000002803760-000002835360,0.2201979319040379,False,False
2397177249,2835.36,2397177249:000002803760-000002835360,2397177249:000002835360-000002868800,0.2908603305433288,False,False
2397177249,2868.8,2397177249:000002835360-000002868800,2397177249:000002868800-000002901800,0.3238827268664457,True,False
2397177249,2901.8,2397177249:000002868800-000002901800,2397177249:000002901800-000002935760,0.3198294630811114,False,False
2397177249,2935.76,2397177249:000002901800-000002935760,2397177249:000002935760-000002968000,0.23587566558628914,False,False
2397177249,2968.0,2397177249:000002935760-000002968000,2397177249:000002968000-000003001960,0.23224230512543298,False,False
2397177249,3001.96,2397177249:000002968000-000003001960,2397177249:000003001960-000003033080,0.26214376539641937,True,True
2397177249,3033.08,2397177249:000003001960-000003033080,2397177249:000003033080-000003066520,0.2319041851570368,False,False
2397177249,3066.52,2397177249:000003033080-000003066520,2397177249:000003066520-000003099480,0.22801050699208913,False,False
2397177249,3099.48,2397177249:000003066520-000003099480,2397177249:000003099480-000003129800,0.29514402647763216,False,False
2397177249,3129.8,2397177249:000003099480-000003129800,2397177249:000003129800-000003164320,0.3185205540034288,True,False
2397177249,3164.32,2397177249:000003129800-000003164320,2397177249:000003164320-000003198080,0.20456164001430932,False,False
2397177249,3198.08,2397177249:000003164320-000003198080,2397177249:000003198080-000003235040,0.24122830481280078,False,False
2397177249,3235.04,2397177249:000003198080-000003235040,2397177249:000003235040-000003269880,0.2097227900042743,False,False
2397177249,3269.88,2397177249:000003235040-000003269880,2397177249:000003269880-000003300000,0.2356843846010641,False,False
2397177249,3300.0,2397177249:000003269880-000003300000,2397177249:000003300000-000003331920,0.3153812206736286,True,False
2397177249,3331.92,2397177249:000003300000-000003331920,2397177249:000003331920-000003363440,0.27994487308937166,False,False
2397177249,3363.44,2397177249:000003331920-000003363440,2397177249:000003363440-000003394560,0.26070816317201595,False,False
2397177249,3394.56,2397177249:000003363440-000003394560,2397177249:000003394560-000003430760,0.33750982770128746,True,False
2397177249,3430.76,2397177249:000003394560-000003430760,2397177249:000003430760-000003466800,0.22198004735218824,False,False
2397177249,3466.8,2397177249:000003430760-000003466800,2397177249:000003466800-000003497680,0.23166844731160197,False,False
2397177249,3497.68,2397177249:000003466800-000003497680,2397177249:000003497680-000003534280,0.2970804254623909,True,True
2397177249,3534.28,2397177249:000003497680-000003534280,2397177249:000003534280-000003565320,0.25491390547091686,False,False
2397177249,3565.32,2397177249:000003534280-000003565320,2397177249:000003565320-000003600360,0.25000711573163126,True,True
2397177249,3600.36,2397177249:000003565320-000003600360,2397177249:000003600360-000003632000,0.2368466845108821,False,False
2397177249,3632.0,2397177249:000003600360-000003632000,2397177249:000003632000-000003665640,0.22162338717662478,False,False
2397177249,3665.64,2397177249:000003632000-000003665640,2397177249:000003665640-000003696800,0.3149907868409153,False,False
2397177249,3696.8,2397177249:000003665640-000003696800,2397177249:000003696800-000003727520,0.35233667604160135,True,False
2397177249,3727.52,2397177249:000003696800-000003727520,2397177249:000003727520-000003759200,0.2292858598831491,False,False
2397177249,3759.2,2397177249:000003727520-000003759200,2397177249:000003759200-000003792560,0.3759472158785464,True,False
2397177249,3792.56,2397177249:000003759200-000003792560,2397177249:000003792560-000003823520,0.32880047379660016,False,False
2397177249,3823.52,2397177249:000003792560-000003823520,2397177249:000003823520-000003857360,0.23192116160597565,False,False
2397177249,3857.36,2397177249:000003823520-000003857360,2397177249:000003857360-000003889280,0.24269170873328805,True,True
2397177249,3889.28,2397177249:000003857360-000003889280,2397177249:000003889280-000003923120,0.20069587032309766,False,False
2397177249,3923.12,2397177249:000003889280-000003923120,2397177249:000003923120-000003955000,0.23251693515919836,False,False
2397177249,3955.0,2397177249:000003923120-000003955000,2397177249:000003955000-000003989600,0.28289054537596403,True,True
2397177249,3989.6,2397177249:000003955000-000003989600,2397177249:000003989600-000004022080,0.25460703607937873,False,False
2397177249,4022.08,2397177249:000003989600-000004022080,2397177249:000004022080-000004053440,0.24856498427090412,False,False
2397177249,4053.44,2397177249:000004022080-000004053440,2397177249:000004053440-000004087040,0.2558112211554343,False,False
2397177249,4087.04,2397177249:000004053440-000004087040,2397177249:000004087040-000004117240,0.20493706852457516,False,False
2397177249,4117.24,2397177249:000004087040-000004117240,2397177249:000004117240-000004147280,0.32836311475397906,True,False
2397177249,4147.28,2397177249:000004117240-000004147280,2397177249:000004147280-000004177720,0.29168259014277687,False,False
2397177249,4177.72,2397177249:000004147280-000004177720,2397177249:000004177720-000004208600,0.24030802124581419,True,True
2397177249,4208.6,2397177249:000004177720-000004208600,2397177249:000004208600-000004242280,0.20147960209352345,False,False
2397177249,4242.28,2397177249:000004208600-000004242280,2397177249:000004242280-000004275200,0.15252601428641133,False,False
2397177249,4275.2,2397177249:000004242280-000004275200,2397177249:000004275200-000004307240,0.18290954411180216,False,False
2397177249,4307.24,2397177249:000004275200-000004307240,2397177249:000004307240-000004339360,0.2806674038749397,True,True
2397177249,4339.36,2397177249:000004307240-000004339360,2397177249:000004339360-000004373560,0.19599398169219062,False,False
2397177249,4373.56,2397177249:000004339360-000004373560,2397177249:000004373560-000004405240,0.35400835082858095,True,False
2397177249,4405.24,2397177249:000004373560-000004405240,2397177249:000004405240-000004435280,0.24990584713642938,False,False
2397177249,4435.28,2397177249:000004405240-000004435280,2397177249:000004435280-000004468360,0.3262780740691018,True,False
2397177249,4468.36,2397177249:000004435280-000004468360,2397177249:000004468360-000004503720,0.30153412202226937,False,False
2397177249,4503.72,2397177249:000004468360-000004503720,2397177249:000004503720-000004537760,0.34110555747191207,True,False
2397177249,4537.76,2397177249:000004503720-000004537760,2397177249:000004537760-000004569680,0.3185920568660623,False,False
2397177249,4569.68,2397177249:000004537760-000004569680,2397177249:000004569680-000004600600,0.250607641980676,False,False
2397177249,4600.6,2397177249:000004569680-000004600600,2397177249:000004600600-000004631680,0.30234265775928404,True,True
2397177249,4631.68,2397177249:000004600600-000004631680,2397177249:000004631680-000004662160,0.24899541439335482,False,False
2397177249,4662.16,2397177249:000004631680-000004662160,2397177249:000004662160-000004696720,0.2315254028362428,False,False
2397177249,4696.72,2397177249:000004662160-000004696720,2397177249:000004696720-000004728600,0.2489531049883107,False,False
2397177249,4728.6,2397177249:000004696720-000004728600,2397177249:000004728600-000004759960,0.2555906303316692,False,False
2397177249,4759.96,2397177249:000004728600-000004759960,2397177249:000004759960-000004791840,0.2678822472161019,True,True
2397177249,4791.84,2397177249:000004759960-000004791840,2397177249:000004791840-000004823040,0.24676777593469135,False,False
2397177249,4823.04,2397177249:000004791840-000004823040,2397177249:000004823040-000004857000,0.22127969741949816,False,False
2397177249,4857.0,2397177249:000004823040-000004857000,2397177249:000004857000-000004889960,0.2252577894419593,False,False
2397177249,4889.96,2397177249:000004857000-000004889960,2397177249:000004889960-000004921920,0.19991243459738917,False,False
2397177249,4921.92,2397177249:000004889960-000004921920,2397177249:000004921920-000004954520,0.2855444515055514,True,True
2397177249,4954.52,2397177249:000004921920-000004954520,2397177249:000004954520-000004985520,0.25605891233372946,False,False
2397177249,4985.52,2397177249:000004954520-000004985520,2397177249:000004985520-000005020120,0.3223798107461173,True,False
2397177249,5020.12,2397177249:000004985520-000005020120,2397177249:000005020120-000005052880,0.31681456024213794,False,False
2397177249,5052.88,2397177249:000005020120-000005052880,2397177249:000005052880-000005083560,0.34958083871941303,True,False
2397177249,5083.56,2397177249:000005052880-000005083560,2397177249:000005083560-000005116960,0.3435476231475365,False,False
2397177249,5116.96,2397177249:000005083560-000005116960,2397177249:000005116960-000005149440,0.1863995759325774,False,False
2397177249,5149.44,2397177249:000005116960-000005149440,2397177249:000005149440-000005181320,0.24121901969753123,True,True
2397177249,5181.32,2397177249:000005149440-000005181320,2397177249:000005181320-000005212880,0.214271775074109,False,False
2397177249,5212.88,2397177249:000005181320-000005212880,2397177249:000005212880-000005243000,0.19891432249194918,False,False
2397177249,5243.0,2397177249:000005212880-000005243000,2397177249:000005243000-000005276920,0.23546544351200382,False,False
2397177249,5276.92,2397177249:000005243000-000005276920,2397177249:000005276920-000005312400,0.39659106810044065,True,False
2397177249,5312.4,2397177249:000005276920-000005312400,2397177249:000005312400-000005343680,0.23275773096833607,False,False
2397177249,5343.68,2397177249:000005312400-000005343680,2397177249:000005343680-000005376840,0.34862624609306936,True,False
2397177249,5376.84,2397177249:000005343680-000005376840,2397177249:000005376840-000005409920,0.3097316082688477,False,False
2397177249,5409.92,2397177249:000005376840-000005409920,2397177249:000005409920-000005443000,0.24391934645100188,False,False
2397177249,5443.0,2397177249:000005409920-000005443000,2397177249:000005443000-000005478080,0.2616878162209927,True,True
2397177249,5478.08,2397177249:000005443000-000005478080,2397177249:000005478080-000005511520,0.2227231325203456,False,False
2397177249,5511.52,2397177249:000005478080-000005511520,2397177249:000005511520-000005546000,0.2704320244781253,False,False
2397177249,5546.0,2397177249:000005511520-000005546000,2397177249:000005546000-000005577360,0.3403803838397217,True,False
2397177249,5577.36,2397177249:000005546000-000005577360,2397177249:000005577360-000005612320,0.29868529261964927,False,False
2397177249,5612.32,2397177249:000005577360-000005612320,2397177249:000005612320-000005642560,0.26990080542110806,False,False
2397177249,5642.56,2397177249:000005612320-000005642560,2397177249:000005642560-000005673280,0.332495226032557,False,False
2397177249,5673.28,2397177249:000005642560-000005673280,2397177249:000005673280-000005687252,0.4786251607518439,False,False
2400164916,48.72,2400164916:000000011800-000000048720,2400164916:000000048720-000000079160,0.3513939483362605,False,False
2400164916,79.16,2400164916:000000048720-000000079160,2400164916:000000079160-000000110360,0.2233118242141492,False,False
2400164916,110.36,2400164916:000000079160-000000110360,2400164916:000000110360-000000143840,0.18441364713028752,False,False
2400164916,143.84,2400164916:000000110360-000000143840,2400164916:000000143840-000000176680,0.2726170481524196,True,True
2400164916,176.68,2400164916:000000143840-000000176680,2400164916:000000176680-000000207080,0.3168983441380837,False,False
2400164916,207.08,2400164916:000000176680-000000207080,2400164916:000000207080-000000239520,0.3640767132052851,True,False
2400164916,239.52,2400164916:000000207080-000000239520,2400164916:000000239520-000000275240,0.24366053594680048,False,False
2400164916,275.24,2400164916:000000239520-000000275240,2400164916:000000275240-000000307680,0.35266655553801973,True,False
2400164916,307.68,2400164916:000000275240-000000307680,2400164916:000000307680-000000344520,0.25312865584050326,False,False
2400164916,344.52,2400164916:000000307680-000000344520,2400164916:000000344520-000000374880,0.29438734474213935,True,False
2400164916,374.88,2400164916:000000344520-000000374880,2400164916:000000374880-000000406520,0.26631803067093374,False,False
2400164916,406.52,2400164916:000000374880-000000406520,2400164916:000000406520-000000440440,0.32806605783544596,True,False
2400164916,440.44,2400164916:000000406520-000000440440,2400164916:000000440440-000000478120,0.32165386991106115,False,False
2400164916,478.12,2400164916:000000440440-000000478120,2400164916:000000478120-000000513080,0.22603831216219228,False,False
2400164916,513.08,2400164916:000000478120-000000513080,2400164916:000000513080-000000545560,0.21241158139494087,False,False
2400164916,545.56,2400164916:000000513080-000000545560,2400164916:000000545560-000000575760,0.2331346530514936,False,False
2400164916,575.76,2400164916:000000545560-000000575760,2400164916:000000575760-000000605920,0.24162879451944974,True,True
2400164916,605.92,2400164916:000000575760-000000605920,2400164916:000000605920-000000642160,0.2522656439766915,False,False
2400164916,642.16,2400164916:000000605920-000000642160,2400164916:000000642160-000000676600,0.3478826338710871,True,False
2400164916,676.6,2400164916:000000642160-000000676600,2400164916:000000676600-000000708960,0.2652966825419748,False,False
2400164916,708.96,2400164916:000000676600-000000708960,2400164916:000000708960-000000739240,0.21787899674693056,False,False
2400164916,739.24,2400164916:000000708960-000000739240,2400164916:000000739240-000000769480,0.2257459846455987,True,True
2400164916,769.48,2400164916:000000739240-000000769480,2400164916:000000769480-000000804640,0.21532884795742935,False,False
2400164916,804.64,2400164916:000000769480-000000804640,2400164916:000000804640-000000839040,0.22950163922791456,False,False
2400164916,839.04,2400164916:000000804640-000000839040,2400164916:000000839040-000000874680,0.3234336848414071,True,False
2400164916,874.68,2400164916:000000839040-000000874680,2400164916:000000874680-000000907320,0.2549506036207769,False,False
2400164916,907.32,2400164916:000000874680-000000907320,2400164916:000000907320-000000942200,0.28433940868660645,True,False
2400164916,942.2,2400164916:000000907320-000000942200,2400164916:000000942200-000000975120,0.2134403578667622,False,False
2400164916,975.12,2400164916:000000942200-000000975120,2400164916:000000975120-000001006480,0.2001811634413544,False,False
2400164916,1006.48,2400164916:000000975120-000001006480,2400164916:000001006480-000001037840,0.2603123641965692,False,False
2400164916,1037.84,2400164916:000001006480-000001037840,2400164916:000001037840-000001069640,0.2771038135069782,False,False
2400164916,1069.64,2400164916:000001037840-000001069640,2400164916:000001069640-000001100880,0.33114406188459045,True,False
2400164916,1100.88,2400164916:000001069640-000001100880,2400164916:000001100880-000001132200,0.29814855898832293,False,False
2400164916,1132.2,2400164916:000001100880-000001132200,2400164916:000001132200-000001169440,0.26347059540615114,False,False
2400164916,1169.44,2400164916:000001132200-000001169440,2400164916:000001169440-000001200880,0.29284063425962714,True,False
2400164916,1200.88,2400164916:000001169440-000001200880,2400164916:000001200880-000001236880,0.27591059835624165,False,False
2400164916,1236.88,2400164916:000001200880-000001236880,2400164916:000001236880-000001266880,0.256727730228856,False,False
2400164916,1266.88,2400164916:000001236880-000001266880,2400164916:000001266880-000001296920,0.26382528266190053,True,True
2400164916,1296.92,2400164916:000001266880-000001296920,2400164916:000001296920-000001328400,0.22947681806220743,False,False
2400164916,1328.4,2400164916:000001296920-000001328400,2400164916:000001328400-000001358480,0.2478028041081084,False,False
2400164916,1358.48,2400164916:000001328400-000001358480,2400164916:000001358480-000001392720,0.30294311739576496,True,False
2400164916,1392.72,2400164916:000001358480-000001392720,2400164916:000001392720-000001423760,0.2480945005624906,False,False
2400164916,1423.76,2400164916:000001392720-000001423760,2400164916:000001423760-000001455440,0.2750933105480795,False,False
2400164916,1455.44,2400164916:000001423760-000001455440,2400164916:000001455440-000001486120,0.27660881725721553,True,True
2400164916,1486.12,2400164916:000001455440-000001486120,2400164916:000001486120-000001518800,0.1932229311592475,False,False
2400164916,1518.8,2400164916:000001486120-000001518800,2400164916:000001518800-000001549000,0.23385578729911038,False,False
2400164916,1549.0,2400164916:000001518800-000001549000,2400164916:000001549000-000001584080,0.2820474004454363,False,False
2400164916,1584.08,2400164916:000001549000-000001584080,2400164916:000001584080-000001617120,0.1861338276730271,False,False
2400164916,1617.12,2400164916:000001584080-000001617120,2400164916:000001617120-000001648840,0.33754707243030846,True,False
2400164916,1648.84,2400164916:000001617120-000001648840,2400164916:000001648840-000001680760,0.32140457166536573,False,False
2400164916,1680.76,2400164916:000001648840-000001680760,2400164916:000001680760-000001712960,0.21640800079123212,False,False
2400164916,1712.96,2400164916:000001680760-000001712960,2400164916:000001712960-000001745800,0.3861028617156651,True,False
2400164916,1745.8,2400164916:000001712960-000001745800,2400164916:000001745800-000001777480,0.26268574533462796,False,False
2400164916,1777.48,2400164916:000001745800-000001777480,2400164916:000001777480-000001810720,0.2208876445878356,False,False
2400164916,1810.72,2400164916:000001777480-000001810720,2400164916:000001810720-000001844680,0.22695579367306407,False,False
2400164916,1844.68,2400164916:000001810720-000001844680,2400164916:000001844680-000001876640,0.25986426054497935,True,True
2400164916,1876.64,2400164916:000001844680-000001876640,2400164916:000001876640-000001906760,0.18533914374314908,False,False
2400164916,1906.76,2400164916:000001876640-000001906760,2400164916:000001906760-000001940760,0.24040688190086867,False,False
2400164916,1940.76,2400164916:000001906760-000001940760,2400164916:000001940760-000001975080,0.2527429614354799,True,True
2400164916,1975.08,2400164916:000001940760-000001975080,2400164916:000001975080-000002007680,0.2164348854288216,False,False
2400164916,2007.68,2400164916:000001975080-000002007680,2400164916:000002007680-000002038600,0.18931337089042566,False,False
2400164916,2038.6,2400164916:000002007680-000002038600,2400164916:000002038600-000002069760,0.1433432419641194,False,False
2400164916,2069.76,2400164916:000002038600-000002069760,2400164916:000002069760-000002100920,0.1808259528637468,False,False
2400164916,2100.92,2400164916:000002069760-000002100920,2400164916:000002100920-000002133960,0.2195961164636827,True,True
2400164916,2133.96,2400164916:000002100920-000002133960,2400164916:000002133960-000002167120,0.2728042338876058,False,False
2400164916,2167.12,2400164916:000002133960-000002167120,2400164916:000002167120-000002200920,0.24690034543673023,True,True
2400164916,2200.92,2400164916:000002167120-000002200920,2400164916:000002200920-000002234400,0.24341566960315741,False,False
2400164916,2234.4,2400164916:000002200920-000002234400,2400164916:000002234400-000002268560,0.20951536822244454,False,False
2400164916,2268.56,2400164916:000002234400-000002268560,2400164916:000002268560-000002301640,0.20802227232013015,False,False
2400164916,2301.64,2400164916:000002268560-000002301640,2400164916:000002301640-000002334880,0.2549430817635048,False,False
2400164916,2334.88,2400164916:000002301640-000002334880,2400164916:000002334880-000002370720,0.3173375270402483,True,False
2400164916,2370.72,2400164916:000002334880-000002370720,2400164916:000002370720-000002402000,0.2769382592461216,False,False
2400164916,2402.0,2400164916:000002370720-000002402000,2400164916:000002402000-000002433960,0.2459546465432112,False,False
2400164916,2433.96,2400164916:000002402000-000002433960,2400164916:000002433960-000002466240,0.29958149878671947,False,False
2400164916,2466.24,2400164916:000002433960-000002466240,2400164916:000002466240-000002502040,0.30124313997046337,True,False
2400164916,2502.04,2400164916:000002466240-000002502040,2400164916:000002502040-000002534640,0.28611817784111593,False,False
2400164916,2534.64,2400164916:000002502040-000002534640,2400164916:000002534640-000002568000,0.31470718968796474,True,False
2400164916,2568.0,2400164916:000002534640-000002568000,2400164916:000002568000-000002598200,0.26043250907426074,False,False
2400164916,2598.2,2400164916:000002568000-000002598200,2400164916:000002598200-000002632080,0.28853905221509824,False,False
2400164916,2632.08,2400164916:000002598200-000002632080,2400164916:000002632080-000002664360,0.3165057371573645,True,False
2400164916,2664.36,2400164916:000002632080-000002664360,2400164916:000002664360-000002695040,0.26547286334750986,False,False
2400164916,2695.04,2400164916:000002664360-000002695040,2400164916:000002695040-000002727160,0.2910951256625264,False,False
2400164916,2727.16,2400164916:000002695040-000002727160,2400164916:000002727160-000002760000,0.3069551595533764,False,False
2400164916,2760.0,2400164916:000002727160-000002760000,2400164916:000002760000-000002794120,0.3108426502455425,True,False
2400164916,2794.12,2400164916:000002760000-000002794120,2400164916:000002794120-000002824320,0.15577619642956197,False,False
2400164916,2824.32,2400164916:000002794120-000002824320,2400164916:000002824320-000002862360,0.2604941229019905,False,False
2400164916,2862.36,2400164916:000002824320-000002862360,2400164916:000002862360-000002894200,0.22693038318432768,False,False
2400164916,2894.2,2400164916:000002862360-000002894200,2400164916:000002894200-000002924360,0.2377515350229431,False,False
2400164916,2924.36,2400164916:000002894200-000002924360,2400164916:000002924360-000002959680,0.30528206639514344,True,False
2400164916,2959.68,2400164916:000002924360-000002959680,2400164916:000002959680-000002991000,0.22956804830162036,False,False
2400164916,2991.0,2400164916:000002959680-000002991000,2400164916:000002991000-000003022240,0.2549506011698095,False,False
2400164916,3022.24,2400164916:000002991000-000003022240,2400164916:000003022240-000003058640,0.22746478696661532,False,False
2400164916,3058.64,2400164916:000003022240-000003058640,2400164916:000003058640-000003090400,0.24874166026503808,False,False
2400164916,3090.4,2400164916:000003058640-000003090400,2400164916:000003090400-000003122080,0.3070134121895385,True,False
2400164916,3122.08,2400164916:000003090400-000003122080,2400164916:000003122080-000003154800,0.1978709028789688,False,False
2400164916,3154.8,2400164916:000003122080-000003154800,2400164916:000003154800-000003189920,0.27642590805817147,False,False
2400164916,3189.92,2400164916:000003154800-000003189920,2400164916:000003189920-000003221120,0.31054729843446094,True,False
2400164916,3221.12,2400164916:000003189920-000003221120,2400164916:000003221120-000003254400,0.25582171569554946,False,False
2400164916,3254.4,2400164916:000003221120-000003254400,2400164916:000003254400-000003289440,0.28227231757896176,False,False
2400164916,3289.44,2400164916:000003254400-000003289440,2400164916:000003289440-000003323400,0.2745313431332653,False,False
2400164916,3323.4,2400164916:000003289440-000003323400,2400164916:000003323400-000003360080,0.3071416163758798,True,False
2400164916,3360.08,2400164916:000003323400-000003360080,2400164916:000003360080-000003393040,0.16658085203865403,False,False
2400164916,3393.04,2400164916:000003360080-000003393040,2400164916:000003393040-000003429360,0.2683322421528179,True,True
2400164916,3429.36,2400164916:000003393040-000003429360,2400164916:000003429360-000003461560,0.21343486854345706,False,False
2400164916,3461.56,2400164916:000003429360-000003461560,2400164916:000003461560-000003493360,0.1924580155515494,False,False
2400164916,3493.36,2400164916:000003461560-000003493360,2400164916:000003493360-000003528320,0.21530255094877437,False,False
2400164916,3528.32,2400164916:000003493360-000003528320,2400164916:000003528320-000003559360,0.2824931172679941,True,True
2400164916,3559.36,2400164916:000003528320-000003559360,2400164916:000003559360-000003593240,0.3433635666773509,False,False
2400164916,3593.24,2400164916:000003559360-000003593240,2400164916:000003593240-000003610354,0.3447218442121165,False,False
2271676346,44.04,2271676346:000000011080-000000044040,2271676346:000000044040-000000074560,0.38037385259259393,False,False
2271676346,74.56,2271676346:000000044040-000000074560,2271676346:000000074560-000000104720,0.31608923803681166,True,True
2271676346,104.72,2271676346:000000074560-000000104720,2271676346:000000104720-000000136960,0.2947462158390024,False,False
2271676346,136.96,2271676346:000000104720-000000136960,2271676346:000000136960-000000167120,0.2909622344228353,False,False
2271676346,167.12,2271676346:000000136960-000000167120,2271676346:000000167120-000000198360,0.2518944565399547,False,False
2271676346,198.36,2271676346:000000167120-000000198360,2271676346:000000198360-000000233440,0.3262067216983445,True,False
2271676346,233.44,2271676346:000000198360-000000233440,2271676346:000000233440-000000264920,0.2786647350691127,False,False
2271676346,264.92,2271676346:000000233440-000000264920,2271676346:000000264920-000000297600,0.2278514000630909,False,False
2271676346,297.6,2271676346:000000264920-000000297600,2271676346:000000297600-000000327760,0.23010634846357914,False,False
2271676346,327.76,2271676346:000000297600-000000327760,2271676346:000000327760-000000360520,0.2154813149919661,False,False
2271676346,360.52,2271676346:000000327760-000000360520,2271676346:000000360520-000000397920,0.23517787530204803,True,True
2271676346,397.92,2271676346:000000360520-000000397920,2271676346:000000397920-000000430200,0.22339582857708784,False,False
2271676346,430.2,2271676346:000000397920-000000430200,2271676346:000000430200-000000462440,0.20994985213507023,False,False
2271676346,462.44,2271676346:000000430200-000000462440,2271676346:000000462440-000000492520,0.1927482483538917,False,False
2271676346,492.52,2271676346:000000462440-000000492520,2271676346:000000492520-000000524800,0.21781502591892543,True,True
2271676346,524.8,2271676346:000000492520-000000524800,2271676346:000000524800-000000561160,0.24769721037723968,False,False
2271676346,561.16,2271676346:000000524800-000000561160,2271676346:000000561160-000000592280,0.3238384783465692,True,False
2271676346,592.28,2271676346:000000561160-000000592280,2271676346:000000592280-000000628600,0.24053044314374727,False,False
2271676346,628.6,2271676346:000000592280-000000628600,2271676346:000000628600-000000660480,0.2744192802014582,False,False
2271676346,660.48,2271676346:000000628600-000000660480,2271676346:000000660480-000000692840,0.2047088589540218,False,False
2271676346,692.84,2271676346:000000660480-000000692840,2271676346:000000692840-000000722840,0.279831105342779,True,True
2271676346,722.84,2271676346:000000692840-000000722840,2271676346:000000722840-000000752840,0.22167772677080877,False,False
2271676346,752.84,2271676346:000000722840-000000752840,2271676346:000000752840-000000789320,0.2342031318363481,False,False
2271676346,789.32,2271676346:000000752840-000000789320,2271676346:000000789320-000000823920,0.2787885278632716,True,True
2271676346,823.92,2271676346:000000789320-000000823920,2271676346:000000823920-000000854480,0.19266939532220495,False,False
2271676346,854.48,2271676346:000000823920-000000854480,2271676346:000000854480-000000889120,0.19699807666118896,False,False
2271676346,889.12,2271676346:000000854480-000000889120,2271676346:000000889120-000000919320,0.30111347130958943,True,False
2271676346,919.32,2271676346:000000889120-000000919320,2271676346:000000919320-000000951360,0.1838651126587152,False,False
2271676346,951.36,2271676346:000000919320-000000951360,2271676346:000000951360-000000984360,0.24221001222790361,False,False
2271676346,984.36,2271676346:000000951360-000000984360,2271676346:000000984360-000001020760,0.24538774409336805,True,True
2271676346,1020.76,2271676346:000000984360-000001020760,2271676346:000001020760-000001053600,0.17993032339491277,False,False
2271676346,1053.6,2271676346:000001020760-000001053600,2271676346:000001053600-000001090560,0.1343028565755222,False,False
2271676346,1090.56,2271676346:000001053600-000001090560,2271676346:000001090560-000001123640,0.2356121083343956,True,True
2271676346,1123.64,2271676346:000001090560-000001123640,2271676346:000001123640-000001158200,0.2310394995000914,False,False
2271676346,1158.2,2271676346:000001123640-000001158200,2271676346:000001158200-000001189560,0.19415889833273792,False,False
2271676346,1189.56,2271676346:000001158200-000001189560,2271676346:000001189560-000001224360,0.30221058370377296,True,False
2271676346,1224.36,2271676346:000001189560-000001224360,2271676346:000001224360-000001256360,0.2141361884178894,False,False
2271676346,1256.36,2271676346:000001224360-000001256360,2271676346:000001256360-000001292160,0.252744943354406,False,False
2271676346,1292.16,2271676346:000001256360-000001292160,2271676346:000001292160-000001327920,0.23691364334795018,False,False
2271676346,1327.92,2271676346:000001292160-000001327920,2271676346:000001327920-000001364960,0.31912769892826287,True,False
2271676346,1364.96,2271676346:000001327920-000001364960,2271676346:000001364960-000001398600,0.1951894702375344,False,False
2271676346,1398.6,2271676346:000001364960-000001398600,2271676346:000001398600-000001433640,0.24219294265576963,True,True
2271676346,1433.64,2271676346:000001398600-000001433640,2271676346:000001433640-000001464880,0.1691088069256066,False,False
2271676346,1464.88,2271676346:000001433640-000001464880,2271676346:000001464880-000001495360,0.23001232620562784,False,False
2271676346,1495.36,2271676346:000001464880-000001495360,2271676346:000001495360-000001528520,0.19916449261792235,False,False
2271676346,1528.52,2271676346:000001495360-000001528520,2271676346:000001528520-000001563960,0.24618103842661254,True,True
2271676346,1563.96,2271676346:000001528520-000001563960,2271676346:000001563960-000001598080,0.2994677825542187,False,False
2271676346,1598.08,2271676346:000001563960-000001598080,2271676346:000001598080-000001633360,0.3502830612934891,True,False
2271676346,1633.36,2271676346:000001598080-000001633360,2271676346:000001633360-000001668120,0.28287153299992873,False,False
2271676346,1668.12,2271676346:000001633360-000001668120,2271676346:000001668120-000001702440,0.3337128052192535,True,False
2271676346,1702.44,2271676346:000001668120-000001702440,2271676346:000001702440-000001737160,0.25426711194187535,False,False
2271676346,1737.16,2271676346:000001702440-000001737160,2271676346:000001737160-000001767720,0.21240061735664384,False,False
2271676346,1767.72,2271676346:000001737160-000001767720,2271676346:000001767720-000001798800,0.3389679525636613,True,False
2271676346,1798.8,2271676346:000001767720-000001798800,2271676346:000001798800-000001833400,0.2901355401904192,False,False
2271676346,1833.4,2271676346:000001798800-000001833400,2271676346:000001833400-000001865880,0.30590536537599033,True,False
2271676346,1865.88,2271676346:000001833400-000001865880,2271676346:000001865880-000001898480,0.2968402078643658,False,False
2271676346,1898.48,2271676346:000001865880-000001898480,2271676346:000001898480-000001931120,0.27733790736676633,True,True
2271676346,1931.12,2271676346:000001898480-000001931120,2271676346:000001931120-000001965880,0.23973378343995666,False,False
2271676346,1965.88,2271676346:000001931120-000001965880,2271676346:000001965880-000001997560,0.2335621135587389,False,False
2271676346,1997.56,2271676346:000001965880-000001997560,2271676346:000001997560-000002031040,0.2368630591446892,True,True
2271676346,2031.04,2271676346:000001997560-000002031040,2271676346:000002031040-000002063160,0.21120950078392642,False,False
2271676346,2063.16,2271676346:000002031040-000002063160,2271676346:000002063160-000002094080,0.23809749652927648,False,False
2271676346,2094.08,2271676346:000002063160-000002094080,2271676346:000002094080-000002125440,0.29639304139771117,True,False
2271676346,2125.44,2271676346:000002094080-000002125440,2271676346:000002125440-000002160400,0.2798413914404483,False,False
2271676346,2160.4,2271676346:000002125440-000002160400,2271676346:000002160400-000002193560,0.3114693929670782,False,False
2271676346,2193.56,2271676346:000002160400-000002193560,2271676346:000002193560-000002230160,0.3425457340664735,True,False
2271676346,2230.16,2271676346:000002193560-000002230160,2271676346:000002230160-000002265240,0.24571644655279157,False,False
2271676346,2265.24,2271676346:000002230160-000002265240,2271676346:000002265240-000002302120,0.16684157298007374,False,False
2271676346,2302.12,2271676346:000002265240-000002302120,2271676346:000002302120-000002334400,0.22733327426447358,True,True
2271676346,2334.4,2271676346:000002302120-000002334400,2271676346:000002334400-000002367280,0.18804794545217718,False,False
2271676346,2367.28,2271676346:000002334400-000002367280,2271676346:000002367280-000002402360,0.15198554239709672,False,False
2271676346,2402.36,2271676346:000002367280-000002402360,2271676346:000002402360-000002438920,0.2502711061411549,False,False
2271676346,2438.92,2271676346:000002402360-000002438920,2271676346:000002438920-000002472840,0.2400219194957064,False,False
2271676346,2472.84,2271676346:000002438920-000002472840,2271676346:000002472840-000002505120,0.25331731181506423,True,True
2271676346,2505.12,2271676346:000002472840-000002505120,2271676346:000002505120-000002538680,0.20246537188085278,False,False
2271676346,2538.68,2271676346:000002505120-000002538680,2271676346:000002538680-000002572600,0.36113753499004453,True,False
2271676346,2572.6,2271676346:000002538680-000002572600,2271676346:000002572600-000002603160,0.255200579005311,False,False
2271676346,2603.16,2271676346:000002572600-000002603160,2271676346:000002603160-000002639440,0.30574259695656825,False,False
2271676346,2639.44,2271676346:000002603160-000002639440,2271676346:000002639440-000002670520,0.3084868304054167,True,False
2271676346,2670.52,2271676346:000002639440-000002670520,2271676346:000002670520-000002704720,0.24945669649919155,False,False
2271676346,2704.72,2271676346:000002670520-000002704720,2271676346:000002704720-000002739640,0.25099839655096967,False,False
2271676346,2739.64,2271676346:000002704720-000002739640,2271676346:000002739640-000002776080,0.26952629355459135,True,True
2271676346,2776.08,2271676346:000002739640-000002776080,2271676346:000002776080-000002806280,0.207480005356786,False,False
2271676346,2806.28,2271676346:000002776080-000002806280,2271676346:000002806280-000002836600,0.22738084282370163,False,False
2271676346,2836.6,2271676346:000002806280-000002836600,2271676346:000002836600-000002868720,0.2578807777018395,True,True
2271676346,2868.72,2271676346:000002836600-000002868720,2271676346:000002868720-000002899360,0.23091525709218352,False,False
2271676346,2899.36,2271676346:000002868720-000002899360,2271676346:000002899360-000002931520,0.1866199114000261,False,False
2271676346,2931.52,2271676346:000002899360-000002931520,2271676346:000002931520-000002966400,0.1991964951888867,False,False
2271676346,2966.4,2271676346:000002931520-000002966400,2271676346:000002966400-000003001280,0.27209342743580667,True,True
2271676346,3001.28,2271676346:000002966400-000003001280,2271676346:000003001280-000003034440,0.3192207022728144,False,False
2271676346,3034.44,2271676346:000003001280-000003034440,2271676346:000003034440-000003068880,0.3286443039094402,True,False
2271676346,3068.88,2271676346:000003034440-000003068880,2271676346:000003068880-000003100840,0.2880452207716899,False,False
2271676346,3100.84,2271676346:000003068880-000003100840,2271676346:000003100840-000003131840,0.21002674758694384,False,False
2271676346,3131.84,2271676346:000003100840-000003131840,2271676346:000003131840-000003167920,0.16603852786031492,False,False
2271676346,3167.92,2271676346:000003131840-000003167920,2271676346:000003167920-000003198320,0.30917383609019866,True,False
2271676346,3198.32,2271676346:000003167920-000003198320,2271676346:000003198320-000003229560,0.25535687749413516,False,False
2271676346,3229.56,2271676346:000003198320-000003229560,2271676346:000003229560-000003261960,0.2199011111535304,False,False
2271676346,3261.96,2271676346:000003229560-000003261960,2271676346:000003261960-000003293600,0.2667634384562555,False,False
2271676346,3293.6,2271676346:000003261960-000003293600,2271676346:000003293600-000003328400,0.3041301455062926,True,False
2271676346,3328.4,2271676346:000003293600-000003328400,2271676346:000003328400-000003359800,0.24860866823817163,False,False
2271676346,3359.8,2271676346:000003328400-000003359800,2271676346:000003359800-000003394320,0.2039792801397834,False,False
2271676346,3394.32,2271676346:000003359800-000003394320,2271676346:000003394320-000003426400,0.2919725245006768,False,False
2271676346,3426.4,2271676346:000003394320-000003426400,2271676346:000003426400-000003458720,0.32645470463250315,True,False
2271676346,3458.72,2271676346:000003426400-000003458720,2271676346:000003458720-000003494800,0.2758117343115294,False,False
2271676346,3494.8,2271676346:000003458720-000003494800,2271676346:000003494800-000003525480,0.2626410056938808,True,True
2271676346,3525.48,2271676346:000003494800-000003525480,2271676346:000003525480-000003557520,0.1877529882974558,False,False
2271676346,3557.52,2271676346:000003525480-000003557520,2271676346:000003557520-000003587520,0.2482428170605313,False,False
2271676346,3587.52,2271676346:000003557520-000003587520,2271676346:000003587520-000003621760,0.22186670671446151,False,False
2271676346,3621.76,2271676346:000003587520-000003621760,2271676346:000003621760-000003656760,0.217360955768108,False,False
2271676346,3656.76,2271676346:000003621760-000003656760,2271676346:000003656760-000003690320,0.28120695879180535,True,False
2271676346,3690.32,2271676346:000003656760-000003690320,2271676346:000003690320-000003723520,0.2056966677197145,False,False
2271676346,3723.52,2271676346:000003690320-000003723520,2271676346:000003723520-000003757920,0.24566977479311158,False,False
2271676346,3757.92,2271676346:000003723520-000003757920,2271676346:000003757920-000003792200,0.25086307030248545,True,True
2271676346,3792.2,2271676346:000003757920-000003792200,2271676346:000003792200-000003826640,0.20858558153155748,False,False
2271676346,3826.64,2271676346:000003792200-000003826640,2271676346:000003826640-000003857920,0.23581259596158632,False,False
2271676346,3857.92,2271676346:000003826640-000003857920,2271676346:000003857920-000003889120,0.32522401567779724,True,False
2271676346,3889.12,2271676346:000003857920-000003889120,2271676346:000003889120-000003924920,0.2142334387151904,False,False
2271676346,3924.92,2271676346:000003889120-000003924920,2271676346:000003924920-000003955480,0.2691271146724957,False,False
2271676346,3955.48,2271676346:000003924920-000003955480,2271676346:000003955480-000003987720,0.2807672545746627,True,False
2271676346,3987.72,2271676346:000003955480-000003987720,2271676346:000003987720-000004023120,0.2480994341249928,False,False
2271676346,4023.12,2271676346:000003987720-000004023120,2271676346:000004023120-000004055120,0.3052267529097664,False,False
2271676346,4055.12,2271676346:000004023120-000004055120,2271676346:000004055120-000004089240,0.30675524242838215,False,False
2271676346,4089.24,2271676346:000004055120-000004089240,2271676346:000004089240-000004119280,0.32514025346844166,True,False
2271676346,4119.28,2271676346:000004089240-000004119280,2271676346:000004119280-000004149520,0.18815167890709084,False,False
2271676346,4149.52,2271676346:000004119280-000004149520,2271676346:000004149520-000004184320,0.177953052732576,False,False
2271676346,4184.32,2271676346:000004149520-000004184320,2271676346:000004184320-000004216960,0.23621683685328076,False,False
2271676346,4216.96,2271676346:000004184320-000004216960,2271676346:000004216960-000004253200,0.20522247985758335,False,False
2271676346,4253.2,2271676346:000004216960-000004253200,2271676346:000004253200-000004287040,0.2935509328860493,True,False
2271676346,4287.04,2271676346:000004253200-000004287040,2271676346:000004287040-000004323160,0.260650771343805,False,False
2271676346,4323.16,2271676346:000004287040-000004323160,2271676346:000004323160-000004356720,0.29894327640431606,False,False
2271676346,4356.72,2271676346:000004323160-000004356720,2271676346:000004356720-000004387280,0.36809045900890247,True,False
2271676346,4387.28,2271676346:000004356720-000004387280,2271676346:000004387280-000004423760,0.22028586886434476,False,False
2271676346,4423.76,2271676346:000004387280-000004423760,2271676346:000004423760-000004458640,0.12862403744232975,False,False
2271676346,4458.64,2271676346:000004423760-000004458640,2271676346:000004458640-000004493040,0.15733572612354196,False,False
2271676346,4493.04,2271676346:000004458640-000004493040,2271676346:000004493040-000004526120,0.1955432378632983,False,False
2271676346,4526.12,2271676346:000004493040-000004526120,2271676346:000004526120-000004557680,0.21713495892918488,True,True
2271676346,4557.68,2271676346:000004526120-000004557680,2271676346:000004557680-000004592240,0.32201233559387465,False,False
2271676346,4592.24,2271676346:000004557680-000004592240,2271676346:000004592240-000004622760,0.3649967250612378,True,False
2271676346,4622.76,2271676346:000004592240-000004622760,2271676346:000004622760-000004657760,0.21310279925566622,False,False
2271676346,4657.76,2271676346:000004622760-000004657760,2271676346:000004657760-000004689800,0.2312863962658528,False,False
2271676346,4689.8,2271676346:000004657760-000004689800,2271676346:000004689800-000004723440,0.28449415541592615,True,False
2271676346,4723.44,2271676346:000004689800-000004723440,2271676346:000004723440-000004757560,0.2292195536161057,False,False
2271676346,4757.56,2271676346:000004723440-000004757560,2271676346:000004757560-000004791680,0.18920492874338324,False,False
2271676346,4791.68,2271676346:000004757560-000004791680,2271676346:000004791680-000004826000,0.2257921293271643,False,False
2271676346,4826.0,2271676346:000004791680-000004826000,2271676346:000004826000-000004860440,0.3411460225424233,True,False
2271676346,4860.44,2271676346:000004826000-000004860440,2271676346:000004860440-000004892080,0.2845077850659852,False,False
2271676346,4892.08,2271676346:000004860440-000004892080,2271676346:000004892080-000004922080,0.35893586222553586,True,False
2271676346,4922.08,2271676346:000004892080-000004922080,2271676346:000004922080-000004958880,0.26430410259607484,False,False
2271676346,4958.88,2271676346:000004922080-000004958880,2271676346:000004958880-000004994840,0.19856327967756282,False,False
2271676346,4994.84,2271676346:000004958880-000004994840,2271676346:000004994840-000005026960,0.2261754159370324,True,True
2271676346,5026.96,2271676346:000004994840-000005026960,2271676346:000005026960-000005060480,0.18658780158108013,False,False
2271676346,5060.48,2271676346:000005026960-000005060480,2271676346:000005060480-000005093200,0.14111960761111964,False,False
2271676346,5093.2,2271676346:000005060480-000005093200,2271676346:000005093200-000005129400,0.27979901425067655,True,True
2271676346,5129.4,2271676346:000005093200-000005129400,2271676346:000005129400-000005163920,0.25114166748705546,False,False
2271676346,5163.92,2271676346:000005129400-000005163920,2271676346:000005163920-000005194040,0.21500481483840184,False,False
2271676346,5194.04,2271676346:000005163920-000005194040,2271676346:000005194040-000005227560,0.1763818634737253,False,False
2271676346,5227.56,2271676346:000005194040-000005227560,2271676346:000005227560-000005262960,0.1878300838457707,False,False
2271676346,5262.96,2271676346:000005227560-000005262960,2271676346:000005262960-000005293000,0.28102637599674274,True,False
2271676346,5293.0,2271676346:000005262960-000005293000,2271676346:000005293000-000005323600,0.27456679418649976,False,False
2271676346,5323.6,2271676346:000005293000-000005323600,2271676346:000005323600-000005355440,0.2141469146001117,False,False
2271676346,5355.44,2271676346:000005323600-000005355440,2271676346:000005355440-000005389120,0.22027952231816383,False,False
2271676346,5389.12,2271676346:000005355440-000005389120,2271676346:000005389120-000005419640,0.2635972228820884,False,False
2271676346,5419.64,2271676346:000005389120-000005419640,2271676346:000005419640-000005453680,0.32278236807234784,True,False
2271676346,5453.68,2271676346:000005419640-000005453680,2271676346:000005453680-000005484160,0.2729335112087402,False,False
2271676346,5484.16,2271676346:000005453680-000005484160,2271676346:000005484160-000005514920,0.34946913015518843,True,False
2271676346,5514.92,2271676346:000005484160-000005514920,2271676346:000005514920-000005547840,0.2152381779899628,False,False
2271676346,5547.84,2271676346:000005514920-000005547840,2271676346:000005547840-000005572624,0.2973673590154249,False,False
