jev_topic_id,jev_topic_name,segments,talks,recording_hours,mean_choice_probability
-1.0,Unassigned,163,75,8.014214444444445,0.5760736196319018
0.0,noorte radikaliseerumine ja kuuluvus,20,3,1.4462591666666664,0.8734999999999999
1.0,Tööõnnetuste ennetus ja tööohutuse teadlikkus,19,1,1.4935327777777778,0.97
2.0,Vähiravi patsiendikesksus ja palliatiivne tugi,17,4,1.3758666666666668,0.68
3.0,Juhi ja töötaja äärmused organisatsioonis,3,3,0.10957777777777779,0.5066666666666667
4.0,"Lasteaia kvaliteet, märkamise ja toetuse roll",25,5,1.972189166666666,0.6804000000000001
5.0,Rohetehnoloogia rahastus ja laenuotsused,1,1,0.1534777777777779,0.6900000000000001
6.0,AI-agentide volitamine isikukoodi kaudu,16,3,1.2559466666666668,0.7731250000000001
7.0,Tagasiside ja hinde seos õppimisega,16,2,1.2224694444444446,0.893125
9.0,AI-assistendi prompti ülesehitus,18,2,1.5418333333333332,0.8644444444444445
10.0,Nõusolek paarisuhtes ja läheduses,17,1,1.4079602777777775,0.9794117647058823
11.0,laste nutiekraani ja sotsiaalmeedia sõltuvus,13,3,0.9699777777777777,0.8553846153846154
12.0,sündimuse toetamine läbi perekindluse,2,1,0.05436666666666661,0.555
13.0,Emaduse karjäärikaod ja naasmine tööle,18,3,1.4720777777777783,0.9066666666666667
14.0,Üksilduse vähendamine suhtluse ja kogukonnaga,23,2,1.541536666666667,0.8895652173913043
15.0,lapsevanema kaasamine lasteaia koostöösse,18,3,1.5832572222222225,0.7972222222222222
16.0,Töökiusamise piiri tõmbamine tööl,3,1,0.20961833333333338,0.5333333333333333
17.0,Biogaasi ja vesiniku kasutus Eestis,7,6,0.47718888888888894,0.7371428571428572
18.0,Töökiusu ja vaidluste piiritlemine töösuhtes,10,2,0.9434666666666667,0.673
19.0,teadlaste ja ajakirjanduse suhtlusriskid,19,2,1.4093527777777783,0.901578947368421
21.0,Tööelu jätkamine kroonilise haiguse ajal,17,1,1.4056555555555557,0.9223529411764706
23.0,õpilasmaleva esimese töökogemuse roll,18,2,1.3989813888888891,0.8833333333333333
24.0,Eesti kliimahoiakud ja rohepöörde skeptitsism,17,5,1.420952777777778,0.7317647058823529
25.0,Teadmussiirdedoktorantuuri ettevõtluslik praktilisus,16,3,1.487476388888889,0.9075
26.0,Islami ja kristluse roll ühiskonnas,12,1,0.9865888888888887,0.91
32.0,Vererõhu ja südameriski varajane ennetus,6,2,0.5392777777777776,0.7983333333333333
33.0,Kogukonna hääle kaasamine otsustesse,6,5,0.4435666666666667,0.59
36.0,Lastekodukasvamise kogemus ja märkamise roll,27,3,1.841177777777778,0.9122222222222222
37.0,kliimariski mõju vee- ja soojusvarustusele,16,4,1.2570222222222225,0.84625
38.0,eesti keele õppimine mitmekeelses koolis,1,1,0.03801111111111115,0.58
40.0,Õige keha- ja seksuaalsõnavara õpetamine,1,1,0.027244444444444425,0.5
42.0,Idapiirialade eraldi regionaalpoliitika,16,1,1.2546547222222222,0.828125
43.0,Välistöötajate ärakasutamine ja palgavõlg,13,1,0.9437263888888889,0.926923076923077
44.0,Tööstuse energiaportfelli ja emissioonide optimeerimine,4,2,0.44092666666666674,0.5525
46.0,laimavate netikommentaaride ja mainekahju vaidlused kohtus,3,1,0.1901777777777778,0.7666666666666666
48.0,Toidujulgeoleku tarneahela toimepidevus,21,4,1.6085744444444445,0.8666666666666666
49.0,Eesti keele kvaliteet suurtes keelemudelites,15,5,1.0771,0.8773333333333333
51.0,parim enne ja kõlblik kuni märgistus,13,1,0.8864222222222223,0.7976923076923076
52.0,Narva-ründe ja hübriidohu arutelu,2,2,0.10921111111111113,0.41500000000000004
53.0,koolivõrgu koondamine ja juhtimisotsused,1,1,0.08173333333333327,0.97
54.0,Istanbuli konventsiooni vaidlused ja rakendamine,18,1,1.485273888888889,0.8683333333333334
56.0,Noorte koduostu ja üüri kättesaadavus,16,3,1.2299983333333333,0.796875
58.0,Türgi hambaravi garantii- ja parandamisvaidlused,17,1,1.3470830555555555,0.9482352941176471
59.0,Käibemaksu ja toetuste mõju kultuurile,14,2,1.2441838888888888,0.7292857142857143
60.0,andmejärelevalve ja tehisintellekti piirid,23,9,1.9226250000000007,0.7647826086956522
62.0,Rail Balticu ja raudteeühenduste mõju,16,3,1.0417327777777776,0.7825
64.0,Eesti 2050 ühised unistused ja tulevikunägemus,1,1,0.056055555555555546,0.47000000000000003
65.0,AI roll elamisloa otsustes,13,1,1.1254605555555552,0.9415384615384615
66.0,NEET-noorte toetamine ja vastutuse jagamine,12,3,1.2221222222222223,0.8958333333333334
67.0,Perearsti tööjaotus ja koostöövõrgustik,3,1,0.2272111111111111,0.7233333333333333
68.0,Ettevõtliku hoiakuga kooli ja töö sidumine,1,1,0.08895555555555555,1.0
69.0,Kohtla-Järve tuhamägede väetisetehas,1,1,0.09062222222222216,1.0
70.0,Õpiampsud töö- ja enesearengu osana,1,1,0.07906666666666676,0.63
71.0,Miinimumpalga tõstmise mõju tööle ja vaesusele,13,2,1.271595,0.8723076923076923
72.0,Metsaomanike kaitse- ja majandusvaidlused,1,1,0.06252222222222233,0.18000000000000002
74.0,eestikeelse suhtluse ja ühiskeele otsimine,2,2,0.11278888888888862,0.6699999999999999
75.0,Tuuleparkide kaasamise usalduskriis,2,2,0.11691111111111133,0.335
76.0,Laste ja AI-petuste internetiohud,4,3,0.28321111111111097,0.6025
77.0,ravikindlustus vabakutselistele loovisikutele,15,2,1.4411408333333333,0.8813333333333334
79.0,"Kodu, kool ja sõbrad kujundavad sallivust",15,4,1.3788888888888886,0.8119999999999999
80.0,Varude ja tsiviilkaasatuse sõjaks valmistumine,2,2,0.05313333333333326,0.45
82.0,Vanus ja oskused tööelus,19,4,1.5099805555555557,0.8789473684210526
84.0,surmaga toimetulek ja sellest rääkimine,20,3,1.5714625,0.9125
86.0,"Grafiti, tänavakunsti ja lubade vahe",16,1,1.3125333333333333,0.93
88.0,AI kasutamise reeglid ja hindamine ülikoolis,9,1,0.6628555555555558,0.758888888888889
90.0,kaugtöö ja töövälise aja piirid,8,3,0.6282999999999999,0.75125
92.0,Soome-ugri pagulus ja keeleidentiteet,14,1,1.131118611111111,0.8807142857142857
93.0,Eestisse kolijate kuuluvustunne ja kohanemine,18,6,1.3648933333333333,0.7894444444444445
94.0,planeeringute ja kaasamise venimine,19,6,1.3558555555555556,0.7536842105263158
95.0,Veebis lastega suhtlemise seksuaalriskid,21,1,1.3878594444444443,0.8209523809523809
96.0,CBRN-riskideks valmisoleku arutelu,16,1,1.2403341666666667,0.929375
98.0,Vajaduspõhine tudengitoetus ja elamiskulud,5,1,0.5221555555555556,0.958
99.0,Hingamisega rahunemine ja enesekaastunne,14,2,1.238230277777778,0.8664285714285713
101.0,Liikumisharjumuste kujundamine lastel,2,2,0.06403333333333358,0.625
103.0,üleriigiline planeering ja ruumipoliitika,31,4,2.165391111111111,0.7770967741935484
104.0,Trumpi mõju USA poliitika ja Ukraina suunal,1,1,0.08004444444444453,0.38
105.0,Linnugripi ja marutaudi vaktsineerimine,12,1,1.0819888888888889,0.8008333333333333
107.0,Fookuse hoidmise liikumismängud,9,1,0.7137647222222223,0.8588888888888889
108.0,Kultuuriretsepti rakendamine vaimse tervise toetuseks,14,1,1.2857524999999999,0.9828571428571429
109.0,AI päringute energiakulu läbipaistvus,16,2,1.3302872222222222,0.788125
110.0,Perearstikeskuste küberturvalisuse nõuded,13,1,1.3015777777777775,0.9007692307692307
112.0,Autoriõigused ja AI treeningu läbipaistvus,16,3,1.2561449999999998,0.8475
113.0,Rohe- ja heaolu­väidete eksitavus reklaamis,14,1,1.338932777777778,0.8121428571428572
114.0,Sotsiaalmeedia poliitilise arutelu kvaliteet,19,2,1.4011958333333336,0.8731578947368421
115.0,Patsiendi info jagamine ja koostöö,24,5,2.144021388888889,0.72625
117.0,Kaugkütte hinna kujunemine ja püsitasu,8,1,0.6636333333333333,0.79625
118.0,Visiooni ja väärtuste vaidlus riigijuhtimises,4,4,0.37357777777777773,0.575
120.0,AI odava kasutuselevõtu ja eksporti,5,2,0.5143222222222221,0.8939999999999999
121.0,Eestisse kolinud pagulaste kuuluvus ja kohanemine,14,2,1.297241388888889,0.7757142857142857
123.0,Startupide registreerimise ja fondi-õiguse lihtsustamine,11,2,0.9756333333333334,0.8154545454545455
125.0,Tubli lapse surve ja märkamine,5,2,0.4596122222222223,0.718
127.0,Elektribörsi hinnakujunduse jaotumine,15,3,1.2418463888888887,0.8480000000000001
128.0,Annetuste mõju ja annetamise normaliseerimine,5,3,0.41546666666666676,0.686
129.0,lapsega esmakontakti loomine lastekaitses,2,2,0.09295749999999992,0.86
130.0,ÜRO reform ja väikeriikide hääl,14,1,1.2940025,0.7928571428571428
131.0,Haigekassa rahastusmudeli ümbermõtestamine,3,3,0.21724444444444455,0.6833333333333332
132.0,Eesti elektritarbimise ja tootmise sihid,24,7,1.9772808333333334,0.5295833333333334
133.0,Rände integreerimise ja keelepoliitika riskid,13,3,0.9979202777777779,0.5823076923076923
135.0,Õpilasesinduse sisuline kaasamine,13,1,1.1938161111111112,0.7984615384615383
136.0,Maapiirkondade teenuste ja ühenduste koosplaneerimine,19,5,1.4369416666666666,0.7157894736842105
137.0,AI roll arstide suhtluses ja vähiravis,12,3,0.9689344444444442,0.8208333333333333
138.0,Kriisi olukorras otsustamine ja juhtimine,14,3,1.0148888888888887,0.8542857142857143
139.0,Tehisaru mõju õppimisele ja hindamisele,7,5,0.6291777777777777,0.5971428571428571
140.0,üldplaneeringus haljastuse ja rohekoridoride säilitamine,1,1,0.15281111111111115,0.3
142.0,"Väikeettevõtjate maksud, hanked ja eksport",2,2,0.05433333333333331,0.43500000000000005
143.0,Terviseidu turuletoomise rahastus ja regulatsioon,17,3,1.3288838888888892,0.8105882352941176
145.0,Õpetajate ja õpilaste AI-kohandumine,2,2,0.1618666666666666,0.44
146.0,Inseneeriaõppe ja tehnikahariduse järelkasv,1,1,0.09005555555555576,0.86
148.0,Infosõja vastulöök ja väärinfo tõrjumine,11,6,0.744361944444444,0.5945454545454546
149.0,tehisintellekti kirjutatud teadusartiklite usaldus ja hindamine,4,2,0.4297158333333334,0.8375
150.0,Naiste juhtide ja isade rolliootused,17,3,1.2701000000000002,0.6900000000000001
151.0,Tervishoiu konkurentsi tasakaal,11,2,0.9746738888888886,0.8736363636363635
152.0,CO2 kvoodikaubanduse reform ja ETS2,14,3,1.111143611111111,0.9135714285714285
153.0,Vähipatsiendi infoedastuse vastutus,11,2,0.8957666666666667,0.620909090909091
154.0,Interneti solvangute ja ähvarduste ohjeldamine,8,1,0.7535802777777776,0.9175
155.0,AI-agentide vastutus ja kontroll,43,9,3.1435555555555545,0.7981395348837209
156.0,Meretuuleparkide arendamise kindlustamine,2,1,0.17676666666666657,0.87
157.0,Startup-ökosüsteemi kogukond ja eeskujud,18,3,1.2437444444444443,0.74
158.0,e-sigarettide salaturg noorte seas,9,1,0.5993444444444446,0.87
159.0,Vabatahtlike hoidmine ja kaasamise barjäärid,11,1,1.0437111111111113,0.889090909090909
160.0,Juhitavate elektrivõimsuste vajadus Eestis,16,4,1.7330555555555556,0.608125
162.0,Seto kultuuri üleküllus koolis,1,1,0.04416666666666667,1.0
163.0,Läbipõlemise varajaste märkide märkamine,5,3,0.33955722222222234,0.714
166.0,Puidu väärindamine raiemahtu vähendades,6,3,0.3594555555555554,0.6116666666666667
168.0,Paindlik tööaeg ja kokkulepitud piirid,13,2,0.8810141666666667,0.8215384615384616
169.0,Majanduskasvu ja heaolu vaidlus,16,3,1.1184513888888885,0.7681250000000001
170.0,AI abil teksti ja heli konverteerimine,1,1,0.08978888888888889,0.5
172.0,Alushariduse vastutus ja kvaliteet,42,7,3.358371944444445,0.7792857142857142
173.0,Ettevõtete kvoodid ja sooline tasakaal,7,2,0.5612333333333336,0.7757142857142857
174.0,Maksutõusud ja majanduse toimetulek,4,4,0.36484555555555565,0.685
175.0,Matemaatika visuaalsed mustrid ja ratta jäljed,12,2,1.1656880555555555,0.9
176.0,Eesti loodusidentiteet ja kliimaskepsis,9,2,0.5944888888888888,0.6133333333333334
177.0,muuseumikülastuse takistused noortel,5,1,0.45245555555555544,0.796
179.0,Covidijärgne nakkushaiguste seaduse muutmine,1,1,0.10013472222222213,0.65
180.0,Õpetaja hoituse rollid alushariduses,11,1,0.8616427777777779,0.8245454545454546
181.0,Eesti elektritarbimise kasv ja puudujääk,4,3,0.27313333333333334,0.5
182.0,terviseandmete kasutus ja eetikakomitee loa takistused,6,4,0.4686111111111112,0.7716666666666666
183.0,noorte vägivalla taga peituv tähelepanuvajadus,11,1,0.7229777777777776,0.7818181818181817
184.0,"Noorte veipimise, nikotiini ja salaturu piiramine",8,1,0.7789722222222222,0.835
185.0,meeste osa koduses ja lapsehoius,12,2,0.9207816666666664,0.8016666666666666
186.0,AI mõju töökorraldusele ja tööturule,33,12,2.614294444444444,0.7875757575757575
187.0,Sisserände juhtimine ja talendivajadus,2,2,0.09272222222222215,0.54
188.0,Inseneride nappus ja palga küsimus,1,1,0.14482222222222227,0.99
190.0,Eesti hariduse eesmärgid ja sihid,8,4,0.4423888888888888,0.57875
191.0,Soola vähendamine ja igapäevane liikumine,10,3,0.8232555555555555,0.772
193.0,Raudteeühenduse ja ühistranspordi koordineerimine,5,2,0.4246,0.8119999999999999
194.0,andmekeskuste elektri- ja võrgulahendus,5,3,0.5176444444444444,0.8400000000000001
195.0,Tervisehoolekande tehnoloogiad ja andmepõhine lõimimine,9,6,0.387490833333333,0.5422222222222222
196.0,Lasteaia liikumisharjumuste ja toitumise kujundamine,3,1,0.2431777777777779,0.8566666666666668
198.0,Tuulikuinfraheli häirivuse ja tervisemõju vaidlus,1,1,0.03678888888888878,0.7
199.0,AI kasutamine töö- ja loometekstide koostamisel,5,4,0.23803333333333343,0.682
201.0,Eesti majanduskasvu aeglane koordineerimine,5,1,0.48236666666666683,0.61
203.0,Hiina mõju USA kaubandus- ja tarneahelatele,1,1,0.027144444444444454,0.54
204.0,Terviseandmete kasutamine ravi ja ennetuse parandamiseks,26,4,2.0380763888888884,0.81
205.0,Noorte muuseumikülastuse meelitamine,12,1,0.9713519444444445,0.7733333333333333
206.0,Euroopa rändereformi ja piirivalve valmisolek,4,2,0.3513000000000002,0.8300000000000001
207.0,MMS ja seemneõli tervisevildakus,6,2,0.4220222222222224,0.8649999999999999
208.0,Tulemuspõhine tervishoiurahastus ja kaugjälgimine,12,4,0.776122222222222,0.6675
209.0,Laste internetikäitumine ja abiotsimine,1,1,0.0889555555555555,0.42
210.0,Järvamaa üürituru ja turuhindade vaidlus,4,1,0.4241000000000001,0.715
211.0,Tuuleparkide kaasamise murede tuum,8,3,0.5740586111111112,0.62
212.0,kaugkütte elektrifitseerimine ja hinnastamine,7,2,0.6004752777777779,0.7714285714285715
214.0,välistööjõu kasutamine hooaja- ja lihttöödel,1,1,0.11543333333333339,0.5700000000000001
216.0,rohetehnoloogia investeeringute ja turu takistused,10,5,0.8896555555555556,0.518
217.0,Erakonnajuhid ja noorte esindajad laval,1,1,0.026977777777777778,0.61
218.0,Töövaidluste kompromissid ja töölepingu vaidlused,4,2,0.2805666666666666,0.7625
223.0,Eleringi vähempakkumised uute elektrivõimsuste jaoks,7,3,0.3693611111111112,0.7371428571428572
224.0,Sagedusreservi hange ja liitumistingimused,2,2,0.11989999999999995,0.47
225.0,hariduse tulevikuala arutelude tutvustus,1,1,0.025965833333333296,0.41000000000000003
226.0,raviraha jaotamine patsiendiga kaasa,5,1,0.49366666666666675,0.774
229.0,Üliõpilaste roll ja kõrghariduse ootused,8,2,0.6130961111111113,0.55
230.0,Eesti majanduskasvu pidurdavad välis- ja usaldustegurid,1,1,0.03501111111111111,1.0
232.0,Noorte vanglast saatmine pärast rasket vägivalda,3,1,0.26685555555555546,0.6733333333333333
233.0,Kaasamise aeglane juhtimine ja valeinfo,1,1,0.11735555555555556,0.33
234.0,AI muudab üksikettevõtluse lihtsamaks,9,4,0.7788638888888891,0.7344444444444445
235.0,Tuuleparkide rahvaalgatuste ja alguspunkti vaidlus,4,1,0.3410333333333333,0.745
