jev_topic_id,jev_topic_name,jev_high_level_id,jev_high_level_name,minutes_2025,minutes_2026,segments_2025,segments_2026,talks_2025,talks_2026,time_share_2025,segment_share_2025,talk_coverage_2025,assigned_time_share_2025,time_share_2026,segment_share_2026,talk_coverage_2026,assigned_time_share_2026,time_share_delta_pp,segment_share_delta_pp,talk_coverage_delta_pp,assigned_time_share_delta_pp,status,supported_2026,supported_2025,within_parent_share_2025,within_parent_share_2026,within_parent_delta_pp,parent_scale_component_pp,within_parent_mix_component_pp
27.0,Reisiks valmistumine ja turvalisus,place,"Eluase, ruum ja ühendused",55.82885,0.0,12.0,0.0,1.0,0.0,0.5626358257365296,0.5571030640668524,0.8771929824561403,0.6059870638580444,0.0,0.0,0.0,0.0,-0.5626358257365296,-0.5571030640668524,-0.8771929824561403,-0.6059870638580444,only_observed_2025,False,False,21.283859064630803,0.0,-21.283859064630803,0.7623043153292675,-1.324940141065797
42.0,Idapiirialade eraldi regionaalpoliitika,place,"Eluase, ruum ja ühendused",3.308666666666674,75.27928333333332,1.0,16.0,1.0,1.0,0.03334430858036543,0.04642525533890436,0.8771929824561403,0.03591349631271861,0.8233473355117903,0.8088978766430739,0.9523809523809524,0.8690525616451259,0.7900030269314249,0.7624726213041695,0.07518796992481214,0.8331390653324073,both_years,False,False,1.2613764214232475,13.22626442291629,11.964888001493042,0.04517755386303153,0.7448254730683935
56.0,Noorte koduostu ja üüri kättesaadavus,place,"Eluase, ruum ja ühendused",4.983333333333333,73.7999,1.0,16.0,1.0,3.0,0.0502213795362142,0.04642525533890436,0.8771929824561403,0.05409095001764478,0.8071669699216041,0.8088978766430739,2.857142857142857,0.8519740000733377,0.7569455903853899,0.7624726213041695,1.9799498746867168,0.7978830500556929,both_years,True,False,1.899816391323545,12.966342778034504,11.066526386710958,0.06804396839132783,0.688901621994062
62.0,Rail Balticu ja raudteeühenduste mõju,place,"Eluase, ruum ja ühendused",10.410750000000007,62.503966666666656,2.0,16.0,1.0,3.0,0.10491817264347339,0.09285051067780872,0.8771929824561403,0.11300214539722994,0.6836206740444671,0.8088978766430739,2.857142857142857,0.7215694669159518,0.5787025014009938,0.7160473659652652,1.9799498746867168,0.6085673215187218,both_years,True,False,3.968932474108015,10.98169315658751,7.012760682479495,0.14215158741070566,0.4365509139902881
73.0,Korteriühistute kogukonnatunde loomine,place,"Eluase, ruum ja ühendused",86.69668333333334,0.0,19.0,0.0,1.0,0.0,0.8737178003105638,0.8820798514391829,0.8771929824561403,0.9410379862633267,0.0,0.0,0.0,0.0,-0.8737178003105638,-0.8820798514391829,-0.8771929824561403,-0.9410379862633267,only_observed_2025,False,False,33.0517284421512,0.0,-33.0517284421512,1.183783220140393,-2.0575010204509567
94.0,planeeringute ja kaasamise venimine,place,"Eluase, ruum ja ühendused",14.126000000000007,81.35133333333333,3.0,19.0,1.0,6.0,0.14235997471476164,0.1392757660167131,0.8771929824561403,0.15332884815035128,0.8897587832198831,0.9605662285136503,5.714285714285714,0.9391506068612485,0.7473988085051215,0.8212904624969372,4.837092731829574,0.7858217587108972,both_years,True,False,5.385312309799948,14.293098953388073,8.907786643588125,0.1928807553503473,0.5545180531547744
103.0,üleriigiline planeering ja ruumipoliitika,place,"Eluase, ruum ja ühendused",17.97309999999999,129.92346666666668,3.0,31.0,2.0,4.0,0.18113054378775872,0.1392757660167131,1.7543859649122806,0.19508669975159817,1.4210036993416506,1.5672396359959553,3.8095238095238098,1.499885712574068,1.2398731555538918,1.427963869979242,2.0551378446115294,1.30479901282247,both_years,True,True,6.85195785609977,22.827025561153068,15.975067705053299,0.24541024380485088,0.9944629117490412
136.0,Maapiirkondade teenuste ja ühenduste koosplaneerimine,place,"Eluase, ruum ja ühendused",11.435999999999998,86.2165,2.0,19.0,2.0,5.0,0.11525050763400913,0.09285051067780872,1.7543859649122806,0.124130589512064,0.9429702623207616,0.9605662285136503,4.761904761904762,0.9953159337251528,0.8277197546867525,0.8677157178358416,3.007518796992481,0.8711853442130888,both_years,True,True,4.359792692543691,15.147888982538078,10.788096289994385,0.15615066672706857,0.6715690879596841
140.0,üldplaneeringus haljastuse ja rohekoridoride säilitamine,place,"Eluase, ruum ja ühendused",54.85933333333334,9.168666666666669,9.0,1.0,1.0,1.0,0.552865163967295,0.4178272980501393,0.8771929824561403,0.5954635700337085,0.10027987695856701,0.05055611729019212,0.9523809523809524,0.10584656097554436,-0.452585287008728,-0.3672711807599472,0.07518796992481214,-0.4896170090581642,both_years,False,False,20.914246291053274,1.6108975055188293,-19.303348785534446,0.7490662361142444,-1.2016515231229725
193.0,Raudteeühenduse ja ühistranspordi koordineerimine,place,"Eluase, ruum ja ühendused",2.683333333333333,25.476,1.0,5.0,1.0,2.0,0.027042281288730718,0.04642525533890436,0.8771929824561403,0.02912589616334719,0.2786370405071387,0.2527805864509606,1.9047619047619049,0.29410459398818084,0.251594759218408,0.20635533111205623,1.0275689223057647,0.26497869782483363,both_years,True,False,1.0229780568665243,4.476029759026869,3.4530517021603453,0.03663905990302267,0.21495569931538536
210.0,Järvamaa üürituru ja turuhindade vaidlus,place,"Eluase, ruum ja ühendused",0.0,25.446000000000005,0.0,4.0,0.0,1.0,0.0,0.0,0.0,0.0,0.278308923408096,0.20222446916076847,0.9523809523809524,0.29375826262455845,0.278308923408096,0.20222446916076847,0.9523809523809524,0.29375826262455845,only_observed_2026,False,False,0.0,4.470758880836778,4.470758880836778,0.0,0.278308923408096
