high_level_id,name_et,description_et,fine_topics,segments,talks,recording_hours
education,"Haridus, õppimine ja oskused","Alusharidus, koolid ja ülikoolid; õpetamine, hindamine, õpetajate roll, õppimisvõimalused ja oskuste arendamine.",32,478,62,38.33562888888889
work,"Tööelu, juhtimine ja töötajate õigused","Töökorraldus, organisatsioonide juhtimine, tööohutus, töökius, värbamine, palk, töölepingud ja töö ning eraelu piirid.",16,269,27,22.047319166666664
economy,"Majandus, ettevõtlus ja innovatsioon","Majanduskasv, maksud, ettevõtete loomine ja rahastamine, eksport, iduettevõtted ja konkurentsivõime.",8,87,16,7.021905555555555
energy,Energeetika ja energiaturud,"Elektri ja soojuse tootmine, hinnad, võrgud, varustuskindlus, tuulepargid, kaugküte ja energiataristu. Tuuleparkide kohalikud mõjud kuuluvad siia.",16,158,21,13.036983333333334
climate,"Kliima, rohepööre ja kestlik tarbimine","Kliimahoiakud, heited, kvoodikaubandus, kliimariskid, rohetehnoloogia rahastus ning tarbimise ja tehnoloogia keskkonnajalajälg.",9,143,28,11.06840361111111
nature,"Loodus, metsandus ja maavarad","Elurikkus, metsade kaitse ja majandamine, raiemahud, maavarad, fosforiit ja loodusressursside väärindamine.",11,129,22,10.887268888888888
ai,Tehisintellekt ja digitehnoloogia,"AI kasutus, assistendid ja agendid, keelemudelid, automatiseerimine, volitused ja vastutus ning AI-ga seotud autoriõigused. Hariduse või ravi korraldus on vastavas valdkonnas.",10,146,23,11.093355555555556
cyber,"Küberturvalisus, privaatsus ja digiohud","Küberrünnakud, pettused, paroolid, andmekaitse, jälgimine, laste fotode privaatsus ning veebis ähvardamine. Laste väärkohtlemise ennetus kuulub laste kaitse alla.",5,80,15,6.220564444444444
healthcare,"Tervishoid, ravi ja terviseandmed","Raviteekonnad, patsiendiinfo, arstiabi, hambaravi, raviraha, kindlustus, hoolekanne, nakkuste tõrje ja terviseandmete või AI kasutamine ravis.",20,267,27,21.849179444444445
wellbeing,"Vaimne tervis, tervisekäitumine ja ennetus","Üksildus, vaimne koormus, läbipõlemine, liikumine ja toitumine, sõltuvused, tervisealane väärinfo ning heaolu toetavad sekkumised.",14,185,29,14.168268333333332
family,"Pere, suhted ja sooline võrdsus","Lähisuhted, nõusolek, sündimus, vanemlus, koduse koormuse jaotus, emaduse karjäärimõju, soorollid ja naistevastase vägivalla ennetus.",8,138,17,10.365008611111111
culture,"Kultuur, loome ja pärand","Kultuuri rahastamine, loovisikute toimetulek, muuseumid, film, tänavakunst, ajalooline mälu, kultuuri edasiandmine ja religiooni ühiskondlik roll.",11,144,21,11.375102499999999
media,"Meedia, avalik arutelu ja infokvaliteet","Ajakirjandus, ekspertide avalik suhtlus, poliitiline arutelu sotsiaalmeedias, reklaami eksitavus, kallutatus, väärinfo ja propaganda.",7,79,14,6.077449722222222
governance,"Riigijuhtimine, kodanikuühiskond ja õigus","Riigi visioon ja väärtused, demokraatia, erakonnad, valimised, kohtumenetlus, kodanike kaasamine, vabaühendused, vabatahtlik töö ja annetamine.",14,214,32,16.77432083333333
migration,"Ränne, lõimumine ja kuuluvus","Rändepoliitika, elamisload, pagulus, keeleline ja rahvuslik identiteet, ühiskonda kohanemine ning eri taustaga inimeste kuuluvus.",9,119,17,9.861168333333334
defence,"Riigikaitse, julgeolek ja kriisivalmidus","Ajateenistus ja reserv, kaitsetahe, kaitsekulud ja võimed, hübriidohud, tsiviilkaitse, kriisivarud ja laiapindne riigikaitse.",11,172,21,13.928515
international,"Rahvusvahelised suhted, Euroopa Liit ja humanitaarabi","Rahvusvaheline poliitika ja konfliktid, USA ja Hiina, Palestiina, ÜRO, ELi eelarve, sanktsioonid ning humanitaarabi ja arengukoostöö.",11,138,15,10.667723888888888
children,Laste ja noorte kaitse ning toetamine,"Lastekaitse, asendushooldus, laste märkamine, NEET-noorte toetamine, radikaliseerumise ja noorte vägivalla ennetus ning seksuaalne väärkohtlemine ja laste digiturvalisus.",10,154,19,11.592625
food,"Toit, põllumajandus ja toidujulgeolek","Toidu tarneahelad ja kriisivalmidus, toiduohutus, raiskamise vähendamine, kuupäevamärgistus ja uudne kohalik toidutootmine.",3,44,9,3.334923333333333
place,"Eluase, ruum ja ühendused","Kodu ostmine ja üürimine, elukeskkond, planeeringud, regionaalareng, kogukondlik eluruum, ühistransport, raudtee ja reisimise korraldus.",11,161,17,12.297501666666665
