Topic,Count,Name,Representation
-1,967,-1_ai_eestis_aeg_aastat,"['ai', 'eestis', 'aeg', 'aastat', 'viis', 'asju', 'poolt', 'kogu', 'peame', 'lõpuks', 'siia', 'tulevad', 'kogu aeg', 'asjad', 'saame']"
0,64,0_korterid_kodu_tallinnas_linna,"['korterid', 'kodu', 'tallinnas', 'linna', 'kinnisvara', 'korteri', 'elada', 'tallinna', 'korterit', 'viieteist minuti', 'maja', 'planeeringu', 'kortereid', 'majad', 'korter']"
1,51,1_agent_agendi_isikukood_isikukoodi,"['agent', 'agendi', 'isikukood', 'isikukoodi', 'agente', 'agendid', 'agenti', 'pin', 'tarkvara', 'ai agent', 'ai', 'nimel', 'agendile', 'masin', 'agentide']"
2,47,2_majandus_urmas_majanduskasv_skp,"['majandus', 'urmas', 'majanduskasv', 'skp', 'majanduskasvu', 'heleri', 'reinsalu', 'majanduse', 'majandusareng', 'makse', 'eesti majanduse', 'tasaareng', 'heaolu', 'majandusarengu', 'maksude']"
3,46,3_alusharidus_alushariduse_alushariduses_lapse,"['alusharidus', 'alushariduse', 'alushariduses', 'lapse', 'lasteaias', 'grete', 'lasteaed', 'lasteaeda', 'lasteaia', 'arengu', 'ebavõrdsust', 'kooli', 'iga lapse', 'haridus', 'laste']"
4,43,4_fosforiidi_fosforit_fosforiit_kaevandamise,"['fosforiidi', 'fosforit', 'fosforiit', 'kaevandamise', 'fosforiiti', 'sirli', 'geoloogiateenistus', 'mihkel', 'aet', 'põhjavesi', 'alar', 'põhjavee', 'fosfori', 'kaevandamist', 'geoloogiateenistuse']"
5,43,5_õppima_wise_ikt_järvamaa,"['õppima', 'wise', 'ikt', 'järvamaa', 'kood', 'jõhvi', 'kood jõhvi', 'järvamaal', 'tüdrukud', 'naisi', 'töötukassa', 'õppida', 'tüdrukutele', 'tehnoloogiasektoris', 'tiina']"
6,40,6_rände_ränne_rändest_rännet,"['rände', 'ränne', 'rändest', 'rännet', 'rändepoliitika', 'integratsiooni', 'ringo', 'sisserännet', 'sisserände', 'rändega', 'rändepööre', 'eestisse', 'sisseränne', 'sisserändega', 'räägime rändest']"
7,39,7_kaugkütte_kaugküte_sooja_hind,"['kaugkütte', 'kaugküte', 'sooja', 'hind', 'soojus', 'kaugküttes', 'tarbija', 'hakkepuidu', 'rein', 'soojuspumbad', 'robert', 'hinda', 'kraadi', 'kaugkütet', 'hooned']"
8,37,8_kliima_rohepööre_loodus_euroopa,"['kliima', 'rohepööre', 'loodus', 'euroopa', 'eestlaste', 'tarmo', 'jõgi', 'kaks tuhat', 'anu', 'euroopa liidu', 'keskkonna', 'kliimamuutus', 'liidu', 'kliimateema', 'sedavõrd']"
9,37,9_kõrgharidus_kõrghariduse_ülikoolid_tasuta,"['kõrgharidus', 'kõrghariduse', 'ülikoolid', 'tasuta', 'ülikooli', 'tudengite', 'eriala', 'ülikoolide', 'üliõpilased', 'õppima', 'kõrgharidust', 'tehnikaülikooli', 'tasuta kõrgharidus', 'üliõpilane', 'ülikoolis']"
10,37,10_sotsiaalmeedias_sotsiaalmeedia_meedia_herman,"['sotsiaalmeedias', 'sotsiaalmeedia', 'meedia', 'herman', 'sisu', 'palestiina', 'progressiivsus', 'sotsiaal', 'jana', 'meedias', 'ideoloogiliselt', 'err', 'sotsiaal meedias', 'facebooki', 'postimehes']"
11,35,11_iisraeli_palestiina_iisrael_lähis,"['iisraeli', 'palestiina', 'iisrael', 'lähis', 'rahvusvahelise', 'hamasi', 'lähis ida', 'õiguse', 'hamas', 'üro', 'rahvusvahelise õiguse', 'riigid', 'topeltstandardite', 'palestiinlaste', 'tunnustamine']"
12,35,12_tööinspektsiooni_kaire_töökeskkonna_tööohutuse,"['tööinspektsiooni', 'kaire', 'töökeskkonna', 'tööohutuse', 'tööõnnetusi', 'robert', 'põhjustatud', 'ohutus', 'tööõnnetust', 'riskianalüüsi', 'ettevõttes', 'tööst põhjustatud', 'noored mehed', 'tööandjad', 'õnnetus']"
13,35,13_tagasiside_hindamine_hinne_õpetaja,"['tagasiside', 'hindamine', 'hinne', 'õpetaja', 'tagasisidet', 'hindamise', 'hinnet', 'kati', 'hinded', 'õppimise', 'hea tagasiside', 'hindeid', 'õpilane', 'frank', 'õppimist']"
14,35,14_andmeid_andmed_andmete_terviseandmed,"['andmeid', 'andmed', 'andmete', 'terviseandmed', 'terviseandmeid', 'terviseandmete', 'arst', 'patsient', 'andmetest', 'arsti', 'arstid', 'tervise', 'andmetega', 'infosüsteemi', 'arstide']"
15,33,15_vähitõrje_patsiendi_vähi_vähk,"['vähitõrje', 'patsiendi', 'vähi', 'vähk', 'vähitõrjetegevuskava', 'patsientide', 'ravi', 'vähiravi', 'kristel', 'vähiga', 'arst', 'patsiendina', 'patsient', 'patsiendid', 'vähist']"
16,33,16_lapsi_hoiak_kodanikupalga_partneri,"['lapsi', 'hoiak', 'kodanikupalga', 'partneri', 'laste', 'sünnitama', 'kultuuri', 'tiiu', 'partnerit', 'sündimus', 'lapsi saada', 'kodanikupalk', 'iisraelis', 'laste kasvatamine', 'eesti kultuuri']"
17,31,17_ai_praegu hetkel_einar_mull,"['ai', 'praegu hetkel', 'einar', 'mull', 'linnar', 'praegusel hetkel', 'eesti ai', 'praegusel', 'vibode', 'ettevõttes', 'ettevõtet', 'edust', 'riigisektor', 'tööturul', 'abil']"
18,31,18_info_patsient_infot_arst,"['info', 'patsient', 'infot', 'arst', 'patsiendi', 'diagnoosi', 'pille', 'patsiendile', 'infoallikas', 'õde', 'patsiendi autonoomia', 'tervishoiutöötaja', 'arsti', 'vähipatsiendi', 'autonoomia']"
19,30,19_start_startup_janek_skype,"['start', 'startup', 'janek', 'skype', 'asutajate', 'uku', 'founder', 'ink', 'asutajad', 'insenere', 'luksemburgi', 'eu', 'fondi', 'investorid', 'euroopa']"
20,30,20_äärmuslus_radikaliseerunud_radikaliseerumise_heidi,"['äärmuslus', 'radikaliseerunud', 'radikaliseerumise', 'heidi', 'radikaliseerumine', 'vägivald', 'sting', 'noored', 'rünnakud', 'rünnakuid', 'radikaliseerumist', 'äärmusluse', 'vägivalla', 'ilmajäetus', 'paremäärmusluse']"
21,29,21_kohus_kohtusse_väärtushinnang_hageja,"['kohus', 'kohtusse', 'väärtushinnang', 'hageja', 'riigikohus', 'nõuda', 'faktiväide', 'kohtunik', 'kohtu', 'vaarik', 'õigusbüroo', 'garri', 'au', 'õigus', 'mõisteti']"
22,29,22_vasakpoolsed_vasakpoolsuse_vasakpoolseid_ajalugu,"['vasakpoolsed', 'vasakpoolsuse', 'vasakpoolseid', 'ajalugu', 'vasakpoolsete', 'vasakpoolne', 'sotsiaaldemokraadid', 'vasakpoolsus', 'vasak', 'sotsialism', 'vasakpoolsust', 'tõnis', 'liberaal', 'sotsiaaldemokraatia', 'ajaloo']"
23,28,23_töökius_töökiusu_töökiusamise_juht,"['töökius', 'töökiusu', 'töökiusamise', 'juht', 'kiusatav', 'kius', 'töötaja', 'kiusamine', 'kiusaja', 'kiusamise', 'juhi', 'töökiusust', 'töö kius', 'kiusatakse', 'diskrimineerimine']"
24,26,24_ai_assistendi_assistent_käiviti,"['ai', 'assistendi', 'assistent', 'käiviti', 'skill', 'näitan', 'cloud', 'google', 'faili', 'virsiku', 'microsoft', 'assistente', 'ai ga', 'koosoleku protokoll', 'taustainfo']"
25,26,25_ameerika_donald_trumpi_trump,"['ameerika', 'donald', 'trumpi', 'trump', 'usa', 'donald trumpi', 'ajaloost', 'putini', 'fox', 'donald trump', 'paralleele', 'kennedy', 'administratsiooni', 'fox news', 'president']"
26,26,26_juhitavaid_eleringi_elering_hange,"['juhitavaid', 'eleringi', 'elering', 'hange', 'võimsuseid', 'hanke', 'estlink', 'juhitavaid võimsuseid', 'megavatti', 'võimsust', 'elektri', 'võimsuste', 'erki', 'sagedusreservide', 'tarbimise']"
27,25,27_kriis_läbipõlemine_kriisi_vajan,"['kriis', 'läbipõlemine', 'kriisi', 'vajan', 'töötaja', 'kriisis', 'juht', 'jällegi', 'jaoks kriis', 'juhid', 'kriisid', 'tööandja', 'läbipõlemise', 'juhina', 'aktiveerib']"
28,25,28_kool_koolivõrgu_kooli_koolivõrku,"['kool', 'koolivõrgu', 'kooli', 'koolivõrku', 'hariduse', 'haridus', 'koolivõrk', 'koolid', 'haridusele', 'rõuge', 'õnnelik', 'kvaliteetsele haridusele', 'eesti kool', 'henri', 'kvaliteetsele']"
29,25,29_üro_julgeolekunõukogu_rahvasteliidu_carne,"['üro', 'julgeolekunõukogu', 'rahvasteliidu', 'carne', 'kolonialismi', 'riigid', 'üro julgeolekunõukogu', 'rahvusvahelise', 'inimõiguste', 'ühinenud', 'eero', 'marianne', 'lauri', 'rahvusvahelise õiguse', 'riike']"
30,25,30_ravi_haigekassa_nõukogu_tervisekassa,"['ravi', 'haigekassa', 'nõukogu', 'tervisekassa', 'ravimid', 'omaosalus', 'ravim', 'patsiendi', 'haigekassa nõukogu', 'rahandusminister', 'kriisikoosolekul', 'kakssada miljonit', 'taagepera', 'uksest', 'patsienti']"
31,24,31_kaalu_rasvunud_ülekaal_ravimid,"['kaalu', 'rasvunud', 'ülekaal', 'ravimid', 'kehamassi', 'psüühika', 'psüühikat', 'ravimeid', 'meeste', 'impulsi', 'parimais', 'rasvumise', 'martin', 'psühhoteraapia', 'ravim']"
32,23,32_margus_internetis_veebis_seksuaalne,"['margus', 'internetis', 'veebis', 'seksuaalne', 'lastele', 'väärkohtlevad', 'marilyn', 'lapsed', 'laps', 'seksuaalne väärkohtlemine', 'pedofiilia', 'klassi lapsed', 'väärkohtlemine', 'pedofiil', 'inger']"
33,23,33_telefonis_telefoni_marit_telefon,"['telefonis', 'telefoni', 'marit', 'telefon', 'nutitelefoni', 'hoolekogus', 'põhikoolis', 'vahetunnis', 'liia', 'nutiseadmeid', 'helis', 'tunnis', 'nutitelefon', 'gümnaasiumis', 'anton']"
34,23,34_vesiniku_biometaani_toota_biogaasi,"['vesiniku', 'biometaani', 'toota', 'biogaasi', 'vesinikku', 'tankla', 'biometaan', 'kütuste', 'vesinik', 'ahto', 'kütused', 'vesinikust', 'jäätmetest', 'kütuseid', 'biogaas']"
35,23,35_reklaam_reklaami_merike_reklaame,"['reklaam', 'reklaami', 'merike', 'reklaame', 'reklaamis', 'alvar', 'reklaamid', 'lehmad', 'reklaamiga', 'õnnelik', 'red', 'kaebusi', 'kerli', 'õnnelikud', 'järelevalve']"
36,22,36_ukraine_really_companies_think,"['ukraine', 'really', 'companies', 'think', 'actually', 'know', 'mean', 'today', 'sort', 'going', 'course', 'war', 'working', 'right', 'innovation']"
37,22,37_välistööjõu_välistööjõud_välistöö_ppa,"['välistööjõu', 'välistööjõud', 'välistöö', 'ppa', 'lihttöö', 'välismaalane', 'inimkaubandus', 'tööandja', 'kerli', 'välismaalased', 'tööjõudu', 'tööjõupuudus', 'kohanemisprogramm', 'tööjõust', 'tööinspektsiooni']"
38,22,38_malev_maleva_malevas_malevast,"['malev', 'maleva', 'malevas', 'malevast', 'malevlased', 'noort', 'õpilasmalev', 'malevasse', 'malevat', 'rühm', 'valter', 'rühma', 'noor', 'malevlasi', 'rühmajuht']"
39,22,39_lasteaias_lapsevanem_lasteaia_lapse,"['lasteaias', 'lapsevanem', 'lasteaia', 'lapse', 'rühma', 'lasteaeda', 'teenuse tarbija', 'laps', 'laste', 'lasteaed', 'lapsega', 'lapsevanemana', 'partner', 'lapsevanem peaks', 'teenuse']"
40,21,40_religiooni_religioon_islam_maailmavaade,"['religiooni', 'religioon', 'islam', 'maailmavaade', 'moslemite', 'islami', 'moslemid', 'karmo', 'püha', 'prohvet', 'kirik', 'tõde', 'religioonid', 'usk', 'religioosne']"
41,21,41_reis_reisile_reisida_reisid,"['reis', 'reisile', 'reisida', 'reisid', 'reisimine', 'reisi', 'reiside', 'avastada', 'välisministeeriumi', 'aukonsul', 'viiskümmend eurot', 'reisidel', 'minna', 'reisil', 'kuhugi minna']"
42,21,42_juht_juhi_paavo_organisatsiooni,"['juht', 'juhi', 'paavo', 'organisatsiooni', 'organisatsioonis', 'meeskonda', 'rolli', 'anni', 'positsiooni', 'töötaja', 'töötajad', 'juhti', 'juhi rolli', 'ekstreemumid', 'juhib']"
43,21,43_noorte heaolu_noor_noorte_reelika,"['noorte heaolu', 'noor', 'noorte', 'reelika', 'jaanika', 'marii', 'noore', 'mirjam', 'noorte garantii', 'olukorras', 'kaheksateist', 'heaolu', 'pöial', 'õpi tööta', 'tugisüsteem']"
44,21,44_hambaarsti_hammaste_hambaarst_narkoosi,"['hambaarsti', 'hammaste', 'hambaarst', 'narkoosi', 'narkoosis', 'hambaarsti juures', 'hambaarsti juurde', 'hambaid', 'suus', 'arsti juurde', 'hambad', 'lapse', 'suu', 'laps', 'arsti']"
45,20,45_raudtee_ühistranspordi_rapla_linna,"['raudtee', 'ühistranspordi', 'rapla', 'linna', 'rongid', 'rain', 'eva', 'sigrid', 'liikuvus', 'tsentraliseerida', 'tallinna', 'ronge', 'tallinnasse', 'buss', 'omavalitsused']"
46,20,46_kehalise_liikumise_treeneri_liikuma,"['kehalise', 'liikumise', 'treeneri', 'liikuma', 'trenni', 'trennis', 'aave', 'kehalise kasvatuse', 'kasvatuse', 'aktiivsust', 'liikumise ajal', 'liikumisrõõmu', 'sport', 'sekundid', 'liikumis']"
47,20,47_nõusoleku_nõusolek_nõusolekus_suhte,"['nõusoleku', 'nõusolek', 'nõusolekus', 'suhte', 'veendumine', 'küsimine', 'nõusolekut', 'liisa', 'lauri', 'willingness', 'nõusolekus veendumine', 'nõusolekust', 'partner', 'partnerile', 'mõnikord']"
48,20,48_kaido_tööandja_töötaja_töövaidluskomisjoni,"['kaido', 'tööandja', 'töötaja', 'töövaidluskomisjoni', 'lehekülge', 'juhatuse', 'töökiusu', 'töölepingu', 'katse ajal', 'vaidlus', 'hüvitist', 'töökius', 'töövaidluskomisjoni juhataja', 'õlut', 'tegelikkuses']"
49,20,49_ajateenistus_naised_ajateenistusse_riina,"['ajateenistus', 'naised', 'ajateenistusse', 'riina', 'naistele', 'lavly', 'kohustuslik', 'kaitseväe', 'kohustuslik ajateenistus', 'eerik', 'erakondade', 'neli tuhat', 'naisi', 'ajateenistuse', 'niiles']"
50,20,50_kohtute_menetluse_kohtusse_rahvakohtunik,"['kohtute', 'menetluse', 'kohtusse', 'rahvakohtunik', 'rahvakohtunike', 'kohtuniku', 'rahvakohtuniku', 'jakob', 'kohtu', 'kohtunikud', 'kohtusüsteem', 'prokuratuuri', 'menetlus', 'kohtunike', 'töökoormuse']"
51,20,51_üksilduse_üksildus_üksildasena_üksildust,"['üksilduse', 'üksildus', 'üksildasena', 'üksildust', 'kaisa', 'üksildane', 'ennast üksildasena', 'üksindus', 'pingid', 'kädi', 'apotheka', 'üksilduse tunne', 'siinjuures', 'jaanika', 'anna kaisa']"
52,20,52_doktorantuuri_doktorant_teadmussiirde_doktorantuur,"['doktorantuuri', 'doktorant', 'teadmussiirde', 'doktorantuur', 'doktorante', 'doktorandi', 'jarek', 'doktorandid', 'doktorantide', 'katrin', 'andrei', 'ettevõte', 'doktorikraadiga', 'ülikool', 'ülikooli']"
53,20,53_mtü_vabaühenduste_vabakond_närvi,"['mtü', 'vabaühenduste', 'vabakond', 'närvi', 'vabaühendused', 'päris vabakond', 'vabaühendusi', 'maarja liisa', 'vabaühendus', 'kodanikuühiskond', 'vabaühendustele', 'liisa', 'maarja', 'raha', 'jagamine']"
54,20,54_seksuaalkasvatus_inimeseõpetuse_seksuaalkasvatuse_peenis,"['seksuaalkasvatus', 'inimeseõpetuse', 'seksuaalkasvatuse', 'peenis', 'seks', 'täiskasvanud', 'seksuaalharidus', 'seksuaalsuse', 'ebamugav', 'seksuaalkasvatust', 'porno', 'seksuaalsusest', 'sõnavara', 'laps küsib', 'sõnu']"
55,20,55_teadlane_teadlased_ajakirjandus_teadlase,"['teadlane', 'teadlased', 'ajakirjandus', 'teadlase', 'kriitika', 'märklaua', 'ajakirjanik', 'kommentaari', 'teadlasi', 'jama', 'teadlasega', 'kommunikatsiooniinimene', 'ajakirjanikud', 'teadlastel', 'mari liisa']"
56,20,56_unistamine_unistamise_kahekümne viie_unistus,"['unistamine', 'unistamise', 'kahekümne viie', 'unistus', 'peep', 'unistamisega', 'unis', 'unistada', 'rikkaks', 'rikkaks saada', 'unistama', 'tuhat viiskümmend', 'unistamist', 'viie aasta', 'unistusi']"
57,19,57_lastekodus_marina_lastekodu_kaarel,"['lastekodus', 'marina', 'lastekodu', 'kaarel', 'asenduskodus', 'kasvataja', 'asenduskodu', 'mäletan', 'asenduskodusse', 'lastekodust', 'lapsed', 'taskuraha', 'hinge', 'oled lastekodust', 'aitäh marina']"
58,19,58_infraheli_müra_heli_hertsi,"['infraheli', 'müra', 'heli', 'hertsi', 'jüri', 'detsibelli', 'modulatsioon', 'tuulikute', 'marianne', 'tuugeni', 'häirib', 'sagedus', 'uuringu', 'tuuliku', 'helisid']"
59,19,59_ida_ida viru_piiriala_viru,"['ida', 'ida viru', 'piiriala', 'viru', 'ida virumaal', 'virumaal', 'virumaa', 'ida virumaa', 'võrumaa', 'õiglase', 'piirialadel', 'regionaalpoliitika', 'setomaal', 'kai', 'harjumaa']"
60,19,60_perearsti_ennetuse_ennetus_vererõhk,"['perearsti', 'ennetuse', 'ennetus', 'vererõhk', 'vererõhu', 'katrin', 'kvaliteedisüsteemi', 'perearsti juurde', 'pereõde', 'vererõhuhaigus', 'vererõhku', 'perearst', 'elustiili', 'kadi', 'infarkti']"
61,19,61_toitu_parim enne_toidu_kõlblik,"['toitu', 'parim enne', 'toidu', 'kõlblik', 'kõlblik kuni', 'toit', 'parim', 'kuupäeva', 'kuupäev', 'tooted', 'toidujäätmeid', 'toode', 'enne kõlblik', 'kodudes', 'toodet']"
62,19,62_muuseumis_muuseum_muuseumisse_muuseumi,"['muuseumis', 'muuseum', 'muuseumisse', 'muuseumi', 'kultuur', 'ütlekski', 'kohati', 'kultuuri', 'linnamuuseumi', 'muuseumid', 'risto', 'tartu linnamuuseumi', 'kooliga', 'muuseumile', 'tartu linnamuuseum']"
63,19,63_türgis_türgi_hambad_vahendaja,"['türgis', 'türgi', 'hambad', 'vahendaja', 'türki', 'hambaravi', 'hammas', 'hambaid', 'krooni', 'hammast', 'kroonid', 'implantaat', 'kliiniku', 'kliinikus', 'kroon']"
64,19,64_tehnoloogia_teenuse_tervisekassa_ulme,"['tehnoloogia', 'teenuse', 'tervisekassa', 'ulme', 'heaolutehnoloogiad', 'piiratud', 'track', 'päästerõngas', 'innovatsiooni', 'health', 'turule', 'health founders', 'meditsiiniseade', 'tervishoiu', 'founders']"
65,19,65_kohtla_põlevkivi_elektri_tuumajaama,"['kohtla', 'põlevkivi', 'elektri', 'tuumajaama', 'kohtla järvel', 'tuumajaam', 'järvel', 'ehitada', 'tootmine', 'põlevkivist', 'tuuma', 'salvestus', 'tuulepargid', 'tuha', 'ehitatakse']"
66,18,66_perearst_perearsti_peremeditsiini_eriarsti,"['perearst', 'perearsti', 'peremeditsiini', 'eriarsti', 'esmatasandi', 'konsultatsioon', 'perearste', 'päeva nädalas', 'patsient', 'arstiks', 'konsultatsiooni', 'töötervishoiuarst', 'arsti', 'residentuuri', 'eriala']"
67,18,67_miinimumpalk_miinimumpalga_miinimumpalka_palk,"['miinimumpalk', 'miinimumpalga', 'miinimumpalka', 'palk', 'miinimumpalgaga', 'kaia', 'lenno', 'maksta', 'palgatõusu', 'palka', 'miinimumpalgast', 'kairit', 'miinimum', 'tööandjad', 'keskmisest']"
68,18,68_valimiste_erjk_valimistava_valvurid,"['valimiste', 'erjk', 'valimistava', 'valvurid', 'valimiste valvurid', 'valimisi', 'hea valimistava', 'valimiste valvuri', 'valvuri', 'erakondade', 'valimistega', 'tarmo', 'valimised', 'steven', 'liisa']"
69,18,69_tehisharu_tehisäru_õppimine_õpetaja,"['tehisharu', 'tehisäru', 'õppimine', 'õpetaja', 'õppimist', 'õpilased', 'õpilaste', 'õpilane', 'õpetajad', 'tehisharuga', 'õppimise', 'maia', 'tehis', 'hinne', 'õpiprotsess']"
70,18,70_parooli_häkker_parool_wifi,"['parooli', 'häkker', 'parool', 'wifi', 'wifi võrku', 'ründaja', 'tarkvara', 'murda', 'jaanus', 'paroolid', 'võrku', 'küberturve', 'võrgus', 'krüptoraha', 'ago']"
71,18,71_vesi_vee_vett_nõel,"['vesi', 'vee', 'vett', 'nõel', 'aleksander', 'jaanus', 'tallinna vee', 'riskid', 'tarbija', 'ülemiste', 'tallinna', 'kraadi', 'nendeks', 'valmis', 'kriisid']"
72,18,72_toidujulgeoleku_toidujulgeolek_teravilja_toidu,"['toidujulgeoleku', 'toidujulgeolek', 'teravilja', 'toidu', 'hannes', 'rando', 'toitu', 'kriisi ajal', 'jaeketid', 'tarneahela', 'logistika', 'toidujulgeolekut', 'tagada', 'toidu tootmine', 'võimekust']"
73,18,73_kodus_tööandja_lapsega_ema,"['kodus', 'tööandja', 'lapsega', 'ema', 'koju', 'lapsega kodus', 'naine', 'naised', 'emadele', 'tööturule tagasi', 'isasid', 'tööle tagasi', 'eemal', 'katariina', 'emaduslõivu']"
74,18,74_laura_stsenaarium_stsenaariumi_tuleviku,"['laura', 'stsenaarium', 'stsenaariumi', 'tuleviku', 'stsenaariumid', 'kõige tõenäolisem', 'targa tuleviku', 'hariduse', 'autonoomia', 'tõenäolisem', 'tulevikuala', 'annika räim', 'hariduse tulevikuala', 'õpetaja', 'klassiruum']"
75,18,75_allkirja_jürgen_udilitas_tuulikud,"['allkirja', 'jürgen', 'udilitas', 'tuulikud', 'tuulikut', 'alguspunkt', 'tuulikuid', 'loomakari', 'põhja pärnumaa', 'pärnumaa', 'tuulikute', 'tuleb sada', 'sada seitse', 'kuumaks', 'ingrid']"
76,18,76_püsimetsa_lageraie_püsimetsandus_püsimetsana,"['püsimetsa', 'lageraie', 'püsimetsandus', 'püsimetsana', 'püsimetsanduse', 'erko', 'valikraie', 'püsimetsandust', 'metsa', 'riigimetsas', 'majandamise', 'puid', 'rainer', 'turberaieid', 'majandamine']"
77,18,77_konventsiooni_istanbuli_konventsioon_vägivalla,"['konventsiooni', 'istanbuli', 'konventsioon', 'vägivalla', 'istanbuli konventsiooni', 'naiste', 'mehed', 'naised', 'ohvriabi', 'naistevastase', 'feminist', 'istanbuli konventsioon', 'vägivallaga', 'naiste õiguste', 'võimu küsimus']"
78,17,78_vanus_cv_coach_tööelus,"['vanus', 'cv', 'coach', 'tööelus', 'tööellu', 'tööelu', 'töötaja ise', 'coaching', 'vanuse', 'henri', 'töötaja', 'kärt', 'vanusega', 'stereotüüp', 'tööturule']"
79,17,79_raudtee_rail_rail baltic_baltic,"['raudtee', 'rail', 'rail baltic', 'baltic', 'pärnu', 'raudteed', 'rail baltica', 'baltica', 'kilomeetrit tunnis', 'anvar', 'peatus', 'teede', 'raudteesse', 'tunnis', 'rail balticu']"
80,17,80_andmeid_ulatuses_rünnati_andmed,"['andmeid', 'ulatuses', 'rünnati', 'andmed', 'privaatsust', 'instrumendid', 'koguda', 'seadusandja', 'seadused', 'tunneme', 'riskiga', 'andmete', 'näiteks kõige', 'samas oluline', 'vabadust']"
81,17,81_alkoholi_pidu_peod_alkohol,"['alkoholi', 'pidu', 'peod', 'alkohol', 'agne', 'alkoholivaba', 'peol', 'terek', 'joo', 'noorega', 'õlut', 'pidudel', 'tarvitanud', 'alkoholiga', 'noored']"
82,17,82_nikotiini_salaturg_veipi_sigaretid,"['nikotiini', 'salaturg', 'veipi', 'sigaretid', 'lea', 'salaturu', 'sigarette', 'milligrammi', 'mait', 'maitsega', 'maffi', 'noorte seas', 'kahjulikud', 'sigarettide', 'brit']"
83,17,83_itaalia_itaalias_saksamaal_saksamaa,"['itaalia', 'itaalias', 'saksamaal', 'saksamaa', 'venemaa', 'itaallased', 'saksa', 'roomas', 'balti', 'narva', 'läänemere', 'nato', 'putini', 'ning', 'itaallastel']"
84,17,84_sotsiaalmeedia_videosid_sõltuvust_multikaid,"['sotsiaalmeedia', 'videosid', 'sõltuvust', 'multikaid', 'ekraaniaega', 'multika', 'multikad', 'nutitelefon', 'libisema', 'näidatud', 'nooruki', 'sõltuvus', 'trende', 'sotsiaalmeedias', 'keeld']"
85,17,85_viirus_vaktsiini_surnud_viirust,"['viirus', 'vaktsiini', 'surnud', 'viirust', 'vaktsiin', 'epideemia', 'linnugripp', 'viirusega', 'gripp', 'viiruse', 'nakatunud', 'linde', 'loomi', 'lind', 'elevant']"
86,17,86_markus_programmeerimine_ukse vahele_urve,"['markus', 'programmeerimine', 'ukse vahele', 'urve', 'palk', 'ott', 'avalikus sektoris', 'bolt', 'avalikus', 'jala ukse', 'tarkvaraarendaja', 'piret', 'hüved', 'palgatase', 'pipedrive']"
87,17,87_õpilasfirma_isabella_omari_ettevõtlikkuse,"['õpilasfirma', 'isabella', 'omari', 'ettevõtlikkuse', 'kristo', 'õpilasfirmade', 'ettevõtlikkust', 'rahatarkuse', 'õpilasfirmat', 'ettevõtja', 'koolist', 'eluks valmis', 'leen', 'ettevõtlikkus', 'ettevõtjad']"
88,17,88_surmast_surm_surma_suremise,"['surmast', 'surm', 'surma', 'suremise', 'lähedased', 'elu lõpu', 'suremisest', 'marju', 'elu', 'kaotusvalu', 'surmast rääkida', 'surmast räägime', 'võõrdunud', 'vaim', 'elu elu']"
89,16,89_keeles_eesti keeles_mudelid_keele,"['keeles', 'eesti keeles', 'mudelid', 'keele', 'mõõdupuu', 'mudel', 'eesti keel', 'keel', 'eesti keele', 'mudeli', 'inglise keeles', 'keelemudel', 'mudeleid', 'mudelite', 'inglise']"
90,16,90_tänavakunst_tänavakunsti_graffiti_grafiti,"['tänavakunst', 'tänavakunsti', 'graffiti', 'grafiti', 'legaalne', 'kavandit', 'kavandi', 'illegaalsuse', 'tänavakunst peaks', 'olema legaalne', 'loaga', 'kunsti', 'loata', 'lõnguse', 'ilma loata']"
91,16,91_õpiampsu_õpiamps_circle_anneli,"['õpiampsu', 'õpiamps', 'circle', 'anneli', 'kaia', 'growth', 'andragoog', 'mõne õpiampsu', 'õpiampsude', 'õpiampse', 'growth mindset', 'õpi', 'viimati', 'tähelepanu võime', 'baasteadmisi']"
92,16,92_erakonna_noortekogu_getter_noorte,"['erakonna', 'noortekogu', 'getter', 'noorte', 'esimees', 'aivar', 'noortekogude', 'noortekogud', 'meeri', 'reformierakonna', 'liige', 'poliitikasse', 'dmitri', 'martin', 'reformierakond']"
93,16,93_ugri_soome ugri_soome_komi,"['ugri', 'soome ugri', 'soome', 'komi', 'pagulus', 'eestlased', 'ameerikas', 'keelt', 'los', 'eesti keelt', 'keel', 'kirik', 'õigeusk', 'marid', 'california']"
94,16,94_muuseumi_muuseum_muuseumit_valla,"['muuseumi', 'muuseum', 'muuseumit', 'valla', 'kogukonna', 'viiskümmend tuhat', 'abivallavanem', 'muuseumil', 'kakssada viiskümmend', 'vallas', 'tulu', 'muuseumist', 'muuseumitöötajad', 'õla alla', 'lisatulu']"
95,16,95_tööstused_tööstus_energia_timo,"['tööstused', 'tööstus', 'energia', 'timo', 'itf', 'taastuvenergia', 'energeetika', 'biomassi', 'einari', 'sutt', 'elekter', 'hind', 'mehaanilise', 'raivo', 'tarbija']"
96,16,96_riigikaitse_naiskodukaitse_lai riigikaitse_kaitseliidu,"['riigikaitse', 'naiskodukaitse', 'lai riigikaitse', 'kaitseliidu', 'ulla', 'riigikaitsesse', 'nõuniku', 'laia', 'naiskodukaitsjad', 'sõjaline', 'vundament', 'naiskodukaitses', 'sõjaline riigikaitse', 'hoolt kandma', 'reelika']"
97,16,97_ühistu_ühistus_hanno_korteriühistu,"['ühistu', 'ühistus', 'hanno', 'korteriühistu', 'andero', 'ühistud', 'zuzu', 'haldusfirma', 'majas', 'elanikud', 'nonii aitäh', 'maja', 'koosolekud', 'koosolekut', 'nonii']"
98,16,98_tugevusi_õppekava_tugevuste_andekuse,"['tugevusi', 'õppekava', 'tugevuste', 'andekuse', 'tugevused', 'klassis', 'õpetaja', 'õpilasele', 'haridus süsteemis', 'haridussüsteemis', 'klassiruumis', 'andekas', 'haridussüsteem', 'koolis', 'klassiruumi']"
99,16,99_naine_naised_mees_peaminister,"['naine', 'naised', 'mees', 'peaminister', 'mehed', 'naisi', 'mehi', 'meeste', 'naiste', 'lastega', 'ema', 'naise', 'isad', 'mehe', 'kodus']"
100,16,100_think_yes_thank_don,"['think', 'yes', 'thank', 'don', 'want', 'health', 'lot', 'estonia', 'nuclear', 'say', 'course', 'happen', 'cbr', 'situation', 'know']"
101,16,101_hiina_äri_saudi_hiinlased,"['hiina', 'äri', 'saudi', 'hiinlased', 'joonatan', 'standard', 'potentsiaali', 'venemaa', 'usa', 'hiinas', 'lõuna ameerika', 'hiinasse', 'sanktsioonid', 'araabias', 'saudi araabias']"
102,16,102_pilte_postitada_postitavad_lapse,"['pilte', 'postitada', 'postitavad', 'lapse', 'postitused', 'pildi', 'laps', 'iiris', 'lapsega', 'vanemad', 'lapsed', 'siinkohal', 'lapsest', 'postitusi', 'jagada']"
103,16,103_õppejõud_tehisharu_tehisintellekti_üliõpilane,"['õppejõud', 'tehisharu', 'tehisintellekti', 'üliõpilane', 'tudeng', 'retsensioon', 'andmekaitse', 'ajus', 'tehisintellekt', 'retsensiooni', 'ülikool', 'lõputööd', 'õppimine', 'suudab', 'ülikoolid']"
104,16,104_konkurents_konkurentsi_tanel_tervishoius,"['konkurents', 'konkurentsi', 'tanel', 'tervishoius', 'tervishoiu', 'süsteemi', 'patsiendiga kaasa', 'teenuse', 'tagatud', 'konkurentsist', 'patsiendiga', 'jaanus', 'tervishoid', 'raul', 'raha']"
105,16,105_riigikaitse_looduskaitse_loodus_keskkonnakaitse,"['riigikaitse', 'looduskaitse', 'loodus', 'keskkonnakaitse', 'looduskeskkond', 'kaitsta', 'maastik', 'loodust', 'looduskaitsest', 'looduse', 'kaitsevägi', 'timo', 'vastase', 'kaitseme', 'palju reegleid']"
106,15,106_vägistamine_dementsusega_asutus_pihlakodu,"['vägistamine', 'dementsusega', 'asutus', 'pihlakodu', 'hooldekodu', 'vägivald', 'hooldekodus', 'hoolekandeasutuses', 'kurjategija', 'pihlakodu juhtum', 'dementsuse', 'süsteemid', 'juhtum', 'viibime', 'kannatanu']"
107,15,107_töötukassa_haigus_töövõime_tööturult,"['töötukassa', 'haigus', 'töövõime', 'tööturult', 'ravi', 'puudega', 'puue', 'haiguslehtede', 'haiguslehe', 'rille', 'tööandja', 'tööeluga katkeb', 'inimese tööeluga', 'tööeluga', 'rehabilitatsiooni']"
108,15,108_elurikkuse_ando_elurikkust_toyota,"['elurikkuse', 'ando', 'elurikkust', 'toyota', 'süsiniku', 'jaan', 'süsinikukrediite', 'turg', 'maaomanik', 'elurikkus', 'regulaator', 'maaomanike', 'liikide', 'raadamine', 'metsamaast']"
109,15,109_humanitaarabi_armeenia_arengukoostöö_ning,"['humanitaarabi', 'armeenia', 'arengukoostöö', 'ning', 'üro', 'doonorite', 'eero', 'kriise', 'arengurahastuse', 'euroopa liidu', 'silja', 'olga', 'liidu', 'global', 'kriise rohkem']"
110,15,110_nato_läänemere_venemaa_läänemeremaade,"['nato', 'läänemere', 'venemaa', 'läänemeremaade', 'läänemeremaade nõukogu', 'riikide', 'regiooni', 'läänemere regiooni', 'balti', 'riigid', 'huvide', 'ukraina', 'venemaaga', 'rootsi', 'mb']"
111,15,111_ravikindlustus_ravikindlustust_vabakutseline_ravikindlustus kõigile,"['ravikindlustus', 'ravikindlustust', 'vabakutseline', 'ravikindlustus kõigile', 'jürgen', 'vabakutselised', 'hendrik', 'jürgen ligi', 'loovisikutele', 'vabakutselise', 'loovisiku', 'riinaga', 'jürgen ligile', 'kobe', 'vabakutselisus']"
112,15,112_people_know_estonian_estonia,"['people', 'know', 'estonian', 'estonia', 'language', 'think', 'don', 'maybe', 'say', 'yeah', 'home', 'person', 'nature', 've', 'estonians']"
113,15,113_ajateenistuse_ajateenistus_väljaõpe_ajateenistuses,"['ajateenistuse', 'ajateenistus', 'väljaõpe', 'ajateenistuses', 'ajateenija', 'tegevteenistusse', 'kolonel', 'ajateenistusse', 'ajateenistust', 'teenistuse', 'kaitseväe', 'teenistus', 'teenistusse', 'riigikaitse', 'tegevväelaste']"
114,15,114_metsa_smi_hektari_metsast,"['metsa', 'smi', 'hektari', 'metsast', 'mets', 'metsas', 'raiemaht', 'majandusmetsa', 'metsade', 'tagavara', 'metsad', 'kasvama', 'kaitse alla', 'kaitse', 'rmk']"
115,15,115_reservväelane_reservväelase_kaitseväe_reservväelased,"['reservväelane', 'reservväelase', 'kaitseväe', 'reservväelased', 'pataljoni', 'kaitseressursside', 'hispaaniasse', 'vanemapuhkusel', 'reservväelaseks', 'reservväelastega', 'õppusele', 'reservi', 'parimal viisil', 'parimal', 'riigikaitse']"
116,15,116_loomemajanduse_kunsti_kultuuri_loomemajandus,"['loomemajanduse', 'kunsti', 'kultuuri', 'loomemajandus', 'kultuur', 'rahandusministeerium', 'käibemaksu', 'kultuuris', 'narratiivi', 'kultuur majandusharu', 'majandusharu', 'filmi', 'film', 'kiht', 'kunsti valdkonnas']"
117,14,117_kultuuriretsept_ülla_kultuuriretsepti_ülla karin,"['kultuuriretsept', 'ülla', 'kultuuriretsepti', 'ülla karin', 'mihkel', 'vaimse', 'sekkumised', 'vaimse tervise', 'tervise', 'kultuuriasutused', 'karin', 'mudelis', 'aitäh mihkel', 'retsepti', 'kogukonnas']"
118,14,118_näpuga_ai_energiakulu_madis,"['näpuga', 'ai', 'energiakulu', 'madis', 'energiat', 'andmekeskused', 'andmekeskusi', 'kasutame', 'energiat kokku', 'näpuga näidata', 'päring', 'sunli', 'ristil', 'jalajälg', 'aspektid']"
119,14,119_elamisluba_untsu_masin_otsus,"['elamisluba', 'untsu', 'masin', 'otsus', 'otsustusprotsessi', 'inimese üle', 'hiina', 'otsuse', 'pärtel', 'otsuste tegemiseks', 'aitan teid', 'ai', 'otsuseid', 'elamislubade', 'varjupaiga']"
120,14,120_visioon_visiooni_väärtused_maria,"['visioon', 'visiooni', 'väärtused', 'maria', 'lavly', 'riigisekretär', 'kasvama', 'väärtusi', 'väärtuste', 'tippjuhtide', 'visioonist', 'väärtustest', 'demokraatia', 'juhtimine', 'väärtuspõhine']"
121,14,121_tarbimine_teravatt_tootmist_tarbimist,"['tarbimine', 'teravatt', 'tootmist', 'tarbimist', 'elektrit', 'tarbimise', 'teravatt tundi', 'elektri', 'leedu', 'toota', 'impordime', 'energia', 'tuhat kolm', 'defitsiit', 'number']"
122,14,122_diabeedi_diabeet_diabeeti_krooniliste,"['diabeedi', 'diabeet', 'diabeeti', 'krooniliste', 'mahla', 'teist tüüpi', 'angela', 'diagnoosi', 'tüüpi diabeet', 'veresuhkur', 'sensor', 'vaimse', 'tüüpi', 'jalgade', 'krooniline haigus']"
123,14,123_õpilasesindus_kaasamine_kaasata_irene,"['õpilasesindus', 'kaasamine', 'kaasata', 'irene', 'kooli', 'õpilasesinduse', 'ruslan', 'harjumus', 'natalja', 'aktiivne', 'karl', 'kooli demokraatia', 'huvijuht', 'koole', 'anastasia']"
124,14,124_hingamise_teadveloleku_märkan_enesekaastunne,"['hingamise', 'teadveloleku', 'märkan', 'enesekaastunne', 'tunded', 'aitäh sulle', 'kaastunne', 'ann', 'teadvelolek', 'endaga', 'iseendaga', 'kontakti', 'hingates', 'närvisüsteem', 'teadaoleku']"
125,14,125_von_der_von der_ursula,"['von', 'der', 'von der', 'ursula', 'ursula von', 'euroopa', 'euroopa liit', 'euroopa liidu', 'laieni', 'eelarve', 'laien', 'der laieni', 'liidu', 'liit', 'der laien']"
126,14,126_keelt_keel_inglise_keele,"['keelt', 'keel', 'inglise', 'keele', 'inglise keel', 'eesti keelt', 'eesti keele', 'eesti keel', 'uljana', 'inglise keele', 'vene', 'õppida', 'virve', 'vene keel', 'keeli']"
127,14,127_ussike_täht_fookus_aju ütleb,"['ussike', 'täht', 'fookus', 'aju ütleb', 'ussikesed', 'tähe', 'fookus fookus', 'kastid', 'ussikese', 'ussikene', 'mäletate', 'ussikest', 'tähed', 'proovi', 'pahane']"
128,14,128_koolijuht_tippjuht_koolijuhi_mudru,"['koolijuht', 'tippjuht', 'koolijuhi', 'mudru', 'koolijuhtide', 'kooli', 'koolijuht tippjuht', 'tippjuhi', 'ette antud', 'koolijuhte', 'pidaja', 'koolijuhid', 'amet', 'koolijuhi amet', 'juht']"
129,13,129_küberturvalisuse_perearstikeskuse_perearstikeskused_perearstikeskus,"['küberturvalisuse', 'perearstikeskuse', 'perearstikeskused', 'perearstikeskus', 'rakendama', 'perearstid', 'perearstidele', 'andmekaitsega', 'nõudeid', 'teenusepakkuja', 'riia', 'pakkujad', 'meetmeid', 'parooli', 'standardid']"
130,13,130_börs_hind_hinda_hinna,"['börs', 'hind', 'hinda', 'hinna', 'börsi', 'gaasi', 'elektri', 'börsihind', 'täiskulu', 'börsil', 'päev ette', 'konkurentsiamet', 'hinnavahe', 'turul', 'megavatt']"
131,13,131_autoriõiguse_keiti_priit_kõhus,"['autoriõiguse', 'keiti', 'priit', 'kõhus', 'autorite', 'müncheni', 'loovisik', 'teoste', 'teosed', 'teoseid', 'kasseti', 'tehisharu', 'esindamise', 'liina', 'autorikaitse']"
132,13,132_filmi_film_filme_filmitegija,"['filmi', 'film', 'filme', 'filmitegija', 'kirke', 'lugu', 'kaamera', 'filmi tegemine', 'loo', 'filmist', 'rõõmsaid filme', 'külje pealt', 'tagasiside', 'filmikooli', 'rõõmsaid']"
133,13,133_rohetehnoloogia_rohepöörde_ringmajanduse_innovatsiooni,"['rohetehnoloogia', 'rohepöörde', 'ringmajanduse', 'innovatsiooni', 'tööstuse', 'innovatsioon', 'tööstuspark', 'ringmajandust', 'maris', 'puhta tööstuse', 'olemas neil', 'roheline', 'rake', 'kaitsetöö', 'eluiga']"
134,13,134_eluviisi_maie_eluviis_minimalism,"['eluviisi', 'maie', 'eluviis', 'minimalism', 'tasaareng', 'tarbimisest', 'uue uue', 'eluviisist', 'peeter', 'esineja', 'jalajälg', 'staatuse', 'ökoloogiline', 'minimalismi', 'finantsvabaduse']"
135,13,135_rahulolu_kaidi_tujuga_tööga,"['rahulolu', 'kaidi', 'tujuga', 'tööga', 'hea tujuga', 'kaubanduses', 'tööl', 'tujuga tööle', 'kindlal kellaajal', 'kõige tööga', 'kümneni', 'tööle', 'kategooria', 'rahulolevamaks', 'kella']"
136,13,136_lastekaitsetöötaja_lastekaitse_lapse_ege,"['lastekaitsetöötaja', 'lastekaitse', 'lapse', 'ege', 'lastekaitsetöötajad', 'lastekaitsetöö', 'lastekaitse töötaja', 'pere', 'võrgustiku', 'teatamata', 'ette teatamata', 'lastekaitses', 'lapse jaoks', 'vanemaga', 'laps']"
137,13,137_brenda_taltech_karmen_elektroenergeetika,"['brenda', 'taltech', 'karmen', 'elektroenergeetika', 'energeetika', 'taltechi', 'matemaatika', 'vladislav', 'eerik', 'läksin', 'eleringi', 'kiur', 'taltechis', 'mehhatroonika', 'eriala']"
138,12,138_omavalitsus_põlva_kokkulepe_ametnik,"['omavalitsus', 'põlva', 'kokkulepe', 'ametnik', 'paide', 'menetlus', 'muinsuskaitse', 'kaasamise', 'maasse', 'riik', 'kohalikke', 'planeering', 'mõis', 'vallavanem', 'kohalikke omavalitsusi']"
139,12,139_värelus_viie protsendi_kaitsevõime_taluvuse,"['värelus', 'viie protsendi', 'kaitsevõime', 'taluvuse', 'protsendid', 'hanke', 'raketid', 'nato', 'protsendi', 'hispaania', 'ekre', 'nelja protsendi', 'diplomaatiline', 'toomas', 'kaitsekulude']"
140,12,140_kontoris_kaugtöö_kontorisse_kell,"['kontoris', 'kaugtöö', 'kontorisse', 'kell', 'pesu', 'kaugtööd', 'kontor', 'kell kaheksa', 'tööpäev', 'töötaja', 'tööaeg', 'kodus', 'töövälisel', 'töövälisel ajal', 'tööpäeva']"
141,12,141_annetada_annetamine_annetama_annetuse,"['annetada', 'annetamine', 'annetama', 'annetuse', 'sille', 'karl', 'annetan', 'nihuke', 'annetusi', 'inglite', 'heategevusse', 'annetavad', 'mõju', 'annetused', 'annetajaid']"
142,12,142_karina_jalgsi_liikumise_liikumine,"['karina', 'jalgsi', 'liikumise', 'liikumine', 'soola', 'tervena', 'liikumisest', 'tervise', 'rohkem taimi', 'enesehinnang', 'tervise hoidmise', 'psühholoogi', 'trenni', 'hoidmisest', 'rattaga']"
143,12,143_looduskaitse_metsa_aira_metsaomanikega,"['looduskaitse', 'metsa', 'aira', 'metsaomanikega', 'mets', 'kaitse', 'sinu tunnetus', 'metsad', 'gunnar', 'kaitsealade', 'majandusmetsas', 'ürask', 'kuusikud', 'viiekümne aasta', 'aveliina']"
144,12,144_sõbrad_saara_ning_kool,"['sõbrad', 'saara', 'ning', 'kool', 'kodu', 'petersoni', 'petersonis', 'suhtumisest', 'imelikud', 'sõpruskond', 'mulli', 'kodust', 'nemad', 'sallivust', 'meile nemad']"
145,12,145_annetajate_annetaja_organisatsiooni_annetuste,"['annetajate', 'annetaja', 'organisatsiooni', 'annetuste', 'annetusi', 'üldkulud', 'palgakulud', 'sulev', 'annetajad', 'lastefondi', 'lastefond', 'annetajatele', 'püsikulud', 'lastefondis', 'ülikooli kliinikumi']"
146,11,146_laulupeol_kremli_propaganda_major,"['laulupeol', 'kremli', 'propaganda', 'major', 'laulupeo', 'kolonel', 'kreml', 'härra major', 'levitasid', 'mingit tähendust', 'päts', 'sputnik', 'anniki', 'laulupidu', 'innovatiivne']"
147,11,147_tehisintellekt_kassi_lasteabi_chat,"['tehisintellekt', 'kassi', 'lasteabi', 'chat', 'valida endale', 'lastele', 'tehisintellekti', 'tehisintellektil', 'kavatsustega', 'konto', 'ai', 'laps', 'skripte', 'laste', 'pilte']"
148,11,148_naisi_mehi_mehed_kvoot,"['naisi', 'mehi', 'mehed', 'kvoot', 'kvootide', 'naine', 'sugu', 'kvoodid', 'naised', 'mees naine', 'muster', 'nõukogudes', 'kandidaati', 'nõukogus', 'tütar']"
149,11,149_kaasamine_kaasamise_keiu_ristike,"['kaasamine', 'kaasamise', 'keiu', 'ristike', 'demokraatia', 'protsess', 'valed inimesed', 'valed', 'infosõja', 'nursipalu', 'kaasatõmbamise', 'ristike ristike', 'ettevalmistus', 'jaoks oluline', 'rahvas']"
150,11,150_varusid_kaitsevägi_kaitseväel_varude,"['varusid', 'kaitsevägi', 'kaitseväel', 'varude', 'sõidukeid', 'sõda', 'tegelikkuses', 'tagala', 'keskus', 'kaitseväega', 'mätta alla', 'varudekeskus', 'tsiviilsektorist', 'kaitsevägi ütleb', 'riigi tegevusvaru']"
151,11,151_õpetaja_kasutavad_tehisintellekti_tehisintellekt,"['õpetaja', 'kasutavad', 'tehisintellekti', 'tehisintellekt', 'õpilased kasutavad', 'reemo', 'õpilased', 'õpetajad', 'juuniori', 'ülesanded', 'kalendrisse', 'õppimisprotsessi', 'google iga', 'tiihüppe', 'hariduses']"
152,11,152_merilin_rühmas_laps_lapse,"['merilin', 'rühmas', 'laps', 'lapse', 'täiskasvanu', 'tubli laps', 'lapsed', 'lastele', 'täiskasvanud', 'tubli', 'märgata', 'kätlin', 'andsin neile', 'lastega', 'eliisa']"
153,11,153_eelarve_rail_balticu_rail balticu,"['eelarve', 'rail', 'balticu', 'rail balticu', 'komisjoni', 'ave', 'komisjon', 'anvar', 'euroopa liidu', 'euroopa', 'rail baltic', 'cef', 'liikmesriigid', 'läti', 'baltic']"
154,10,154_tuhat nelikümmend_tuleb raha_laenu_talendid,"['tuhat nelikümmend', 'tuleb raha', 'laenu', 'talendid', 'viieteist aasta', 'raha aastal', 'pank', 'tahaks müüa', 'keskkonna', 'viieteist', 'eksport', 'valdkonnad', 'jätkusuutlikkust', 'investeerivad', 'ringmajandus']"
155,10,155_paindlikkus_paindlikkuse_paindlikkust_paindlikku,"['paindlikkus', 'paindlikkuse', 'paindlikkust', 'paindlikku', 'kokkulepped', 'paindliku tööaja', 'paindliku', 'leppida', 'teise õigused', 'kolmkümmend tundi', 'tööandja', 'tööaja', 'krista', 'töötada', 'töötaja']"
156,10,156_natalja_darja_suur tänu_grupid,"['natalja', 'darja', 'suur tänu', 'grupid', 'lõikasid', 'ühinege', 'positiivseid näiteid', 'vahetame', 'grupis', 'tervikus', 'võite näha', 'praegu tunnen', 'tulijad', 'airi', 'saanud tulla']"
157,10,157_rene_leevendusmeetmed_näiteks tuuleparkide_tõnis,"['rene', 'leevendusmeetmed', 'näiteks tuuleparkide', 'tõnis', 'mured', 'tuuleparkide', 'sageli', 'tuumani', 'kaasuvad', 'sellena tahab', 'planeerimisprotsessides', 'sageli probleemid', 'mured välja', 'kaasatud', 'su juurde']"
158,10,158_seisate_eest seisate_slogan_plakati,"['seisate', 'eest seisate', 'slogan', 'plakati', 'mille eest', 'saaks viidud', 'vahetage teine', 'anna nõu', 'taha olete', 'kaasa tõmbamise', 'tõmbamise', 'teine partner', 'ellu saaks', 'pea kohale', 'said tunda']"
159,10,159_õpetaja_õpetaja ise_hoitud_alusharidus,"['õpetaja', 'õpetaja ise', 'hoitud', 'alusharidus', 'vallavalitsus', 'õpetaja pere', 'vallavalitsuse', 'leila', 'ümber õpetaja', 'alushariduse', 'toolil', 'draama', 'rollile', 'sotsiodraama', 'sotsodraama']"
