episode_id,title,organizer,source,evidence
2397177249,AI ajastu ettevõtlus – kas miljon mikroettevõtjat või paar suurt võitjat_,,,
2400164916,Aga kes hoiab õpetajat_,,,
2271676352,Ajalugu oleviku teejuhina – kristallkuul või kõverpeegel_,,,
2271676346,Ajateenistuse tulevikuvaade – kuhu liigume ja miks_,,,
2289585029,Alati ühenduses. Suurem produktiivsus või läbipõlemise oht_,,,
2400164913,Alushariduse agenda 2027–2031_ mida Eesti peab nüüd otsustama_,,,
2300040503,Annetuskultuur. Kuidas Eestist saab helde rahvas_,,,
2397829632,Appi! Mind ei lasta muuseumisse! Kultuuriharidus kui regionaalpoliitika,,,
2247188708,Disainime tööd,,,
2395857138,"Do They Belong Here, Or Do They Just Live Here_",,,
2280202469,Eesti Looduskapital. Kas roheinvestori järgmine edulugu või riiklikult pidurdatud potentsiaal_,,,
2267420996,"Eesti inimesed soovivad, ökoloogid soovitavad ja prognoosid näitavad, et raiemahtu peaks vähendama. Mis seda takistab_",,,
2400184986,Eesti loob maailma esimese agentide riigi,,,
2400207750,Eesti terviseandmed_ kristallkuul või kompass_,,,
2323554806,Eesti uued valikud ELi rahastuse kasutamisel,,,
2400184980,"Eesti, Singapur, Dubai, Delaware. Kui konkurentsivõimelised me globaalselt oleme_",,,
2393585481,"Ekspert ekraanil, märklaud seljal_ mis on ekspertarvamuse hind_",,,
2387966379,Elektridefitsiit Eestis_ kui suur on tegelik majandus- ja julgeolekurisk_,,,
2397264579,Elu võimalikkusest pealinnast eemal,,,
2302899425,Energiapööre noorte pilgu läbi. Mida tahab uus põlvkond_,,,
2277338246,Ettevõtjad ja noored - kas parallelmaailmad või partnerid ettevõtliku tulevikupõlvkonna kujundamisel_,,,
2387966361,Euroopa Liidu heitekaubandus_ rohepöörasus või nutikas poliitika_,,,
2293106231,Haigekassa nõukogu kriisikoosolek - Copy (2),,,
2254333415,Hakkab looma! Unistades loome Eesti tulevikku,,,
2393585484,Hinded ja heaolu – kas kool hindab õigesti_,,,
2400164907,Iga lapse tulevik on Eesti arenguküsimus,,,
2302899434,Infraheli ja tuulepargid – müüt või tegelik mõju tervisele_,,,
2247188696,Juhi võim versus töötaja julgus,,,
2396692743,Järgmise põlvkonna õpilasmalev,,,
2318409176,Kaamera ei mõista hukka,,,
2323554812,Kaasamine infosõja ajal. Mis tegelikult lõhestab Eesti ühiskonda,,,
2271676358,Kaitsekulud Eestis. Ühiskonna roll kaitsevõime tagajana,,,
2396670936,"Kas Eesti on valmis järgmiseks kriisiks, mis ei tule tankiga_ Keemilised, bioloogilised, radioloogilised ja tuumariskid",,,
2396670921,Kas Eesti tulevik on parkla või meeldiv elukeskkond_,,,
2280202466,Kas Eestist võiks saada uute keskkonnasõbralike kütuste tootja_,,,
2400184995,Kas annaksid AI-le õiguse enda nimel tegutseda_,,,
2302899431,Kas elekter lahendab tulevikus kõik meie energiaprobleemid_,,,
2396692749,"Kas elekter saab olla korraga odav, roheline ja kindel ning hoida Eesti majanduse konkurentsivõimelisena_",,,
2395991472,Kas iga ebamugavus on kiusamine_,,,
2393585475,Kas internet vajab korrakaitsjat_,,,
2247188684,Kas kiirustades elad kauem?,,,
2247188690,Kas kõik on kiusamine?,,,
2395991451,Kas lapsed maksavad karjääris kätte_,,,
2393585472,Kas lapsel on päriselt koht Eestis_ Elu asendushooldusel täna ja homme,,,
2400164898,Kas lapsevanem on partner või lihtsalt teenusetarbija_,,,
2277338249,Kas lapsi saab panna liikuma_,,,
2397264576,Kas linnud ja loomad keedavad meile uut superhaigust_,,,
2323554794,Kas me siin Järvamaal oleme tõesti kõige rumalamad,,,
2318409179,"Kas noortelt nõutakse rohkem, kui vastu pakutakse_",,,
2397264573,Kas oleme tehisaru nimel valmis ohverdama oma inimõigused_,,,
2300040488,"Kas rahvuse kestmise hind saab olla liiga kõrge_ Sotsiaalkaitse võimalustest sündimus tõusule aidata, maksuteemat vältimata",,,
2396692734,Kas rohereform vajab ebapopulaarseid otsuseid_,,,
2397177237,Kas sotsiaalmeediasse mahub sisukas poliitiline diskussioon_,,,
2395991454,Kas süsteem hoiab naisi tagasi_,,,
2267420999,Kas tulevikumetsad vajavad rangemat kaitset või paindlikumat majandamist_,,,
2397177258,Kas tänavakunst peaks olema legaalne_,,,
2396692740,Kas tööstus julgeb investeerida_ Energiamajanduslikud otsused ebakindla poliitika ja turu tingimustes,,,
2247188705,Kas töötaja on alati nõrgem osapool?,,,
2396670918,Kas töötamine päästab Eestis vaesusest_ Räägime miinimumpalgast,,,
2302899437,Kas väike saab olla suur_ Kuivõrd suudab Eesti oma kestlike lahenduste või innovatsiooniga maailmas mõju avaldada_,,,
2250797876,Kas öko-eluviis on ainult rikastele_,,,
2258666747,"Kaua säilib Eesti kultuur, kui meid saab olema nii vähe",,,
2293106228,Kelle mure on laste suutervis_,,,
2397829641,"Kelle vastutus on NEET-olukorras noor – tema enda, spetsialistide või kogu ühiskonna_",,,
2400207762,Kelle vastutus on ennetus tervishoius_,,,
2395857135,"Kellel lubame otsustada, kes Eestisse elama tuleb_",,,
2300040482,Kes ja kuidas peaks valvama valimisi_,,,
2247188687,Kes koristab?!,,,
2397264582,Kes vastutab Eesti toidujulgeoleku eest_,,,
2395857132,"Kes vastutab, kui välistöötajad elavad kümnekesi kitsas köögis ega saa palka_",,,
2395991469,Kes võidab AI-ajastul_,,,
2383055898,"Kes õpetab tervena elama enne, kui tuleb õppida haigusega elama_ (1)",,,
2395857141,"Kes ütleb meile, et nemad pole meie_",,,
2280202475,"Kes ütles, et tehnoloogiasektoris töötamine pole naistele_",,,
2396692737,Keskkonnahoid vastutuules_ kas keskkonnaprojektid on vaid kulu või ka väärtus inimestele ja ettevõtetele_,,,
2314163834,Kilud versus karud - Läänemeremaade koostöö tulevik,,,
2267420987,Kliimatark metsandus. Kuidas kohaneda ja tegutseda muutuvas keskkonnas_,,,
2396670927,Kodude kättesaadavus_ kas Eestil on plaan_,,,
2383011945,Koduseinte vahelt rahvusvahelise poliitikani_ naistevastane vägivald on meie kõigi lahendada,,,
2302899443,Kohalik energiatootmine on kaitseinvesteering,,,
2280202463,Kohalikud bioressursid majanduse hüvanguks. Miks on see päriselus nii raske_,,,
2400207744,Konkurents tervishoius – kas oht või lahendus_,,,
2310594923,Koolijuht on tippjuht,,,
2300040497,Korteriühistud kui kogukonnad. Kuidas panna need ühes rütmis hingama_,,,
2395991460,Kriis ei vabasta juhtimisest,,,
2314163825,"Kriise rohkem, raha vähem",,,
2400207756,Kuhu kaovad töötajad_,,,
2254333406,"Kuhu pöörad, rohepööre_",,,
2293106225,"Kui keha haigestub, mis saab vaimust_",,,
2396670933,"Kui pole mugav, siis ei kaasa_!",,,
2397829626,"Kui sensoreid saab rohkem kui inimesi, siis kes hoiab piirialade Eestit_",,,
2271676367,"Kui sõda algab, kolin Hispaaniasse_",,,
2293106216,"Kuidas KOOSTÖÖS kasutada ära Eesti tervishoiu ressurss, et päästa esmatasand_",,,
2387966370,Kuidas edasi_ Eesti energeetika järgmise kümne aasta vaade,,,
2396692746,Kuidas hoida kokkuleppeid ruumis_,,,
2383011942,Kuidas hoida tervet mõistust kriiside ajastul_ teadveloleku ja kaastunde praktiline jõud,,,
2247188702,Kuidas juhtida riiki? Visiooni põhjal? Väärtuste põhjal?,,,
2289585026,Kuidas kaitsta lapsi AI-ajastul internetis kurjade kavatsustega inimeste eest_,,,
2250797864,Kuidas luua hoolivamat ühiskonda_ Pihlakodu juhtumist edasi!,,,
2314163816,Kuidas mõista USA-d_,,,
2302899446,"Kuidas planeerida tuuleparke nii, et kogukonnad tunneksid end päriselt kaasatuna_",,,
2400207741,"Kuidas rahastada terviseidusid nii, et uued lahendused jõuaksid ka Eestis kasutusele_",,,
2314163831,Kuidas reisides mitte lolliks jääda_,,,
2394248493,"Kuidas rääkida vähist ja tervisest nii, et kasvaks teadlikkus, mitte ärevus_",,,
2400207747,Kuidas tehnoloogia areng meie aju mõjutab_,,,
2400164904,Kuidas toetada lapse keele ja kõne arengut liikumismängude kaudu_,,,
2323554815,Kuidas tõsta Euroopa Liidu konkurentsivõimet ja panna majandus kiiremini kasvama_,,,
2397177240,Kultuur on majandusharu,,,
2397177243,Kultuuriretsept – ravi positiivsete kõrvaltoimetega,,,
2397829638,Kus on noore kodu_ Kuidas elatakse tulevikus ja kas kodu peab tingimata omama_,,,
2254333409,Kust tuleb raha aastal 2040_,,,
2395857126,Kuuluvustunne või äärmuslus_ Kuidas ennetada radikaliseerumist,,,
2289585014,Küberkurjategija mõtteviis. Kuidas mõelda nagu häkker_,,,
2397264564,Küberturvalisus vs ettevõtlusvõime_ kus on tasakaal_,,,
2300040491,Lastekaitsetöö nähtamatu vastutus ja avalik kriitika,,,
2250797867,"Loodus, majandus ja julgeolek. Kas valida tuleb ainult kaks_",,,
2250797879,Looduskaitse ja riigikaitse – teineteist võimendavad jõud_,,,
2396670924,Loodusrahvas või ressursirahvas_ miks keskkond valimiskasti juures kaotab_,,,
2318409182,"Ma tahan õppida, andke mulle tagasisidet!",,,
2314163810,Maailm täna - vaade julgeolekuolukorrale Euroopa pealinnadest,,,
2277338243,Maailmahariduslik mälumäng ja mõtteharjutused koos Ivo Linnaga,,,
2314163822,"Marshall Plan 2.0_ Estonia, Ukraine and the Path Forward",,,
2393585466,Matemaatikatund ja -ring kui mõtlemise laborid,,,
2258666741,Me paneme selle muuseumi kinni!,,,
2250797882,Meedia roll progressiivsete teemade kajastamisel,,,
2395991463,"Mees, kus su lapsed on_",,,
2393585469,Mida Eesti tegelikult kõrghariduselt ootab_,,,
2400164910,"Mida laps tegelikult tahab, et me märkaks_",,,
2323554797,"Mida on vaja teha senisest teisiti, et Eesti majandus järjekindlalt ja kiiremini kasvaks_",,,
2300040479,"Mida teha, kui hea nimi satub laimulõksu_",,,
2323554809,Miks kaasamine pekki läheb_,,,
2323554785,Miks kaasamine pekki läheb_ + Demokraatiatrenn,,,
2387966382,Miks me pelgame energiat kui majandusarengu mootorit,,,
2395991466,Miks noored mehed surevad_,,,
2387966373,Miks peab elektriga kauplema börsil_ (1),,,
2314163819,Miks peaks Lähis-Idas toimuv meile korda minema_,,,
2397264570,"Miljon sensorit, üks planeet_ kuidas tehisintellekt asjades (AIoT) muudab teadust_",,,
2397264588,Mille taha jääb majanduskasv_,,,
2310594917,"Milline koolivõrk suudab kasvatada korraga tarka last, tugevat kogukonda ja koostöist haridusvõrgustikku",,,
2387966364,Millised on kohaliku kaugkütte tulevikustsenaariumid_,,,
2271676349,Millised on minu kui kodaniku võimalused toetada laiapõhjalist riigikaitset,,,
2258666735,Milliseid lasteraamatuid tahame – lastega ja lastele,,,
2387966376,Milliseid riske toob kliima ettevõtete tegevusse ja kuidas neid maandada_ Ettevalmistused ja õppetunnid,,,
2254333412,Millist väliruumi ootame oma linnadesse_ LIFE Tartu ROHEringiga.alp,,,
2310594926,Mis on Eesti hariduse eesmärk.alp,,,
2323554803,Mis on fosforiidi kaevandamise hind + Demokraatiatrenn,,,
2323554800,Mis on fosforiidi kaevandamise hind_,,,
2300040485,Mis on heategija palk_,,,
2258666738,Mitmekultuuriline maailm Eesti koolis,,,
2310594920,Mul jäi isegi Tiigrihüpe tegemata.alp,,,
2395857120,Muutuv rändemaastik_ milleks peab Eesti Euroopa piiririigina valmis olema_,,,
2267420993,"Mõõdame eurodes, mitte tihumeetrites",,,
2280202457,Naised ettevõtluses sotsiodraama_ Kuidas tappa ettevõtjat_,,,
2250797870,Noored ja äärmuslus. Mida saame teha_,,,
2397829623,Noorte julm vägivald – kas sinu kodukant on järgmine_,,,
2318409185,Nutiseadmete kasutus koolikeskkonnas. Millal ja millal mitte_,,,
2383011948,Nõusolek – seksikuse summutaja või hoopis võimendaja_,,,
2280202454,Oskusi kombineerides saame tõenäolisemalt olümpiavõitjaks,,,
2395857129,Pagulus ja rahvus,,,
2395991457,Paindlikkus või kontroll_,,,
2323554791,Parlamendierakondade esimeeste debatt,,,
2323554788,Parlamendierakondade noorte debatt,,,
2396670915,Pedofiilia uus nägu_ kuidas avatus loob uusi riske,,,
2400184983,"Post-it, pastakas ja AI-agent - Eesti.ai praktiline töötuba nutikama tööpäeva disainimiseks",,,
2400184977,"Post-it, pastakas ja AI-agent - Eesti.ai praktiline töötuba nutikama tööpäeva disainimiseks 2",,,
2318409188,Programmeerimine kui uus emakeel,,,
2300040506,"Pärisvabakond teeb asju riigi rahata, eks_",,,
2267420990,Püsimetsandus – kas kesktee metsakaitse ja metsamajanduse vahel_,,,
2271676364,"Rahvaarv kahaneb, aga ohud kasvavad. Kas Eesti riigikaitse vajab uut lähenemist_",,,
2258666744,Rahvus: inimene,,,
2293106219,Ravivalikute loterii - miks mõni haigus saab kõik ja teine mitte midagi_,,,
2397177246,Reklaamide vastutamatusest ja vastutusest,,,
2397829629,Religioossete ühenduste roll ühiskonna toetaja ja tasakaalustajana,,,
2302899440,Rohetehnoloogiad – puhta tööstuse ja julgeoleku alustala_,,,
2250797888,Rohkem kui kondoom ja video. Seksuaalhariduse tulevik Eestis,,,
2280202472,Rändepööre - võimalus või identiteedikriis_,,,
2394248496,Surm ei küsi diagnoosi – kas sina oled valmis_,,,
2302899422,Suur teadlaste debatt „Teadlaste roll energiapöördes“,,,
2293106222,Süstime rahva saledaks_,,,
2289585023,TI-hüppe ootuses. Kas Eesti haridus on valmis tehisintellekti revolutsiooniks_,,,
2314163828,"Tahaks jääda iseendaks, aga raha tahaks ka",,,
2318409191,Tark pidu ei vaja tõukeainet,,,
2397264567,Teadmussiirdedoktorantuur – Eesti majanduse kasutamata potentsiaal_,,,
2289585032,Tehisaru koolipingis. Kas õpetaja parim abiline või oht kriitilisele mõtlemisele_,,,
2397177252,Tehisintellekt kultuuris – kas loovisik on järgmine väljasureja_,,,
2393585478,Tehisintellekt kõrghariduses_ reeglid alles kujunemas,,,
2396692755,Tehisintellekti nähtamatu jalajälg_ kas digiareng tuleb keskkonna arvelt_,,,
2394248505,Tehisintellekti tulevik vähiravis,,,
2302899428,"Tere tulemast, uued juhitavad võimsused!",,,
2400207759,Tervishoid aastal 2050_ milliseid otsuseid peame tegema juba täna_,,,
2400184989,Tiigri üleandmine. Kes kannab Eesti digilugu edasi_,,,
2397264585,Toiduraiskamine või toiduohutus – kas peame valima_,,,
2396692752,Tuleviku Eesti edulugu_ majanduskasv või tasaareng_,,,
2395991448,Töö ei küsi vanust_,,,
2247188693,Töökius otse laval,,,
2280202460,Tööstusinvesteeringud ja energiajulgeolek. Kuidas tagada tööstuse edukas tulevik muutuvas geopoliitilises olukorras_,,,
2293106213,Ulmefilmidest igapäevaellu_ tervisetehnoloogiad tuleviku kodus,,,
2400184992,"Usalda, aga kontrolli – mis saab valesti minna, kui AI-agent saab isikukoodi_",,,
2400207753,"Uued hambad Türgist – kes parandab, kui midagi läheb valesti_",,,
2395857123,"Uus elu, uued rollid_ pagulaste identiteet ja kuuluvus Eestis",,,
2397177255,Vabakutseliste loovisikute toimetulek,,,
2395857144,Vabatahtlikkus_ lõimumise mootor või lõhede peegel_,,,
2271676355,Valel on ohtlikud jalad ehk kuidas väärinfo ohustab meie julgeolekut.,,,
2289585017,Vanematega kohtupinki – digilaste tulevik_,,,
2250797873,Vasakpoolsus Eestis. Kas turumõtlemine on piisav_,,,
2394248499,Vähipatsiendi infoauk_ kelle vastutus on seda täita_,,,
2394248502,Vähitõrje järgmised viis aastat – mida peab Eesti teisiti tegema_,,,
2400184974,"Väike rahvas, suur mudel_ kas tehisaru on Eesti jaoks loodud_",,,
2289585020,"Zoomer vs Boomer. Arija ja Marii Laser Techist võtavad ette sotsiaalmeedias levinud trendid ja vaidlevad selgeks, miks mingi asi trendib.",,,
2300040494,Õigusmõistmine kriisi äärel. Kuidas kindlustada õiguse tulevik_,,,
2310594914,Õpetaja ajamasinas. Õpetaja missioon ja rollid erinevates tulevikustsenaariumides aastaks 2035,,,
2247188699,Õpiamps kui osa tööst,,,
2318409173,Õpilaste tugevustel põhinev haridus – miks ja kuidas_,,,
2396670930,ÜRO kõnnib Rahvasteliidu teed,,,
2314163813,ÜRO – lootusetult rikkis või asendamatu_,,,
2400164901,Ühiskondlik ebavõrdsus algab enne kooli – kas me tunnistame seda_,,,
2400207765,Üksilduse rohi_ kes vastutab üksilduse eest_,,,
2271676361,"“Kogu rahvas peab sõda. Sõjavägi peab lahinguid.” – Kindralleitnant Nikolai Reek, Sõjavägede staabi ülem 1937.",,,
2397829635,„Veibi-Vellod“ ja veipivad noored – miks salaturg võidab ja mida teha teisiti_,,,
