episode_id,talk_name,position,start_seconds,end_seconds,baseline_coherence_1_to_5,sentence5_coherence_1_to_5,baseline_boundary_quality_1_to_5,sentence5_boundary_quality_1_to_5,meaningful_topic_changes,preferred_variant,notes,review_html
2400164916,Aga kes hoiab õpetajat_,early,361.0354,841.0354,,,,,,,,review-2400164916-early-seed-42.html
2400164916,Aga kes hoiab õpetajat_,middle,1624.6593,2104.6593000000003,,,,,,,,review-2400164916-middle-seed-42.html
2400164916,Aga kes hoiab õpetajat_,late,2888.2832,3368.2832,,,,,,,,review-2400164916-late-seed-42.html
2397177249,AI ajastu ettevõtlus – kas miljon mikroettevõtjat või paar suurt võitjat_,early,568.7252000000001,1048.7252,,,,,,,,review-2397177249-early-seed-42.html
2397177249,AI ajastu ettevõtlus – kas miljon mikroettevõtjat või paar suurt võitjat_,middle,2559.2634000000003,3039.2634000000003,,,,,,,,review-2397177249-middle-seed-42.html
2397177249,AI ajastu ettevõtlus – kas miljon mikroettevõtjat või paar suurt võitjat_,late,4549.801600000001,5029.801600000001,,,,,,,,review-2397177249-late-seed-42.html
2271676346,Ajateenistuse tulevikuvaade – kuhu liigume ja miks_,early,557.2624,1037.2624,,,,,,,,review-2271676346-early-seed-42.html
2271676346,Ajateenistuse tulevikuvaade – kuhu liigume ja miks_,middle,2507.6808,2987.6808,,,,,,,,review-2271676346-middle-seed-42.html
2271676346,Ajateenistuse tulevikuvaade – kuhu liigume ja miks_,late,4458.0992,4938.0992,,,,,,,,review-2271676346-late-seed-42.html
2396670927,Kodude kättesaadavus_ kas Eestil on plaan_,early,519.0061,999.0061,,,,,,,,review-2396670927-early-seed-42.html
2396670927,Kodude kättesaadavus_ kas Eestil on plaan_,middle,2335.52745,2815.52745,,,,,,,,review-2396670927-middle-seed-42.html
2396670927,Kodude kättesaadavus_ kas Eestil on plaan_,late,4152.0488,4632.0488,,,,,,,,review-2396670927-late-seed-42.html
2396692746,Kuidas hoida kokkuleppeid ruumis_,early,617.4117000000001,1097.4117,,,,,,,,review-2396692746-early-seed-42.html
2396692746,Kuidas hoida kokkuleppeid ruumis_,middle,2778.3526500000003,3258.3526500000003,,,,,,,,review-2396692746-middle-seed-42.html
2396692746,Kuidas hoida kokkuleppeid ruumis_,late,4939.293600000001,5419.293600000001,,,,,,,,review-2396692746-late-seed-42.html
2314163816,Kuidas mõista USA-d_,early,550.8807,1030.8807000000002,,,,,,,,review-2314163816-early-seed-42.html
2314163816,Kuidas mõista USA-d_,middle,2478.96315,2958.96315,,,,,,,,review-2314163816-middle-seed-42.html
2314163816,Kuidas mõista USA-d_,late,4407.0456,4887.0456,,,,,,,,review-2314163816-late-seed-42.html
2397177243,Kultuuriretsept – ravi positiivsete kõrvaltoimetega,early,520.9309000000001,1000.9309000000001,,,,,,,,review-2397177243-early-seed-42.html
2397177243,Kultuuriretsept – ravi positiivsete kõrvaltoimetega,middle,2344.18905,2824.18905,,,,,,,,review-2397177243-middle-seed-42.html
2397177243,Kultuuriretsept – ravi positiivsete kõrvaltoimetega,late,4167.4472000000005,4647.4472000000005,,,,,,,,review-2397177243-late-seed-42.html
2250797867,"Loodus, majandus ja julgeolek. Kas valida tuleb ainult kaks_",early,528.6165,1008.6165,,,,,,,,review-2250797867-early-seed-42.html
2250797867,"Loodus, majandus ja julgeolek. Kas valida tuleb ainult kaks_",middle,2378.77425,2858.77425,,,,,,,,review-2250797867-middle-seed-42.html
2250797867,"Loodus, majandus ja julgeolek. Kas valida tuleb ainult kaks_",late,4228.932,4708.932,,,,,,,,review-2250797867-late-seed-42.html
2393585466,Matemaatikatund ja -ring kui mõtlemise laborid,early,398.43170000000003,878.4317000000001,,,,,,,,review-2393585466-early-seed-42.html
2393585466,Matemaatikatund ja -ring kui mõtlemise laborid,middle,1792.94265,2272.94265,,,,,,,,review-2393585466-middle-seed-42.html
2393585466,Matemaatikatund ja -ring kui mõtlemise laborid,late,3187.4536000000003,3667.4536000000003,,,,,,,,review-2393585466-late-seed-42.html
2395991463,"Mees, kus su lapsed on_",early,552.4772,1032.4772,,,,,,,,review-2395991463-early-seed-42.html
2395991463,"Mees, kus su lapsed on_",middle,2486.1474,2966.1474,,,,,,,,review-2395991463-middle-seed-42.html
2395991463,"Mees, kus su lapsed on_",late,4419.8176,4899.8176,,,,,,,,review-2395991463-late-seed-42.html
2387966373,Miks peab elektriga kauplema börsil_ (1),early,377.0247,857.0246999999999,,,,,,,,review-2387966373-early-seed-42.html
2387966373,Miks peab elektriga kauplema börsil_ (1),middle,1696.61115,2176.6111499999997,,,,,,,,review-2387966373-middle-seed-42.html
2387966373,Miks peab elektriga kauplema börsil_ (1),late,3016.1976,3496.1976,,,,,,,,review-2387966373-late-seed-42.html
2400184983,"Post-it, pastakas ja AI-agent - Eesti.ai praktiline töötuba nutikama tööpäeva disainimiseks",early,367.1825,847.1825,,,,,,,,review-2400184983-early-seed-42.html
2400184983,"Post-it, pastakas ja AI-agent - Eesti.ai praktiline töötuba nutikama tööpäeva disainimiseks",middle,1652.32125,2132.32125,,,,,,,,review-2400184983-middle-seed-42.html
2400184983,"Post-it, pastakas ja AI-agent - Eesti.ai praktiline töötuba nutikama tööpäeva disainimiseks",late,2937.46,3417.46,,,,,,,,review-2400184983-late-seed-42.html
2397264585,Toiduraiskamine või toiduohutus – kas peame valima_,early,501.67640000000006,981.6764000000001,,,,,,,,review-2397264585-early-seed-42.html
2397264585,Toiduraiskamine või toiduohutus – kas peame valima_,middle,2257.5438,2737.5438,,,,,,,,review-2397264585-middle-seed-42.html
2397264585,Toiduraiskamine või toiduohutus – kas peame valima_,late,4013.4112000000005,4493.4112000000005,,,,,,,,review-2397264585-late-seed-42.html
2247188693,Töökius otse laval,early,536.657,1016.657,,,,,,,,review-2247188693-early-seed-42.html
2247188693,Töökius otse laval,middle,2414.9565,2894.9565,,,,,,,,review-2247188693-middle-seed-42.html
2247188693,Töökius otse laval,late,4293.256,4773.256,,,,,,,,review-2247188693-late-seed-42.html
2395857123,"Uus elu, uued rollid_ pagulaste identiteet ja kuuluvus Eestis",early,483.6589,963.6589,,,,,,,,review-2395857123-early-seed-42.html
2395857123,"Uus elu, uued rollid_ pagulaste identiteet ja kuuluvus Eestis",middle,2176.4650500000002,2656.4650500000002,,,,,,,,review-2395857123-middle-seed-42.html
2395857123,"Uus elu, uued rollid_ pagulaste identiteet ja kuuluvus Eestis",late,3869.2712,4349.2712,,,,,,,,review-2395857123-late-seed-42.html
2394248499,Vähipatsiendi infoauk_ kelle vastutus on seda täita_,early,587.8000000000001,1067.8000000000002,,,,,,,,review-2394248499-early-seed-42.html
2394248499,Vähipatsiendi infoauk_ kelle vastutus on seda täita_,middle,2645.1,3125.1,,,,,,,,review-2394248499-middle-seed-42.html
2394248499,Vähipatsiendi infoauk_ kelle vastutus on seda täita_,late,4702.400000000001,5182.400000000001,,,,,,,,review-2394248499-late-seed-42.html
2400207765,Üksilduse rohi_ kes vastutab üksilduse eest_,early,549.0812,1029.0812,,,,,,,,review-2400207765-early-seed-42.html
2400207765,Üksilduse rohi_ kes vastutab üksilduse eest_,middle,2470.8654,2950.8654,,,,,,,,review-2400207765-middle-seed-42.html
2400207765,Üksilduse rohi_ kes vastutab üksilduse eest_,late,4392.6496,4872.6496,,,,,,,,review-2400207765-late-seed-42.html
2314163813,ÜRO – lootusetult rikkis või asendamatu_,early,592.734,1072.734,,,,,,,,review-2314163813-early-seed-42.html
2314163813,ÜRO – lootusetult rikkis või asendamatu_,middle,2667.3030000000003,3147.3030000000003,,,,,,,,review-2314163813-middle-seed-42.html
2314163813,ÜRO – lootusetult rikkis või asendamatu_,late,4741.872,5221.872,,,,,,,,review-2314163813-late-seed-42.html
