episode_id,talk_name,segments,duration_seconds,selection_reason
2247188693,Töökius otse laval,18,5366.57,Workplace bullying
2250797867,"Loodus, majandus ja julgeolek. Kas valida tuleb ainult kaks_",18,5286.165,"Environment, economy and security"
2271676346,Ajateenistuse tulevikuvaade – kuhu liigume ja miks_,19,5572.624,Military/security; previous pilot
2314163813,ÜRO – lootusetult rikkis või asendamatu_,25,5927.34,International institutions; UN
2314163816,Kuidas mõista USA-d_,18,5508.807,International politics
2387966373,Miks peab elektriga kauplema börsil_ (1),13,3770.247,Electricity markets; shorter recording
2393585466,Matemaatikatund ja -ring kui mõtlemise laborid,11,3984.317,Mathematics education; shorter recording
2394248499,Vähipatsiendi infoauk_ kelle vastutus on seda täita_,20,5878.0,Cancer patient information
2395857123,"Uus elu, uued rollid_ pagulaste identiteet ja kuuluvus Eestis",14,4836.589,Refugee identity
2395991463,"Mees, kus su lapsed on_",18,5524.772,Parenthood and gender roles
2396670927,Kodude kättesaadavus_ kas Eestil on plaan_,20,5190.061,Housing affordability
2396692746,Kuidas hoida kokkuleppeid ruumis_,24,6174.117,Community agreements; longer recording
2397177243,Kultuuriretsept – ravi positiivsete kõrvaltoimetega,18,5209.309,Culture and wellbeing
2397177249,AI ajastu ettevõtlus – kas miljon mikroettevõtjat või paar suurt võitjat_,21,5687.252,AI entrepreneurship; previous pilot
2397264585,Toiduraiskamine või toiduohutus – kas peame valima_,18,5016.764,Food waste and safety
2400164916,Aga kes hoiab õpetajat_,14,3610.354,Teacher wellbeing; previous pilot; shorter recording
2400184983,"Post-it, pastakas ja AI-agent - Eesti.ai praktiline töötuba nutikama tööpäeva disainimiseks",13,3671.825,Practical AI workshop; shorter recording
2400207765,Üksilduse rohi_ kes vastutab üksilduse eest_,22,5490.812,Loneliness and healthcare responsibility
