episode_id,topic_count,topic_changes,changes_per_hour,variant,seed
2247188693,1,2,1.3444248382488866,original,42
2250797867,1,0,0.0,original,42
2271676346,1,0,0.0,original,42
2314163813,2,6,3.6506342977092254,original,42
2314163816,2,7,4.583779205903908,original,42
2387966373,1,0,0.0,original,42
2393585466,1,0,0.0,original,42
2394248499,1,0,0.0,original,42
2395857123,1,0,0.0,original,42
2395991463,3,10,6.529153031014202,original,42
2396670927,1,6,4.171091209599071,original,42
2396692746,2,8,4.673172436655391,original,42
2397177243,2,12,8.311034302447387,original,42
2397177249,2,10,6.342883601743023,original,42
2397264585,2,7,5.034156351307402,original,42
2400164916,1,4,4.001607312270429,original,42
2400184983,2,2,1.9668342573356767,original,42
2400207765,3,7,4.59873148006888,original,42
2247188693,2,2,1.3444248382488866,original,7
2250797867,1,0,0.0,original,7
2271676346,1,0,0.0,original,7
2314163813,2,10,6.084390496182044,original,7
2314163816,2,1,0.6548256008434153,original,7
2387966373,1,0,0.0,original,7
2393585466,1,0,0.0,original,7
2394248499,1,0,0.0,original,7
2395857123,1,0,0.0,original,7
2395991463,2,2,1.3058306062028404,original,7
2396670927,1,6,4.171091209599071,original,7
2396692746,2,16,9.346344873310782,original,7
2397177243,2,10,6.925861918706157,original,7
2397177249,3,15,9.514325402614537,original,7
2397264585,2,7,5.034156351307402,original,7
2400164916,2,4,4.001607312270429,original,7
2400184983,1,4,3.9336685146713535,original,7
2400207765,2,4,2.62784656003936,original,7
2247188693,1,0,0.0,original,19
2250797867,1,0,0.0,original,19
2271676346,1,0,0.0,original,19
2314163813,3,11,6.692829545800248,original,19
2314163816,2,3,1.964476802530246,original,19
2387966373,2,5,4.788447710284017,original,19
2393585466,1,0,0.0,original,19
2394248499,1,0,0.0,original,19
2395857123,1,0,0.0,original,19
2395991463,2,2,1.3058306062028404,original,19
2396670927,2,6,4.171091209599071,original,19
2396692746,1,0,0.0,original,19
2397177243,1,10,6.925861918706157,original,19
2397177249,3,14,8.880037042440232,original,19
2397264585,2,9,6.472486737395231,original,19
2400164916,1,4,4.001607312270429,original,19
2400184983,2,1,0.9834171286678386,original,19
2400207765,3,14,9.19746296013776,original,19
2247188693,4,9,6.04991177211999,sentence5,42
2250797867,4,16,10.922319741429249,sentence5,42
2271676346,4,19,12.29874293901118,sentence5,42
2314163813,3,15,9.126585744273068,sentence5,42
2314163816,3,11,7.203081609277569,sentence5,42
2387966373,1,0,0.0,sentence5,42
2393585466,3,14,12.690748368898904,sentence5,42
2394248499,3,32,19.63511412910088,sentence5,42
2395857123,4,23,17.15923835363325,sentence5,42
2395991463,4,29,18.934543789941188,sentence5,42
2396670927,4,24,16.684364838396288,sentence5,42
2396692746,4,33,19.27683630120349,sentence5,42
2397177243,3,14,9.69620668618862,sentence5,42
2397177249,3,29,18.394362445054767,sentence5,42
2397264585,3,15,10.78747789565872,sentence5,42
2400164916,1,4,4.001607312270428,sentence5,42
2400184983,4,8,7.867337029342709,sentence5,42
2400207765,4,26,17.081002640255836,sentence5,42
2247188693,2,8,5.377699352995546,sentence5,7
2250797867,5,18,12.287609709107905,sentence5,7
2271676346,3,8,5.178418079583655,sentence5,7
2314163813,3,17,10.343463843509475,sentence5,7
2314163816,3,9,5.893430407590738,sentence5,7
2387966373,1,0,0.0,sentence5,7
2393585466,2,14,12.690748368898904,sentence5,7
2394248499,2,19,11.658349014153645,sentence5,7
2395857123,3,26,19.397399878020195,sentence5,7
2395991463,4,23,15.017051971332664,sentence5,7
2396670927,5,27,18.769910443195823,sentence5,7
2396692746,4,25,14.603663864548096,sentence5,7
2397177243,3,26,18.00724098863601,sentence5,7
2397177249,5,29,18.394362445054767,sentence5,7
2397264585,3,13,9.349147509570887,sentence5,7
2400164916,1,4,4.001607312270428,sentence5,7
2400184983,4,12,11.801005544014062,sentence5,7
2400207765,2,19,12.482271160186958,sentence5,7
2247188693,3,21,14.11646080161331,sentence5,19
2250797867,5,17,11.604964725268577,sentence5,19
2271676346,4,22,14.240649718855051,sentence5,19
2314163813,3,15,9.126585744273068,sentence5,19
2314163816,4,13,8.5127328109644,sentence5,19
2387966373,1,0,0.0,sentence5,19
2393585466,1,5,4.532410131749608,sentence5,19
2394248499,3,26,15.95353022989446,sentence5,19
2395857123,4,26,19.397399878020195,sentence5,19
2395991463,5,27,17.628713183738345,sentence5,19
2396670927,4,22,15.294001101863262,sentence5,19
2396692746,4,31,18.10854319203964,sentence5,19
2397177243,4,14,9.69620668618862,sentence5,19
2397177249,4,28,17.760074084880465,sentence5,19
2397264585,4,12,8.629982316526975,sentence5,19
2400164916,2,4,4.001607312270428,sentence5,19
2400184983,4,8,7.867337029342709,sentence5,19
2400207765,4,23,15.110117720226317,sentence5,19
