episode_id,left_topic_key,left_topic_name,right_topic_key,right_topic_name,overlap_seconds,seed
2247188693,pilot-refit:original:bge:leaf-local-6-2:42:45939440211b:-1,Unassigned,pilot-refit:sentence5:bge:leaf-local-6-2:42:ea8c7bf4489f:0,töökius · töötaja · tööandja · juht · tööinspektsiooni,168.76000000000022,42
2247188693,pilot-refit:original:bge:leaf-local-6-2:42:45939440211b:4,töökius · töötaja · juht · tööandja · võib,pilot-refit:sentence5:bge:leaf-local-6-2:42:ea8c7bf4489f:-1,Unassigned,150.79999999999973,42
2247188693,pilot-refit:original:bge:leaf-local-6-2:42:45939440211b:4,töökius · töötaja · juht · tööandja · võib,pilot-refit:sentence5:bge:leaf-local-6-2:42:ea8c7bf4489f:0,töökius · töötaja · tööandja · juht · tööinspektsiooni,4851.01,42
2247188693,pilot-refit:original:bge:leaf-local-6-2:42:45939440211b:4,töökius · töötaja · juht · tööandja · võib,pilot-refit:sentence5:bge:leaf-local-6-2:42:ea8c7bf4489f:16,naine · mees · mehi · naisi · tahan,53.11999999999989,42
2247188693,pilot-refit:original:bge:leaf-local-6-2:42:45939440211b:4,töökius · töötaja · juht · tööandja · võib,pilot-refit:sentence5:bge:leaf-local-6-2:42:ea8c7bf4489f:2,õpetaja · hoitud · alusharidus · õpetajate · alushariduse,66.0,42
2247188693,pilot-refit:original:bge:leaf-local-6-2:42:45939440211b:4,töökius · töötaja · juht · tööandja · võib,pilot-refit:sentence5:bge:leaf-local-6-2:42:ea8c7bf4489f:30,sobivad · seitsekümmend kuus · mentimeeter · korraldustiim · teile,65.75999999999999,42
2250797867,pilot-refit:original:bge:leaf-local-6-2:42:45939440211b:3,julgeoleku · kaitse · võimalik · majandus · keskkonna,pilot-refit:sentence5:bge:leaf-local-6-2:42:ea8c7bf4489f:-1,Unassigned,822.3599999999994,42
2250797867,pilot-refit:original:bge:leaf-local-6-2:42:45939440211b:3,julgeoleku · kaitse · võimalik · majandus · keskkonna,pilot-refit:sentence5:bge:leaf-local-6-2:42:ea8c7bf4489f:24,praegu hetkel · maksu · praegusel hetkel · eurot · praegusel,109.59999999999991,42
2250797867,pilot-refit:original:bge:leaf-local-6-2:42:45939440211b:3,julgeoleku · kaitse · võimalik · majandus · keskkonna,pilot-refit:sentence5:bge:leaf-local-6-2:42:ea8c7bf4489f:26,julgeoleku · nato · venemaa · sõda · skt st,1089.56,42
2250797867,pilot-refit:original:bge:leaf-local-6-2:42:45939440211b:3,julgeoleku · kaitse · võimalik · majandus · keskkonna,pilot-refit:sentence5:bge:leaf-local-6-2:42:ea8c7bf4489f:27,ühiskonna · kaks maailma · ristu · identiteediks · öelda,48.19999999999982,42
2250797867,pilot-refit:original:bge:leaf-local-6-2:42:45939440211b:3,julgeoleku · kaitse · võimalik · majandus · keskkonna,pilot-refit:sentence5:bge:leaf-local-6-2:42:ea8c7bf4489f:5,rail · keskkonnale · keskkond · keskkonna · võimalik,3203.885000000001,42
2271676346,pilot-refit:original:bge:leaf-local-6-2:42:45939440211b:1,ajateenistuse · ajateenistus · kaitseväe · väljaõpe · vaja,pilot-refit:sentence5:bge:leaf-local-6-2:42:ea8c7bf4489f:-1,Unassigned,1472.9200000000005,42
2271676346,pilot-refit:original:bge:leaf-local-6-2:42:45939440211b:1,ajateenistuse · ajateenistus · kaitseväe · väljaõpe · vaja,pilot-refit:sentence5:bge:leaf-local-6-2:42:ea8c7bf4489f:10,ajateenistuse · ajateenistus · ajateenistuses · väljaõpe · ajateenistusse,2776.4399999999996,42
2271676346,pilot-refit:original:bge:leaf-local-6-2:42:45939440211b:1,ajateenistuse · ajateenistus · kaitseväe · väljaõpe · vaja,pilot-refit:sentence5:bge:leaf-local-6-2:42:ea8c7bf4489f:2,õpetaja · hoitud · alusharidus · õpetajate · alushariduse,64.51999999999953,42
2271676346,pilot-refit:original:bge:leaf-local-6-2:42:45939440211b:1,ajateenistuse · ajateenistus · kaitseväe · väljaõpe · vaja,pilot-refit:sentence5:bge:leaf-local-6-2:42:ea8c7bf4489f:26,julgeoleku · nato · venemaa · sõda · skt st,138.56000000000006,42
2271676346,pilot-refit:original:bge:leaf-local-6-2:42:45939440211b:1,ajateenistuse · ajateenistus · kaitseväe · väljaõpe · vaja,pilot-refit:sentence5:bge:leaf-local-6-2:42:ea8c7bf4489f:34,ajateenistuse · pääse · pisut · rasket · kogeda,1109.1039999999998,42
2314163813,pilot-refit:original:bge:leaf-local-6-2:42:45939440211b:14,üro · julgeolekunõukogu · riigid · rahvusvaheline · rahvusvahelise,pilot-refit:sentence5:bge:leaf-local-6-2:42:ea8c7bf4489f:-1,Unassigned,638.12,42
2314163813,pilot-refit:original:bge:leaf-local-6-2:42:45939440211b:14,üro · julgeolekunõukogu · riigid · rahvusvaheline · rahvusvahelise,pilot-refit:sentence5:bge:leaf-local-6-2:42:ea8c7bf4489f:11,üro · julgeolekunõukogu · riigid · rahvusvahelise · tiina,1325.6400000000006,42
2314163813,pilot-refit:original:bge:leaf-local-6-2:42:45939440211b:14,üro · julgeolekunõukogu · riigid · rahvusvaheline · rahvusvahelise,pilot-refit:sentence5:bge:leaf-local-6-2:42:ea8c7bf4489f:18,palestiina · hukka · iisrael · toimus · seitsmendal,9.920000000000073,42
2314163813,pilot-refit:original:bge:leaf-local-6-2:42:45939440211b:14,üro · julgeolekunõukogu · riigid · rahvusvaheline · rahvusvahelise,pilot-refit:sentence5:bge:leaf-local-6-2:42:ea8c7bf4489f:31,üro · jaak · kõrgele · jõerüüt · rahvad,1268.2,42
2314163813,pilot-refit:original:bge:leaf-local-6-2:42:45939440211b:8,palestiina · üro · toimus · hukka · marko,pilot-refit:sentence5:bge:leaf-local-6-2:42:ea8c7bf4489f:-1,Unassigned,60.59999999999991,42
2314163813,pilot-refit:original:bge:leaf-local-6-2:42:45939440211b:8,palestiina · üro · toimus · hukka · marko,pilot-refit:sentence5:bge:leaf-local-6-2:42:ea8c7bf4489f:11,üro · julgeolekunõukogu · riigid · rahvusvahelise · tiina,673.3799999999999,42
2314163813,pilot-refit:original:bge:leaf-local-6-2:42:45939440211b:8,palestiina · üro · toimus · hukka · marko,pilot-refit:sentence5:bge:leaf-local-6-2:42:ea8c7bf4489f:18,palestiina · hukka · iisrael · toimus · seitsmendal,1940.5999999999997,42
2314163813,pilot-refit:original:bge:leaf-local-6-2:42:45939440211b:8,palestiina · üro · toimus · hukka · marko,pilot-refit:sentence5:bge:leaf-local-6-2:42:ea8c7bf4489f:31,üro · jaak · kõrgele · jõerüüt · rahvad,0.31999999999993634,42
2314163816,pilot-refit:original:bge:leaf-local-6-2:42:45939440211b:-1,Unassigned,pilot-refit:sentence5:bge:leaf-local-6-2:42:ea8c7bf4489f:25,fox · news · fox news · presidendi · uudiste,101.68,42
2314163816,pilot-refit:original:bge:leaf-local-6-2:42:45939440211b:-1,Unassigned,pilot-refit:sentence5:bge:leaf-local-6-2:42:ea8c7bf4489f:32,ameerika · usa · ühendriikide · ukraina · ameerika ühendriikide,259.44000000000005,42
2314163816,pilot-refit:original:bge:leaf-local-6-2:42:45939440211b:17,ameerika · usa · trump · donald · hiina,pilot-refit:sentence5:bge:leaf-local-6-2:42:ea8c7bf4489f:-1,Unassigned,286.56699999999955,42
2314163816,pilot-refit:original:bge:leaf-local-6-2:42:45939440211b:17,ameerika · usa · trump · donald · hiina,pilot-refit:sentence5:bge:leaf-local-6-2:42:ea8c7bf4489f:12,donald · trump · ameerika · trumpi · donald trump,2335.84,42
2314163816,pilot-refit:original:bge:leaf-local-6-2:42:45939440211b:17,ameerika · usa · trump · donald · hiina,pilot-refit:sentence5:bge:leaf-local-6-2:42:ea8c7bf4489f:32,ameerika · usa · ühendriikide · ukraina · ameerika ühendriikide,963.0399999999995,42
2314163816,pilot-refit:original:bge:leaf-local-6-2:42:45939440211b:21,fox · news · ameerika · fox news · presidendi,pilot-refit:sentence5:bge:leaf-local-6-2:42:ea8c7bf4489f:-1,Unassigned,55.680000000000064,42
2314163816,pilot-refit:original:bge:leaf-local-6-2:42:45939440211b:21,fox · news · ameerika · fox news · presidendi,pilot-refit:sentence5:bge:leaf-local-6-2:42:ea8c7bf4489f:12,donald · trump · ameerika · trumpi · donald trump,515.1999999999998,42
2314163816,pilot-refit:original:bge:leaf-local-6-2:42:45939440211b:21,fox · news · ameerika · fox news · presidendi,pilot-refit:sentence5:bge:leaf-local-6-2:42:ea8c7bf4489f:25,fox · news · fox news · presidendi · uudiste,966.4399999999999,42
2314163816,pilot-refit:original:bge:leaf-local-6-2:42:45939440211b:21,fox · news · ameerika · fox news · presidendi,pilot-refit:sentence5:bge:leaf-local-6-2:42:ea8c7bf4489f:32,ameerika · usa · ühendriikide · ukraina · ameerika ühendriikide,13.760000000000673,42
2387966373,pilot-refit:original:bge:leaf-local-6-2:42:45939440211b:11,hind · hinda · elektri · hinna · börs,pilot-refit:sentence5:bge:leaf-local-6-2:42:ea8c7bf4489f:3,hind · hinda · elektri · hinna · börs,3759.047,42
2393585466,pilot-refit:original:bge:leaf-local-6-2:42:45939440211b:15,matemaatika · ratas · raili · suurepärane · sõidab,pilot-refit:sentence5:bge:leaf-local-6-2:42:ea8c7bf4489f:-1,Unassigned,193.12000000000012,42
2393585466,pilot-refit:original:bge:leaf-local-6-2:42:45939440211b:15,matemaatika · ratas · raili · suurepärane · sõidab,pilot-refit:sentence5:bge:leaf-local-6-2:42:ea8c7bf4489f:17,matemaatika · suurepärane · puudu · matemaatikat · koolis,2192.4399999999996,42
2393585466,pilot-refit:original:bge:leaf-local-6-2:42:45939440211b:15,matemaatika · ratas · raili · suurepärane · sõidab,pilot-refit:sentence5:bge:leaf-local-6-2:42:ea8c7bf4489f:19,ratas · sõidab · raili · rattaga · sõidab sõidab,1331.3599999999997,42
2393585466,pilot-refit:original:bge:leaf-local-6-2:42:45939440211b:15,matemaatika · ratas · raili · suurepärane · sõidab,pilot-refit:sentence5:bge:leaf-local-6-2:42:ea8c7bf4489f:30,sobivad · seitsekümmend kuus · mentimeeter · korraldustiim · teile,254.47700000000054,42
2394248499,pilot-refit:original:bge:leaf-local-6-2:42:45939440211b:0,info · infot · patsient · arst · patsiendi,pilot-refit:sentence5:bge:leaf-local-6-2:42:ea8c7bf4489f:-1,Unassigned,1436.199999999999,42
2394248499,pilot-refit:original:bge:leaf-local-6-2:42:45939440211b:0,info · infot · patsient · arst · patsiendi,pilot-refit:sentence5:bge:leaf-local-6-2:42:ea8c7bf4489f:15,tehisharu · teekonna · patsient · seesama · arst,1804.92,42
2394248499,pilot-refit:original:bge:leaf-local-6-2:42:45939440211b:0,info · infot · patsient · arst · patsiendi,pilot-refit:sentence5:bge:leaf-local-6-2:42:ea8c7bf4489f:20,arst · infot · peamine · infoallikas · patsiendi,1466.3600000000013,42
2394248499,pilot-refit:original:bge:leaf-local-6-2:42:45939440211b:0,info · infot · patsient · arst · patsiendi,pilot-refit:sentence5:bge:leaf-local-6-2:42:ea8c7bf4489f:29,info · ravimeeskond · vähist · vähiravi · patsiendid,1159.5599999999997,42
2395857123,pilot-refit:original:bge:leaf-local-6-2:42:45939440211b:10,eestis · eestisse · tõesti · eesti · eestlane,pilot-refit:sentence5:bge:leaf-local-6-2:42:ea8c7bf4489f:-1,Unassigned,445.88000000000045,42
2395857123,pilot-refit:original:bge:leaf-local-6-2:42:45939440211b:10,eestis · eestisse · tõesti · eesti · eestlane,pilot-refit:sentence5:bge:leaf-local-6-2:42:ea8c7bf4489f:27,ühiskonna · kaks maailma · ristu · identiteediks · öelda,770.1199999999994,42
2395857123,pilot-refit:original:bge:leaf-local-6-2:42:45939440211b:10,eestis · eestisse · tõesti · eesti · eestlane,pilot-refit:sentence5:bge:leaf-local-6-2:42:ea8c7bf4489f:30,sobivad · seitsekümmend kuus · mentimeeter · korraldustiim · teile,77.82899999999972,42
2395857123,pilot-refit:original:bge:leaf-local-6-2:42:45939440211b:10,eestis · eestisse · tõesti · eesti · eestlane,pilot-refit:sentence5:bge:leaf-local-6-2:42:ea8c7bf4489f:35,ukraina · irina · kolisin · ukraina keskus · ukraina kogukonna,708.0799999999996,42
2395857123,pilot-refit:original:bge:leaf-local-6-2:42:45939440211b:10,eestis · eestisse · tõesti · eesti · eestlane,pilot-refit:sentence5:bge:leaf-local-6-2:42:ea8c7bf4489f:9,eestlane · sõbrad · türgis · eesti · eestisse,2823.480000000001,42
2395991463,pilot-refit:original:bge:leaf-local-6-2:42:45939440211b:-1,Unassigned,pilot-refit:sentence5:bge:leaf-local-6-2:42:ea8c7bf4489f:-1,Unassigned,369.4399999999996,42
2395991463,pilot-refit:original:bge:leaf-local-6-2:42:45939440211b:-1,Unassigned,pilot-refit:sentence5:bge:leaf-local-6-2:42:ea8c7bf4489f:16,naine · mees · mehi · naisi · tahan,575.56,42
2395991463,pilot-refit:original:bge:leaf-local-6-2:42:45939440211b:-1,Unassigned,pilot-refit:sentence5:bge:leaf-local-6-2:42:ea8c7bf4489f:2,õpetaja · hoitud · alusharidus · õpetajate · alushariduse,96.51999999999953,42
2395991463,pilot-refit:original:bge:leaf-local-6-2:42:45939440211b:-1,Unassigned,pilot-refit:sentence5:bge:leaf-local-6-2:42:ea8c7bf4489f:36,kolm korda · tööle · ema · amet · korda rohkem,171.44000000000005,42
2395991463,pilot-refit:original:bge:leaf-local-6-2:42:45939440211b:-1,Unassigned,pilot-refit:sentence5:bge:leaf-local-6-2:42:ea8c7bf4489f:7,naine · lastega · naised · abikaasa · isa,612.5600000000004,42
2395991463,pilot-refit:original:bge:leaf-local-6-2:42:45939440211b:12,õpetaja · alusharidus · õpetajate · alushariduse · riigikogu,pilot-refit:sentence5:bge:leaf-local-6-2:42:ea8c7bf4489f:-1,Unassigned,88.24000000000001,42
2395991463,pilot-refit:original:bge:leaf-local-6-2:42:45939440211b:12,õpetaja · alusharidus · õpetajate · alushariduse · riigikogu,pilot-refit:sentence5:bge:leaf-local-6-2:42:ea8c7bf4489f:7,naine · lastega · naised · abikaasa · isa,6.199999999999818,42
2395991463,pilot-refit:original:bge:leaf-local-6-2:42:45939440211b:19,naine · mees · lastega · naised · mehe,pilot-refit:sentence5:bge:leaf-local-6-2:42:ea8c7bf4489f:16,naine · mees · mehi · naisi · tahan,580.0400000000006,42
2395991463,pilot-refit:original:bge:leaf-local-6-2:42:45939440211b:19,naine · mees · lastega · naised · mehe,pilot-refit:sentence5:bge:leaf-local-6-2:42:ea8c7bf4489f:36,kolm korda · tööle · ema · amet · korda rohkem,529.2919999999997,42
2395991463,pilot-refit:original:bge:leaf-local-6-2:42:45939440211b:19,naine · mees · lastega · naised · mehe,pilot-refit:sentence5:bge:leaf-local-6-2:42:ea8c7bf4489f:7,naine · lastega · naised · abikaasa · isa,1316.8000000000006,42
2395991463,pilot-refit:original:bge:leaf-local-6-2:42:45939440211b:22,isa · ema · naine · teen · koos,pilot-refit:sentence5:bge:leaf-local-6-2:42:ea8c7bf4489f:-1,Unassigned,78.31999999999971,42
2395991463,pilot-refit:original:bge:leaf-local-6-2:42:45939440211b:22,isa · ema · naine · teen · koos,pilot-refit:sentence5:bge:leaf-local-6-2:42:ea8c7bf4489f:2,õpetaja · hoitud · alusharidus · õpetajate · alushariduse,4.119999999999891,42
2395991463,pilot-refit:original:bge:leaf-local-6-2:42:45939440211b:22,isa · ema · naine · teen · koos,pilot-refit:sentence5:bge:leaf-local-6-2:42:ea8c7bf4489f:36,kolm korda · tööle · ema · amet · korda rohkem,128.16000000000008,42
2395991463,pilot-refit:original:bge:leaf-local-6-2:42:45939440211b:22,isa · ema · naine · teen · koos,pilot-refit:sentence5:bge:leaf-local-6-2:42:ea8c7bf4489f:7,naine · lastega · naised · abikaasa · isa,957.04,42
2396670927,pilot-refit:original:bge:leaf-local-6-2:42:45939440211b:-1,Unassigned,pilot-refit:sentence5:bge:leaf-local-6-2:42:ea8c7bf4489f:-1,Unassigned,228.15999999999985,42
2396670927,pilot-refit:original:bge:leaf-local-6-2:42:45939440211b:-1,Unassigned,pilot-refit:sentence5:bge:leaf-local-6-2:42:ea8c7bf4489f:22,tahame · põlva · põlvas · kaheteist kuuga · käib,94.40000000000009,42
2396670927,pilot-refit:original:bge:leaf-local-6-2:42:45939440211b:-1,Unassigned,pilot-refit:sentence5:bge:leaf-local-6-2:42:ea8c7bf4489f:33,avaliku · ivo · maal · avalikul maal · avalikul,234.60000000000036,42
2396670927,pilot-refit:original:bge:leaf-local-6-2:42:45939440211b:6,käibemaksu · kinnisvara · korteri · maja · kodu,pilot-refit:sentence5:bge:leaf-local-6-2:42:ea8c7bf4489f:-1,Unassigned,1015.3200000000011,42
2396670927,pilot-refit:original:bge:leaf-local-6-2:42:45939440211b:6,käibemaksu · kinnisvara · korteri · maja · kodu,pilot-refit:sentence5:bge:leaf-local-6-2:42:ea8c7bf4489f:23,imavere · üürimaja · maja · investor · kinnisvara,1277.3999999999994,42
2396670927,pilot-refit:original:bge:leaf-local-6-2:42:45939440211b:6,käibemaksu · kinnisvara · korteri · maja · kodu,pilot-refit:sentence5:bge:leaf-local-6-2:42:ea8c7bf4489f:28,kodu · tallinnas · kinnisvara · korteri · andres,1348.4799999999996,42
2396670927,pilot-refit:original:bge:leaf-local-6-2:42:45939440211b:6,käibemaksu · kinnisvara · korteri · maja · kodu,pilot-refit:sentence5:bge:leaf-local-6-2:42:ea8c7bf4489f:33,avaliku · ivo · maal · avalikul maal · avalikul,980.1409999999993,42
2396692746,pilot-refit:original:bge:leaf-local-6-2:42:45939440211b:-1,Unassigned,pilot-refit:sentence5:bge:leaf-local-6-2:42:ea8c7bf4489f:-1,Unassigned,103.48000000000002,42
2396692746,pilot-refit:original:bge:leaf-local-6-2:42:45939440211b:-1,Unassigned,pilot-refit:sentence5:bge:leaf-local-6-2:42:ea8c7bf4489f:22,tahame · põlva · põlvas · kaheteist kuuga · käib,186.76000000000045,42
2396692746,pilot-refit:original:bge:leaf-local-6-2:42:45939440211b:-1,Unassigned,pilot-refit:sentence5:bge:leaf-local-6-2:42:ea8c7bf4489f:37,haigla · riik · lõpuks · põlva · maasse,61.79999999999927,42
2396692746,pilot-refit:original:bge:leaf-local-6-2:42:45939440211b:20,tahame · taha · mõttes · põlva · põlvas,pilot-refit:sentence5:bge:leaf-local-6-2:42:ea8c7bf4489f:-1,Unassigned,225.0,42
2396692746,pilot-refit:original:bge:leaf-local-6-2:42:45939440211b:20,tahame · taha · mõttes · põlva · põlvas,pilot-refit:sentence5:bge:leaf-local-6-2:42:ea8c7bf4489f:22,tahame · põlva · põlvas · kaheteist kuuga · käib,1032.0369999999998,42
2396692746,pilot-refit:original:bge:leaf-local-6-2:42:45939440211b:20,tahame · taha · mõttes · põlva · põlvas,pilot-refit:sentence5:bge:leaf-local-6-2:42:ea8c7bf4489f:37,haigla · riik · lõpuks · põlva · maasse,373.32000000000016,42
2396692746,pilot-refit:original:bge:leaf-local-6-2:42:45939440211b:20,tahame · taha · mõttes · põlva · põlvas,pilot-refit:sentence5:bge:leaf-local-6-2:42:ea8c7bf4489f:39,paide · tuhat seitseteist · kaks tuhat · vallavanem · seitseteist,105.04000000000042,42
2396692746,pilot-refit:original:bge:leaf-local-6-2:42:45939440211b:7,mõttes · justkui · omavalitsus · riik · taha,pilot-refit:sentence5:bge:leaf-local-6-2:42:ea8c7bf4489f:-1,Unassigned,1449.7999999999997,42
2396692746,pilot-refit:original:bge:leaf-local-6-2:42:45939440211b:7,mõttes · justkui · omavalitsus · riik · taha,pilot-refit:sentence5:bge:leaf-local-6-2:42:ea8c7bf4489f:37,haigla · riik · lõpuks · põlva · maasse,767.9200000000001,42
2396692746,pilot-refit:original:bge:leaf-local-6-2:42:45939440211b:7,mõttes · justkui · omavalitsus · riik · taha,pilot-refit:sentence5:bge:leaf-local-6-2:42:ea8c7bf4489f:38,kaasamise · kaasamine · seadus · arvamust · justkui,1252.3600000000006,42
2396692746,pilot-refit:original:bge:leaf-local-6-2:42:45939440211b:7,mõttes · justkui · omavalitsus · riik · taha,pilot-refit:sentence5:bge:leaf-local-6-2:42:ea8c7bf4489f:39,paide · tuhat seitseteist · kaks tuhat · vallavanem · seitseteist,605.3199999999997,42
2397177243,pilot-refit:original:bge:leaf-local-6-2:42:45939440211b:-1,Unassigned,pilot-refit:sentence5:bge:leaf-local-6-2:42:ea8c7bf4489f:-1,Unassigned,264.0799999999999,42
2397177243,pilot-refit:original:bge:leaf-local-6-2:42:45939440211b:-1,Unassigned,pilot-refit:sentence5:bge:leaf-local-6-2:42:ea8c7bf4489f:1,tervise · vaimse · kultuuriretsept · vaimse tervise · kultuuri,5.199999999999818,42
2397177243,pilot-refit:original:bge:leaf-local-6-2:42:45939440211b:13,tervise · võiks · kultuuriretsept · vaimse · mihkel,pilot-refit:sentence5:bge:leaf-local-6-2:42:ea8c7bf4489f:-1,Unassigned,372.0800000000004,42
2397177243,pilot-refit:original:bge:leaf-local-6-2:42:45939440211b:13,tervise · võiks · kultuuriretsept · vaimse · mihkel,pilot-refit:sentence5:bge:leaf-local-6-2:42:ea8c7bf4489f:1,tervise · vaimse · kultuuriretsept · vaimse tervise · kultuuri,3652.869,42
2397177243,pilot-refit:original:bge:leaf-local-6-2:42:45939440211b:13,tervise · võiks · kultuuriretsept · vaimse · mihkel,pilot-refit:sentence5:bge:leaf-local-6-2:42:ea8c7bf4489f:2,õpetaja · hoitud · alusharidus · õpetajate · alushariduse,88.11999999999989,42
2397177243,pilot-refit:original:bge:leaf-local-6-2:42:45939440211b:13,tervise · võiks · kultuuriretsept · vaimse · mihkel,pilot-refit:sentence5:bge:leaf-local-6-2:42:ea8c7bf4489f:30,sobivad · seitsekümmend kuus · mentimeeter · korraldustiim · teile,57.55999999999949,42
2397177243,pilot-refit:original:bge:leaf-local-6-2:42:45939440211b:23,üksilduse · sekkumised · moment · oluline · tervise,pilot-refit:sentence5:bge:leaf-local-6-2:42:ea8c7bf4489f:-1,Unassigned,191.8000000000004,42
2397177243,pilot-refit:original:bge:leaf-local-6-2:42:45939440211b:23,üksilduse · sekkumised · moment · oluline · tervise,pilot-refit:sentence5:bge:leaf-local-6-2:42:ea8c7bf4489f:1,tervise · vaimse · kultuuriretsept · vaimse tervise · kultuuri,566.2000000000002,42
2397177249,pilot-refit:original:bge:leaf-local-6-2:42:45939440211b:-1,Unassigned,pilot-refit:sentence5:bge:leaf-local-6-2:42:ea8c7bf4489f:21,ai · google · ea · kiiresti · klientidega,262.60000000000036,42
2397177249,pilot-refit:original:bge:leaf-local-6-2:42:45939440211b:-1,Unassigned,pilot-refit:sentence5:bge:leaf-local-6-2:42:ea8c7bf4489f:24,praegu hetkel · maksu · praegusel hetkel · eurot · praegusel,154.48000000000013,42
2397177249,pilot-refit:original:bge:leaf-local-6-2:42:45939440211b:-1,Unassigned,pilot-refit:sentence5:bge:leaf-local-6-2:42:ea8c7bf4489f:8,ai · ettevõtet · linnar · ettevõtte · tehnoloogia,13.11999999999955,42
2397177249,pilot-refit:original:bge:leaf-local-6-2:42:45939440211b:2,ai · kiiresti · ettevõtet · einar · praegu hetkel,pilot-refit:sentence5:bge:leaf-local-6-2:42:ea8c7bf4489f:-1,Unassigned,746.4920000000008,42
2397177249,pilot-refit:original:bge:leaf-local-6-2:42:45939440211b:2,ai · kiiresti · ettevõtet · einar · praegu hetkel,pilot-refit:sentence5:bge:leaf-local-6-2:42:ea8c7bf4489f:21,ai · google · ea · kiiresti · klientidega,789.9999999999995,42
2397177249,pilot-refit:original:bge:leaf-local-6-2:42:45939440211b:2,ai · kiiresti · ettevõtet · einar · praegu hetkel,pilot-refit:sentence5:bge:leaf-local-6-2:42:ea8c7bf4489f:24,praegu hetkel · maksu · praegusel hetkel · eurot · praegusel,1052.96,42
2397177249,pilot-refit:original:bge:leaf-local-6-2:42:45939440211b:2,ai · kiiresti · ettevõtet · einar · praegu hetkel,pilot-refit:sentence5:bge:leaf-local-6-2:42:ea8c7bf4489f:8,ai · ettevõtet · linnar · ettevõtte · tehnoloogia,2180.3999999999996,42
2397177249,pilot-refit:original:bge:leaf-local-6-2:42:45939440211b:9,ai · probleemi · assistendi · assistent · viis,pilot-refit:sentence5:bge:leaf-local-6-2:42:ea8c7bf4489f:21,ai · google · ea · kiiresti · klientidega,91.59999999999997,42
2397177249,pilot-refit:original:bge:leaf-local-6-2:42:45939440211b:9,ai · probleemi · assistendi · assistent · viis,pilot-refit:sentence5:bge:leaf-local-6-2:42:ea8c7bf4489f:24,praegu hetkel · maksu · praegusel hetkel · eurot · praegusel,3.599999999999909,42
2397177249,pilot-refit:original:bge:leaf-local-6-2:42:45939440211b:9,ai · probleemi · assistendi · assistent · viis,pilot-refit:sentence5:bge:leaf-local-6-2:42:ea8c7bf4489f:8,ai · ettevõtet · linnar · ettevõtte · tehnoloogia,380.40000000000055,42
2397264585,pilot-refit:original:bge:leaf-local-6-2:42:45939440211b:-1,Unassigned,pilot-refit:sentence5:bge:leaf-local-6-2:42:ea8c7bf4489f:-1,Unassigned,2.0799999999999272,42
2397264585,pilot-refit:original:bge:leaf-local-6-2:42:45939440211b:-1,Unassigned,pilot-refit:sentence5:bge:leaf-local-6-2:42:ea8c7bf4489f:13,parim enne · parim · kõlblik · kõlblik kuni · kuupäeva,104.19999999999982,42
2397264585,pilot-refit:original:bge:leaf-local-6-2:42:45939440211b:-1,Unassigned,pilot-refit:sentence5:bge:leaf-local-6-2:42:ea8c7bf4489f:4,ai · assistendi · assistent · probleemi · google,92.31999999999971,42
2397264585,pilot-refit:original:bge:leaf-local-6-2:42:45939440211b:16,toitu · toidu · toit · kodudes · katrin,pilot-refit:sentence5:bge:leaf-local-6-2:42:ea8c7bf4489f:13,parim enne · parim · kõlblik · kõlblik kuni · kuupäeva,279.0399999999996,42
2397264585,pilot-refit:original:bge:leaf-local-6-2:42:45939440211b:16,toitu · toidu · toit · kodudes · katrin,pilot-refit:sentence5:bge:leaf-local-6-2:42:ea8c7bf4489f:6,toitu · toidu · toit · kodudes · katrin,3124.604000000001,42
2397264585,pilot-refit:original:bge:leaf-local-6-2:42:45939440211b:18,parim enne · parim · kõlblik · kõlblik kuni · kuupäeva,pilot-refit:sentence5:bge:leaf-local-6-2:42:ea8c7bf4489f:-1,Unassigned,63.44000000000051,42
2397264585,pilot-refit:original:bge:leaf-local-6-2:42:45939440211b:18,parim enne · parim · kõlblik · kõlblik kuni · kuupäeva,pilot-refit:sentence5:bge:leaf-local-6-2:42:ea8c7bf4489f:13,parim enne · parim · kõlblik · kõlblik kuni · kuupäeva,1255.7199999999996,42
2397264585,pilot-refit:original:bge:leaf-local-6-2:42:45939440211b:18,parim enne · parim · kõlblik · kõlblik kuni · kuupäeva,pilot-refit:sentence5:bge:leaf-local-6-2:42:ea8c7bf4489f:6,toitu · toidu · toit · kodudes · katrin,84.39999999999986,42
2400164916,pilot-refit:original:bge:leaf-local-6-2:42:45939440211b:-1,Unassigned,pilot-refit:sentence5:bge:leaf-local-6-2:42:ea8c7bf4489f:-1,Unassigned,97.44000000000005,42
2400164916,pilot-refit:original:bge:leaf-local-6-2:42:45939440211b:-1,Unassigned,pilot-refit:sentence5:bge:leaf-local-6-2:42:ea8c7bf4489f:2,õpetaja · hoitud · alusharidus · õpetajate · alushariduse,235.64,42
2400164916,pilot-refit:original:bge:leaf-local-6-2:42:45939440211b:12,õpetaja · alusharidus · õpetajate · alushariduse · riigikogu,pilot-refit:sentence5:bge:leaf-local-6-2:42:ea8c7bf4489f:-1,Unassigned,68.16,42
2400164916,pilot-refit:original:bge:leaf-local-6-2:42:45939440211b:12,õpetaja · alusharidus · õpetajate · alushariduse · riigikogu,pilot-refit:sentence5:bge:leaf-local-6-2:42:ea8c7bf4489f:2,õpetaja · hoitud · alusharidus · õpetajate · alushariduse,3197.314,42
2400184983,pilot-refit:original:bge:leaf-local-6-2:42:45939440211b:2,ai · kiiresti · ettevõtet · einar · praegu hetkel,pilot-refit:sentence5:bge:leaf-local-6-2:42:ea8c7bf4489f:-1,Unassigned,71.44,42
2400184983,pilot-refit:original:bge:leaf-local-6-2:42:45939440211b:2,ai · kiiresti · ettevõtet · einar · praegu hetkel,pilot-refit:sentence5:bge:leaf-local-6-2:42:ea8c7bf4489f:21,ai · google · ea · kiiresti · klientidega,166.26499999999987,42
2400184983,pilot-refit:original:bge:leaf-local-6-2:42:45939440211b:2,ai · kiiresti · ettevõtet · einar · praegu hetkel,pilot-refit:sentence5:bge:leaf-local-6-2:42:ea8c7bf4489f:4,ai · assistendi · assistent · probleemi · google,354.91999999999996,42
2400184983,pilot-refit:original:bge:leaf-local-6-2:42:45939440211b:9,ai · probleemi · assistendi · assistent · viis,pilot-refit:sentence5:bge:leaf-local-6-2:42:ea8c7bf4489f:-1,Unassigned,72.0,42
2400184983,pilot-refit:original:bge:leaf-local-6-2:42:45939440211b:9,ai · probleemi · assistendi · assistent · viis,pilot-refit:sentence5:bge:leaf-local-6-2:42:ea8c7bf4489f:13,parim enne · parim · kõlblik · kõlblik kuni · kuupäeva,74.23999999999978,42
2400184983,pilot-refit:original:bge:leaf-local-6-2:42:45939440211b:9,ai · probleemi · assistendi · assistent · viis,pilot-refit:sentence5:bge:leaf-local-6-2:42:ea8c7bf4489f:4,ai · assistendi · assistent · probleemi · google,2852.04,42
2400184983,pilot-refit:original:bge:leaf-local-6-2:42:45939440211b:9,ai · probleemi · assistendi · assistent · viis,pilot-refit:sentence5:bge:leaf-local-6-2:42:ea8c7bf4489f:8,ai · ettevõtet · linnar · ettevõtte · tehnoloogia,69.80000000000001,42
2400207765,pilot-refit:original:bge:leaf-local-6-2:42:45939440211b:-1,Unassigned,pilot-refit:sentence5:bge:leaf-local-6-2:42:ea8c7bf4489f:-1,Unassigned,91.11999999999989,42
2400207765,pilot-refit:original:bge:leaf-local-6-2:42:45939440211b:-1,Unassigned,pilot-refit:sentence5:bge:leaf-local-6-2:42:ea8c7bf4489f:21,ai · google · ea · kiiresti · klientidega,52.67999999999938,42
2400207765,pilot-refit:original:bge:leaf-local-6-2:42:45939440211b:-1,Unassigned,pilot-refit:sentence5:bge:leaf-local-6-2:42:ea8c7bf4489f:7,naine · lastega · naised · abikaasa · isa,86.36000000000013,42
2400207765,pilot-refit:original:bge:leaf-local-6-2:42:45939440211b:22,isa · ema · naine · teen · koos,pilot-refit:sentence5:bge:leaf-local-6-2:42:ea8c7bf4489f:-1,Unassigned,254.08000000000038,42
2400207765,pilot-refit:original:bge:leaf-local-6-2:42:45939440211b:22,isa · ema · naine · teen · koos,pilot-refit:sentence5:bge:leaf-local-6-2:42:ea8c7bf4489f:7,naine · lastega · naised · abikaasa · isa,202.0,42
2400207765,pilot-refit:original:bge:leaf-local-6-2:42:45939440211b:23,üksilduse · sekkumised · moment · oluline · tervise,pilot-refit:sentence5:bge:leaf-local-6-2:42:ea8c7bf4489f:-1,Unassigned,247.87999999999965,42
2400207765,pilot-refit:original:bge:leaf-local-6-2:42:45939440211b:23,üksilduse · sekkumised · moment · oluline · tervise,pilot-refit:sentence5:bge:leaf-local-6-2:42:ea8c7bf4489f:40,üksilduse · anna kaisa · apotheka · rohi · kaisa,137.4000000000001,42
2400207765,pilot-refit:original:bge:leaf-local-6-2:42:45939440211b:5,üksilduse · üksildus · inimene · üksildust · tunne,pilot-refit:sentence5:bge:leaf-local-6-2:42:ea8c7bf4489f:-1,Unassigned,1371.4800000000002,42
2400207765,pilot-refit:original:bge:leaf-local-6-2:42:45939440211b:5,üksilduse · üksildus · inimene · üksildust · tunne,pilot-refit:sentence5:bge:leaf-local-6-2:42:ea8c7bf4489f:14,üksildus · üksilduse · üksildasena · üksildust · tunne,2298.0,42
2400207765,pilot-refit:original:bge:leaf-local-6-2:42:45939440211b:5,üksilduse · üksildus · inimene · üksildust · tunne,pilot-refit:sentence5:bge:leaf-local-6-2:42:ea8c7bf4489f:40,üksilduse · anna kaisa · apotheka · rohi · kaisa,738.7719999999998,42
2247188693,pilot-refit:original:bge:leaf-local-6-2:7:45939440211b:0,naine · mees · naised · sul · ema,pilot-refit:sentence5:bge:leaf-local-6-2:7:ea8c7bf4489f:0,töökius · töötaja · tööandja · juht · tööinspektsiooni,168.76000000000022,7
2247188693,pilot-refit:original:bge:leaf-local-6-2:7:45939440211b:5,töökius · töötaja · juht · tööandja · võib,pilot-refit:sentence5:bge:leaf-local-6-2:7:ea8c7bf4489f:-1,Unassigned,337.6800000000005,7
2247188693,pilot-refit:original:bge:leaf-local-6-2:7:45939440211b:5,töökius · töötaja · juht · tööandja · võib,pilot-refit:sentence5:bge:leaf-local-6-2:7:ea8c7bf4489f:0,töökius · töötaja · tööandja · juht · tööinspektsiooni,4783.009999999999,7
2247188693,pilot-refit:original:bge:leaf-local-6-2:7:45939440211b:5,töökius · töötaja · juht · tööandja · võib,pilot-refit:sentence5:bge:leaf-local-6-2:7:ea8c7bf4489f:3,õpetaja · hoitud · alusharidus · õpetajate · alushariduse,66.0,7
2250797867,pilot-refit:original:bge:leaf-local-6-2:7:45939440211b:4,julgeoleku · kaitse · võimalik · majandus · keskkonna,pilot-refit:sentence5:bge:leaf-local-6-2:7:ea8c7bf4489f:-1,Unassigned,523.7599999999993,7
2250797867,pilot-refit:original:bge:leaf-local-6-2:7:45939440211b:4,julgeoleku · kaitse · võimalik · majandus · keskkonna,pilot-refit:sentence5:bge:leaf-local-6-2:7:ea8c7bf4489f:14,julgeoleku · kaitse · nato · sõda · venemaa,1554.3600000000001,7
2250797867,pilot-refit:original:bge:leaf-local-6-2:7:45939440211b:4,julgeoleku · kaitse · võimalik · majandus · keskkonna,pilot-refit:sentence5:bge:leaf-local-6-2:7:ea8c7bf4489f:19,ameerika · usa · nato · euroopa · ühendriikide,165.76,7
2250797867,pilot-refit:original:bge:leaf-local-6-2:7:45939440211b:4,julgeoleku · kaitse · võimalik · majandus · keskkonna,pilot-refit:sentence5:bge:leaf-local-6-2:7:ea8c7bf4489f:23,ühiskonna · öelda · identiteediks · ristu · kaks maailma,48.19999999999982,7
2250797867,pilot-refit:original:bge:leaf-local-6-2:7:45939440211b:4,julgeoleku · kaitse · võimalik · majandus · keskkonna,pilot-refit:sentence5:bge:leaf-local-6-2:7:ea8c7bf4489f:26,maksab · maksu · praegusel hetkel · eurot · praegusel,109.59999999999991,7
2250797867,pilot-refit:original:bge:leaf-local-6-2:7:45939440211b:4,julgeoleku · kaitse · võimalik · majandus · keskkonna,pilot-refit:sentence5:bge:leaf-local-6-2:7:ea8c7bf4489f:9,rail · keskkonna · keskkond · võimalik · keskkonda,2871.9250000000006,7
2271676346,pilot-refit:original:bge:leaf-local-6-2:7:45939440211b:3,ajateenistuse · ajateenistus · kaitseväe · vaja · väljaõpe,pilot-refit:sentence5:bge:leaf-local-6-2:7:ea8c7bf4489f:-1,Unassigned,385.3600000000001,7
2271676346,pilot-refit:original:bge:leaf-local-6-2:7:45939440211b:3,ajateenistuse · ajateenistus · kaitseväe · vaja · väljaõpe,pilot-refit:sentence5:bge:leaf-local-6-2:7:ea8c7bf4489f:1,ajateenistuse · ajateenistus · kaitseväe · väljaõpe · kolonel,4914.424,7
2271676346,pilot-refit:original:bge:leaf-local-6-2:7:45939440211b:3,ajateenistuse · ajateenistus · kaitseväe · vaja · väljaõpe,pilot-refit:sentence5:bge:leaf-local-6-2:7:ea8c7bf4489f:14,julgeoleku · kaitse · nato · sõda · venemaa,138.56000000000006,7
2271676346,pilot-refit:original:bge:leaf-local-6-2:7:45939440211b:3,ajateenistuse · ajateenistus · kaitseväe · vaja · väljaõpe,pilot-refit:sentence5:bge:leaf-local-6-2:7:ea8c7bf4489f:3,õpetaja · hoitud · alusharidus · õpetajate · alushariduse,123.19999999999982,7
2314163813,pilot-refit:original:bge:leaf-local-6-2:7:45939440211b:-1,Unassigned,pilot-refit:sentence5:bge:leaf-local-6-2:7:ea8c7bf4489f:11,üro · julgeolekunõukogu · riigid · rahvusvahelise · tiina,96.32,7
2314163813,pilot-refit:original:bge:leaf-local-6-2:7:45939440211b:-1,Unassigned,pilot-refit:sentence5:bge:leaf-local-6-2:7:ea8c7bf4489f:15,palestiina · hukka · iisrael · toimus · seitsmendal,93.2800000000002,7
2314163813,pilot-refit:original:bge:leaf-local-6-2:7:45939440211b:16,üro · julgeolekunõukogu · riigid · rahvusvaheline · rahvusvahelise,pilot-refit:sentence5:bge:leaf-local-6-2:7:ea8c7bf4489f:-1,Unassigned,638.12,7
2314163813,pilot-refit:original:bge:leaf-local-6-2:7:45939440211b:16,üro · julgeolekunõukogu · riigid · rahvusvaheline · rahvusvahelise,pilot-refit:sentence5:bge:leaf-local-6-2:7:ea8c7bf4489f:11,üro · julgeolekunõukogu · riigid · rahvusvahelise · tiina,865.8000000000004,7
2314163813,pilot-refit:original:bge:leaf-local-6-2:7:45939440211b:16,üro · julgeolekunõukogu · riigid · rahvusvaheline · rahvusvahelise,pilot-refit:sentence5:bge:leaf-local-6-2:7:ea8c7bf4489f:15,palestiina · hukka · iisrael · toimus · seitsmendal,9.920000000000073,7
2314163813,pilot-refit:original:bge:leaf-local-6-2:7:45939440211b:16,üro · julgeolekunõukogu · riigid · rahvusvaheline · rahvusvahelise,pilot-refit:sentence5:bge:leaf-local-6-2:7:ea8c7bf4489f:28,üro · julgeolekunõukogu · jaak · kõrgele · üro julgeolekunõukogu,1432.24,7
2314163813,pilot-refit:original:bge:leaf-local-6-2:7:45939440211b:9,palestiina · üro · toimus · hukka · riiki,pilot-refit:sentence5:bge:leaf-local-6-2:7:ea8c7bf4489f:-1,Unassigned,60.59999999999991,7
2314163813,pilot-refit:original:bge:leaf-local-6-2:7:45939440211b:9,palestiina · üro · toimus · hukka · riiki,pilot-refit:sentence5:bge:leaf-local-6-2:7:ea8c7bf4489f:11,üro · julgeolekunõukogu · riigid · rahvusvahelise · tiina,859.3399999999997,7
2314163813,pilot-refit:original:bge:leaf-local-6-2:7:45939440211b:9,palestiina · üro · toimus · hukka · riiki,pilot-refit:sentence5:bge:leaf-local-6-2:7:ea8c7bf4489f:15,palestiina · hukka · iisrael · toimus · seitsmendal,1847.3199999999995,7
2314163813,pilot-refit:original:bge:leaf-local-6-2:7:45939440211b:9,palestiina · üro · toimus · hukka · riiki,pilot-refit:sentence5:bge:leaf-local-6-2:7:ea8c7bf4489f:28,üro · julgeolekunõukogu · jaak · kõrgele · üro julgeolekunõukogu,13.840000000000373,7
2314163816,pilot-refit:original:bge:leaf-local-6-2:7:45939440211b:12,ameerika · donald · usa · trump · trumpi,pilot-refit:sentence5:bge:leaf-local-6-2:7:ea8c7bf4489f:-1,Unassigned,291.6069999999995,7
2314163816,pilot-refit:original:bge:leaf-local-6-2:7:45939440211b:12,ameerika · donald · usa · trump · trumpi,pilot-refit:sentence5:bge:leaf-local-6-2:7:ea8c7bf4489f:12,donald · trump · ameerika · trumpi · donald trump,2711.12,7
2314163816,pilot-refit:original:bge:leaf-local-6-2:7:45939440211b:12,ameerika · donald · usa · trump · trumpi,pilot-refit:sentence5:bge:leaf-local-6-2:7:ea8c7bf4489f:19,ameerika · usa · nato · euroopa · ühendriikide,1364.6000000000004,7
2314163816,pilot-refit:original:bge:leaf-local-6-2:7:45939440211b:21,fox · news · fox news · saada · presidendi,pilot-refit:sentence5:bge:leaf-local-6-2:7:ea8c7bf4489f:-1,Unassigned,62.200000000000045,7
2314163816,pilot-refit:original:bge:leaf-local-6-2:7:45939440211b:21,fox · news · fox news · saada · presidendi,pilot-refit:sentence5:bge:leaf-local-6-2:7:ea8c7bf4489f:29,fox · news · fox news · presidendi · uudiste,1068.12,7
2387966373,pilot-refit:original:bge:leaf-local-6-2:7:45939440211b:10,hind · hinda · elektri · hinna · börs,pilot-refit:sentence5:bge:leaf-local-6-2:7:ea8c7bf4489f:4,hind · hinda · elektri · hinna · börs,3759.047,7
2393585466,pilot-refit:original:bge:leaf-local-6-2:7:45939440211b:14,matemaatika · ratas · raili · suurepärane · sõidab,pilot-refit:sentence5:bge:leaf-local-6-2:7:ea8c7bf4489f:-1,Unassigned,957.8370000000008,7
2393585466,pilot-refit:original:bge:leaf-local-6-2:7:45939440211b:14,matemaatika · ratas · raili · suurepärane · sõidab,pilot-refit:sentence5:bge:leaf-local-6-2:7:ea8c7bf4489f:17,matemaatika · matemaatikat · koolis · raili · mõtlemise,1716.3599999999994,7
2393585466,pilot-refit:original:bge:leaf-local-6-2:7:45939440211b:14,matemaatika · ratas · raili · suurepärane · sõidab,pilot-refit:sentence5:bge:leaf-local-6-2:7:ea8c7bf4489f:24,ratas · sõidab · rattaga · sõidab sõidab · raili,1297.1999999999998,7
2394248499,pilot-refit:original:bge:leaf-local-6-2:7:45939440211b:2,info · infot · patsient · arst · patsiendi,pilot-refit:sentence5:bge:leaf-local-6-2:7:ea8c7bf4489f:-1,Unassigned,1003.7599999999998,7
2394248499,pilot-refit:original:bge:leaf-local-6-2:7:45939440211b:2,info · infot · patsient · arst · patsiendi,pilot-refit:sentence5:bge:leaf-local-6-2:7:ea8c7bf4489f:16,tehisharu · teekonna · seesama · patsient · kollase,1663.44,7
2394248499,pilot-refit:original:bge:leaf-local-6-2:7:45939440211b:2,info · infot · patsient · arst · patsiendi,pilot-refit:sentence5:bge:leaf-local-6-2:7:ea8c7bf4489f:2,info · arst · patsient · arsti · infot,3199.84,7
2395857123,pilot-refit:original:bge:leaf-local-6-2:7:45939440211b:7,eestis · tõesti · eestisse · eesti · eestlane,pilot-refit:sentence5:bge:leaf-local-6-2:7:ea8c7bf4489f:-1,Unassigned,523.7090000000002,7
2395857123,pilot-refit:original:bge:leaf-local-6-2:7:45939440211b:7,eestis · tõesti · eestisse · eesti · eestlane,pilot-refit:sentence5:bge:leaf-local-6-2:7:ea8c7bf4489f:13,sõbrad · türgis · eestlane · eestisse · eesti,2534.4800000000014,7
2395857123,pilot-refit:original:bge:leaf-local-6-2:7:45939440211b:7,eestis · tõesti · eestisse · eesti · eestlane,pilot-refit:sentence5:bge:leaf-local-6-2:7:ea8c7bf4489f:23,ühiskonna · öelda · identiteediks · ristu · kaks maailma,846.639999999999,7
2395857123,pilot-refit:original:bge:leaf-local-6-2:7:45939440211b:7,eestis · tõesti · eestisse · eesti · eestlane,pilot-refit:sentence5:bge:leaf-local-6-2:7:ea8c7bf4489f:31,ukraina · irina · ukrainlased · kolisin · ukraina keskus,920.5599999999996,7
2395991463,pilot-refit:original:bge:leaf-local-6-2:7:45939440211b:0,naine · mees · naised · sul · ema,pilot-refit:sentence5:bge:leaf-local-6-2:7:ea8c7bf4489f:-1,Unassigned,1418.7200000000003,7
2395991463,pilot-refit:original:bge:leaf-local-6-2:7:45939440211b:0,naine · mees · naised · sul · ema,pilot-refit:sentence5:bge:leaf-local-6-2:7:ea8c7bf4489f:19,ameerika · usa · nato · euroopa · ühendriikide,65.35999999999967,7
2395991463,pilot-refit:original:bge:leaf-local-6-2:7:45939440211b:0,naine · mees · naised · sul · ema,pilot-refit:sentence5:bge:leaf-local-6-2:7:ea8c7bf4489f:27,naine · naisi · mees · mehi · avalikus sektoris,981.0800000000011,7
2395991463,pilot-refit:original:bge:leaf-local-6-2:7:45939440211b:0,naine · mees · naised · sul · ema,pilot-refit:sentence5:bge:leaf-local-6-2:7:ea8c7bf4489f:3,õpetaja · hoitud · alusharidus · õpetajate · alushariduse,100.63999999999942,7
2395991463,pilot-refit:original:bge:leaf-local-6-2:7:45939440211b:0,naine · mees · naised · sul · ema,pilot-refit:sentence5:bge:leaf-local-6-2:7:ea8c7bf4489f:7,ema · isa · lastega · laste · kodus,2853.4919999999997,7
2395991463,pilot-refit:original:bge:leaf-local-6-2:7:45939440211b:8,õpetaja · alusharidus · õpetajate · alushariduse · riigikogu,pilot-refit:sentence5:bge:leaf-local-6-2:7:ea8c7bf4489f:-1,Unassigned,88.24000000000001,7
2395991463,pilot-refit:original:bge:leaf-local-6-2:7:45939440211b:8,õpetaja · alusharidus · õpetajate · alushariduse · riigikogu,pilot-refit:sentence5:bge:leaf-local-6-2:7:ea8c7bf4489f:7,ema · isa · lastega · laste · kodus,6.199999999999818,7
2396670927,pilot-refit:original:bge:leaf-local-6-2:7:45939440211b:-1,Unassigned,pilot-refit:sentence5:bge:leaf-local-6-2:7:ea8c7bf4489f:-1,Unassigned,161.03999999999996,7
2396670927,pilot-refit:original:bge:leaf-local-6-2:7:45939440211b:-1,Unassigned,pilot-refit:sentence5:bge:leaf-local-6-2:7:ea8c7bf4489f:32,tahame · kagu · põlva · põlvas · taha,94.40000000000009,7
2396670927,pilot-refit:original:bge:leaf-local-6-2:7:45939440211b:-1,Unassigned,pilot-refit:sentence5:bge:leaf-local-6-2:7:ea8c7bf4489f:35,leidub · kohalikke · omavalitsusi · ivo · rühmad,234.60000000000036,7
2396670927,pilot-refit:original:bge:leaf-local-6-2:7:45939440211b:-1,Unassigned,pilot-refit:sentence5:bge:leaf-local-6-2:7:ea8c7bf4489f:5,paide · tehas · omavalitsus · tuleks · rae,67.11999999999989,7
2396670927,pilot-refit:original:bge:leaf-local-6-2:7:45939440211b:6,käibemaksu · korteri · kinnisvara · maja · kodu,pilot-refit:sentence5:bge:leaf-local-6-2:7:ea8c7bf4489f:-1,Unassigned,1518.3410000000001,7
2396670927,pilot-refit:original:bge:leaf-local-6-2:7:45939440211b:6,käibemaksu · korteri · kinnisvara · maja · kodu,pilot-refit:sentence5:bge:leaf-local-6-2:7:ea8c7bf4489f:20,kodu · omada · kinnisvara · korterit · üürida,1710.039999999999,7
2396670927,pilot-refit:original:bge:leaf-local-6-2:7:45939440211b:6,käibemaksu · korteri · kinnisvara · maja · kodu,pilot-refit:sentence5:bge:leaf-local-6-2:7:ea8c7bf4489f:30,imavere · üürnik · üürimaja · kõrvalkulud · kohtupraktika,934.1200000000003,7
2396670927,pilot-refit:original:bge:leaf-local-6-2:7:45939440211b:6,käibemaksu · korteri · kinnisvara · maja · kodu,pilot-refit:sentence5:bge:leaf-local-6-2:7:ea8c7bf4489f:35,leidub · kohalikke · omavalitsusi · ivo · rühmad,455.99999999999966,7
2396670927,pilot-refit:original:bge:leaf-local-6-2:7:45939440211b:6,käibemaksu · korteri · kinnisvara · maja · kodu,pilot-refit:sentence5:bge:leaf-local-6-2:7:ea8c7bf4489f:5,paide · tehas · omavalitsus · tuleks · rae,2.8400000000001455,7
2396692746,pilot-refit:original:bge:leaf-local-6-2:7:45939440211b:-1,Unassigned,pilot-refit:sentence5:bge:leaf-local-6-2:7:ea8c7bf4489f:-1,Unassigned,199.0,7
2396692746,pilot-refit:original:bge:leaf-local-6-2:7:45939440211b:-1,Unassigned,pilot-refit:sentence5:bge:leaf-local-6-2:7:ea8c7bf4489f:33,riik · kokkulepe · haigla · justkui · ametnik,62.119999999999436,7
2396692746,pilot-refit:original:bge:leaf-local-6-2:7:45939440211b:-1,Unassigned,pilot-refit:sentence5:bge:leaf-local-6-2:7:ea8c7bf4489f:5,paide · tehas · omavalitsus · tuleks · rae,260.6000000000006,7
2396692746,pilot-refit:original:bge:leaf-local-6-2:7:45939440211b:15,mõttes · taha · riik · tahame · põlva,pilot-refit:sentence5:bge:leaf-local-6-2:7:ea8c7bf4489f:-1,Unassigned,762.3200000000006,7
2396692746,pilot-refit:original:bge:leaf-local-6-2:7:45939440211b:15,mõttes · taha · riik · tahame · põlva,pilot-refit:sentence5:bge:leaf-local-6-2:7:ea8c7bf4489f:32,tahame · kagu · põlva · põlvas · taha,1054.5170000000003,7
2396692746,pilot-refit:original:bge:leaf-local-6-2:7:45939440211b:15,mõttes · taha · riik · tahame · põlva,pilot-refit:sentence5:bge:leaf-local-6-2:7:ea8c7bf4489f:33,riik · kokkulepe · haigla · justkui · ametnik,1010.9200000000001,7
2396692746,pilot-refit:original:bge:leaf-local-6-2:7:45939440211b:15,mõttes · taha · riik · tahame · põlva,pilot-refit:sentence5:bge:leaf-local-6-2:7:ea8c7bf4489f:35,leidub · kohalikke · omavalitsusi · ivo · rühmad,168.4000000000001,7
2396692746,pilot-refit:original:bge:leaf-local-6-2:7:45939440211b:15,mõttes · taha · riik · tahame · põlva,pilot-refit:sentence5:bge:leaf-local-6-2:7:ea8c7bf4489f:5,paide · tehas · omavalitsus · tuleks · rae,688.9199999999996,7
2396692746,pilot-refit:original:bge:leaf-local-6-2:7:45939440211b:18,justkui · kokkulepe · tuleks · paide · omavalitsus,pilot-refit:sentence5:bge:leaf-local-6-2:7:ea8c7bf4489f:-1,Unassigned,419.71999999999997,7
2396692746,pilot-refit:original:bge:leaf-local-6-2:7:45939440211b:18,justkui · kokkulepe · tuleks · paide · omavalitsus,pilot-refit:sentence5:bge:leaf-local-6-2:7:ea8c7bf4489f:33,riik · kokkulepe · haigla · justkui · ametnik,357.12,7
2396692746,pilot-refit:original:bge:leaf-local-6-2:7:45939440211b:18,justkui · kokkulepe · tuleks · paide · omavalitsus,pilot-refit:sentence5:bge:leaf-local-6-2:7:ea8c7bf4489f:35,leidub · kohalikke · omavalitsusi · ivo · rühmad,3.9600000000000364,7
2396692746,pilot-refit:original:bge:leaf-local-6-2:7:45939440211b:18,justkui · kokkulepe · tuleks · paide · omavalitsus,pilot-refit:sentence5:bge:leaf-local-6-2:7:ea8c7bf4489f:5,paide · tehas · omavalitsus · tuleks · rae,1175.2399999999996,7
2397177243,pilot-refit:original:bge:leaf-local-6-2:7:45939440211b:-1,Unassigned,pilot-refit:sentence5:bge:leaf-local-6-2:7:ea8c7bf4489f:-1,Unassigned,264.0799999999999,7
2397177243,pilot-refit:original:bge:leaf-local-6-2:7:45939440211b:-1,Unassigned,pilot-refit:sentence5:bge:leaf-local-6-2:7:ea8c7bf4489f:18,mihkel · vaimse tervise · tervise · vaimse · muuseumi,5.199999999999818,7
2397177243,pilot-refit:original:bge:leaf-local-6-2:7:45939440211b:1,üksilduse · üksildus · üksildust · inimene · üksildasena,pilot-refit:sentence5:bge:leaf-local-6-2:7:ea8c7bf4489f:-1,Unassigned,383.04000000000065,7
2397177243,pilot-refit:original:bge:leaf-local-6-2:7:45939440211b:1,üksilduse · üksildus · üksildust · inimene · üksildasena,pilot-refit:sentence5:bge:leaf-local-6-2:7:ea8c7bf4489f:18,mihkel · vaimse tervise · tervise · vaimse · muuseumi,75.99999999999989,7
2397177243,pilot-refit:original:bge:leaf-local-6-2:7:45939440211b:1,üksilduse · üksildus · üksildust · inimene · üksildasena,pilot-refit:sentence5:bge:leaf-local-6-2:7:ea8c7bf4489f:22,kultuuriretsept · vaimse · ülla · kultuuri · kumu,7.480000000000018,7
2397177243,pilot-refit:original:bge:leaf-local-6-2:7:45939440211b:11,tervise · vaimse · võiks · kultuuriretsept · mihkel,pilot-refit:sentence5:bge:leaf-local-6-2:7:ea8c7bf4489f:-1,Unassigned,1077.9199999999996,7
2397177243,pilot-refit:original:bge:leaf-local-6-2:7:45939440211b:11,tervise · vaimse · võiks · kultuuriretsept · mihkel,pilot-refit:sentence5:bge:leaf-local-6-2:7:ea8c7bf4489f:18,mihkel · vaimse tervise · tervise · vaimse · muuseumi,1750.6799999999998,7
2397177243,pilot-refit:original:bge:leaf-local-6-2:7:45939440211b:11,tervise · vaimse · võiks · kultuuriretsept · mihkel,pilot-refit:sentence5:bge:leaf-local-6-2:7:ea8c7bf4489f:22,kultuuriretsept · vaimse · ülla · kultuuri · kumu,1545.3890000000006,7
2397177243,pilot-refit:original:bge:leaf-local-6-2:7:45939440211b:11,tervise · vaimse · võiks · kultuuriretsept · mihkel,pilot-refit:sentence5:bge:leaf-local-6-2:7:ea8c7bf4489f:3,õpetaja · hoitud · alusharidus · õpetajate · alushariduse,88.11999999999989,7
2397177249,pilot-refit:original:bge:leaf-local-6-2:7:45939440211b:-1,Unassigned,pilot-refit:sentence5:bge:leaf-local-6-2:7:ea8c7bf4489f:-1,Unassigned,560.012000000001,7
2397177249,pilot-refit:original:bge:leaf-local-6-2:7:45939440211b:-1,Unassigned,pilot-refit:sentence5:bge:leaf-local-6-2:7:ea8c7bf4489f:25,ettevõtet · edust · ettevõtte · tahad · õppida,264.52000000000055,7
2397177249,pilot-refit:original:bge:leaf-local-6-2:7:45939440211b:-1,Unassigned,pilot-refit:sentence5:bge:leaf-local-6-2:7:ea8c7bf4489f:26,maksab · maksu · praegusel hetkel · eurot · praegusel,128.60000000000036,7
2397177249,pilot-refit:original:bge:leaf-local-6-2:7:45939440211b:-1,Unassigned,pilot-refit:sentence5:bge:leaf-local-6-2:7:ea8c7bf4489f:34,tehnoloogia · linnar · ambitsioon · ai · eesti ai,6.479999999999563,7
2397177249,pilot-refit:original:bge:leaf-local-6-2:7:45939440211b:-1,Unassigned,pilot-refit:sentence5:bge:leaf-local-6-2:7:ea8c7bf4489f:36,ai · ai abil · vibode · kiiresti · abil,238.03999999999996,7
2397177249,pilot-refit:original:bge:leaf-local-6-2:7:45939440211b:13,ai · probleemi · assistent · assistendi · google,pilot-refit:sentence5:bge:leaf-local-6-2:7:ea8c7bf4489f:26,maksab · maksu · praegusel hetkel · eurot · praegusel,3.599999999999909,7
2397177249,pilot-refit:original:bge:leaf-local-6-2:7:45939440211b:13,ai · probleemi · assistent · assistendi · google,pilot-refit:sentence5:bge:leaf-local-6-2:7:ea8c7bf4489f:34,tehnoloogia · linnar · ambitsioon · ai · eesti ai,124.07999999999993,7
2397177249,pilot-refit:original:bge:leaf-local-6-2:7:45939440211b:13,ai · probleemi · assistent · assistendi · google,pilot-refit:sentence5:bge:leaf-local-6-2:7:ea8c7bf4489f:36,ai · ai abil · vibode · kiiresti · abil,91.59999999999997,7
2397177249,pilot-refit:original:bge:leaf-local-6-2:7:45939440211b:20,ai · ettevõtte · kasutada · praegu hetkel · ettevõtted,pilot-refit:sentence5:bge:leaf-local-6-2:7:ea8c7bf4489f:-1,Unassigned,634.6000000000001,7
2397177249,pilot-refit:original:bge:leaf-local-6-2:7:45939440211b:20,ai · ettevõtte · kasutada · praegu hetkel · ettevõtted,pilot-refit:sentence5:bge:leaf-local-6-2:7:ea8c7bf4489f:25,ettevõtet · edust · ettevõtte · tahad · õppida,792.7999999999997,7
2397177249,pilot-refit:original:bge:leaf-local-6-2:7:45939440211b:20,ai · ettevõtte · kasutada · praegu hetkel · ettevõtted,pilot-refit:sentence5:bge:leaf-local-6-2:7:ea8c7bf4489f:26,maksab · maksu · praegusel hetkel · eurot · praegusel,929.7199999999998,7
2397177249,pilot-refit:original:bge:leaf-local-6-2:7:45939440211b:20,ai · ettevõtte · kasutada · praegu hetkel · ettevõtted,pilot-refit:sentence5:bge:leaf-local-6-2:7:ea8c7bf4489f:34,tehnoloogia · linnar · ambitsioon · ai · eesti ai,238.03999999999996,7
2397177249,pilot-refit:original:bge:leaf-local-6-2:7:45939440211b:20,ai · ettevõtte · kasutada · praegu hetkel · ettevõtted,pilot-refit:sentence5:bge:leaf-local-6-2:7:ea8c7bf4489f:36,ai · ai abil · vibode · kiiresti · abil,261.9599999999996,7
2397177249,pilot-refit:original:bge:leaf-local-6-2:7:45939440211b:20,ai · ettevõtte · kasutada · praegu hetkel · ettevõtted,pilot-refit:sentence5:bge:leaf-local-6-2:7:ea8c7bf4489f:7,ema · isa · lastega · laste · kodus,45.80000000000018,7
2397177249,pilot-refit:original:bge:leaf-local-6-2:7:45939440211b:22,ai · einar · linnar · ai abil · eesti ai,pilot-refit:sentence5:bge:leaf-local-6-2:7:ea8c7bf4489f:-1,Unassigned,349.5999999999998,7
2397177249,pilot-refit:original:bge:leaf-local-6-2:7:45939440211b:22,ai · einar · linnar · ai abil · eesti ai,pilot-refit:sentence5:bge:leaf-local-6-2:7:ea8c7bf4489f:25,ettevõtet · edust · ettevõtte · tahad · õppida,251.83999999999935,7
2397177249,pilot-refit:original:bge:leaf-local-6-2:7:45939440211b:22,ai · einar · linnar · ai abil · eesti ai,pilot-refit:sentence5:bge:leaf-local-6-2:7:ea8c7bf4489f:34,tehnoloogia · linnar · ambitsioon · ai · eesti ai,360.64000000000067,7
2397177249,pilot-refit:original:bge:leaf-local-6-2:7:45939440211b:22,ai · einar · linnar · ai abil · eesti ai,pilot-refit:sentence5:bge:leaf-local-6-2:7:ea8c7bf4489f:36,ai · ai abil · vibode · kiiresti · abil,393.72,7
2397264585,pilot-refit:original:bge:leaf-local-6-2:7:45939440211b:-1,Unassigned,pilot-refit:sentence5:bge:leaf-local-6-2:7:ea8c7bf4489f:-1,Unassigned,2.0799999999999272,7
2397264585,pilot-refit:original:bge:leaf-local-6-2:7:45939440211b:-1,Unassigned,pilot-refit:sentence5:bge:leaf-local-6-2:7:ea8c7bf4489f:10,parim enne · parim · kõlblik · kõlblik kuni · kuupäeva,104.19999999999982,7
2397264585,pilot-refit:original:bge:leaf-local-6-2:7:45939440211b:-1,Unassigned,pilot-refit:sentence5:bge:leaf-local-6-2:7:ea8c7bf4489f:6,ai · assistendi · assistent · google · teksti,92.31999999999971,7
2397264585,pilot-refit:original:bge:leaf-local-6-2:7:45939440211b:17,toitu · toidu · toit · kodudes · katrin,pilot-refit:sentence5:bge:leaf-local-6-2:7:ea8c7bf4489f:10,parim enne · parim · kõlblik · kõlblik kuni · kuupäeva,399.3199999999997,7
2397264585,pilot-refit:original:bge:leaf-local-6-2:7:45939440211b:17,toitu · toidu · toit · kodudes · katrin,pilot-refit:sentence5:bge:leaf-local-6-2:7:ea8c7bf4489f:8,toitu · toidu · toit · katrin · jõuaks,3004.324000000001,7
2397264585,pilot-refit:original:bge:leaf-local-6-2:7:45939440211b:19,parim enne · parim · kõlblik · kõlblik kuni · kuupäeva,pilot-refit:sentence5:bge:leaf-local-6-2:7:ea8c7bf4489f:-1,Unassigned,63.44000000000051,7
2397264585,pilot-refit:original:bge:leaf-local-6-2:7:45939440211b:19,parim enne · parim · kõlblik · kõlblik kuni · kuupäeva,pilot-refit:sentence5:bge:leaf-local-6-2:7:ea8c7bf4489f:10,parim enne · parim · kõlblik · kõlblik kuni · kuupäeva,1331.9199999999994,7
2397264585,pilot-refit:original:bge:leaf-local-6-2:7:45939440211b:19,parim enne · parim · kõlblik · kõlblik kuni · kuupäeva,pilot-refit:sentence5:bge:leaf-local-6-2:7:ea8c7bf4489f:8,toitu · toidu · toit · katrin · jõuaks,8.200000000000045,7
2400164916,pilot-refit:original:bge:leaf-local-6-2:7:45939440211b:-1,Unassigned,pilot-refit:sentence5:bge:leaf-local-6-2:7:ea8c7bf4489f:-1,Unassigned,97.44000000000005,7
2400164916,pilot-refit:original:bge:leaf-local-6-2:7:45939440211b:0,naine · mees · naised · sul · ema,pilot-refit:sentence5:bge:leaf-local-6-2:7:ea8c7bf4489f:3,õpetaja · hoitud · alusharidus · õpetajate · alushariduse,235.64,7
2400164916,pilot-refit:original:bge:leaf-local-6-2:7:45939440211b:8,õpetaja · alusharidus · õpetajate · alushariduse · riigikogu,pilot-refit:sentence5:bge:leaf-local-6-2:7:ea8c7bf4489f:-1,Unassigned,68.16,7
2400164916,pilot-refit:original:bge:leaf-local-6-2:7:45939440211b:8,õpetaja · alusharidus · õpetajate · alushariduse · riigikogu,pilot-refit:sentence5:bge:leaf-local-6-2:7:ea8c7bf4489f:3,õpetaja · hoitud · alusharidus · õpetajate · alushariduse,3197.314,7
2400184983,pilot-refit:original:bge:leaf-local-6-2:7:45939440211b:-1,Unassigned,pilot-refit:sentence5:bge:leaf-local-6-2:7:ea8c7bf4489f:-1,Unassigned,517.0250000000001,7
2400184983,pilot-refit:original:bge:leaf-local-6-2:7:45939440211b:-1,Unassigned,pilot-refit:sentence5:bge:leaf-local-6-2:7:ea8c7bf4489f:2,info · arst · patsient · arsti · infot,65.03999999999996,7
2400184983,pilot-refit:original:bge:leaf-local-6-2:7:45939440211b:-1,Unassigned,pilot-refit:sentence5:bge:leaf-local-6-2:7:ea8c7bf4489f:6,ai · assistendi · assistent · google · teksti,378.3599999999998,7
2400184983,pilot-refit:original:bge:leaf-local-6-2:7:45939440211b:13,ai · probleemi · assistent · assistendi · google,pilot-refit:sentence5:bge:leaf-local-6-2:7:ea8c7bf4489f:-1,Unassigned,176.32,7
2400184983,pilot-refit:original:bge:leaf-local-6-2:7:45939440211b:13,ai · probleemi · assistent · assistendi · google,pilot-refit:sentence5:bge:leaf-local-6-2:7:ea8c7bf4489f:10,parim enne · parim · kõlblik · kõlblik kuni · kuupäeva,74.23999999999978,7
2400184983,pilot-refit:original:bge:leaf-local-6-2:7:45939440211b:13,ai · probleemi · assistent · assistendi · google,pilot-refit:sentence5:bge:leaf-local-6-2:7:ea8c7bf4489f:2,info · arst · patsient · arsti · infot,6.960000000000036,7
2400184983,pilot-refit:original:bge:leaf-local-6-2:7:45939440211b:13,ai · probleemi · assistent · assistendi · google,pilot-refit:sentence5:bge:leaf-local-6-2:7:ea8c7bf4489f:34,tehnoloogia · linnar · ambitsioon · ai · eesti ai,69.80000000000001,7
2400184983,pilot-refit:original:bge:leaf-local-6-2:7:45939440211b:13,ai · probleemi · assistent · assistendi · google,pilot-refit:sentence5:bge:leaf-local-6-2:7:ea8c7bf4489f:6,ai · assistendi · assistent · google · teksti,2372.96,7
2400207765,pilot-refit:original:bge:leaf-local-6-2:7:45939440211b:-1,Unassigned,pilot-refit:sentence5:bge:leaf-local-6-2:7:ea8c7bf4489f:-1,Unassigned,130.39999999999964,7
2400207765,pilot-refit:original:bge:leaf-local-6-2:7:45939440211b:0,naine · mees · naised · sul · ema,pilot-refit:sentence5:bge:leaf-local-6-2:7:ea8c7bf4489f:-1,Unassigned,555.8400000000001,7
2400207765,pilot-refit:original:bge:leaf-local-6-2:7:45939440211b:1,üksilduse · üksildus · üksildust · inimene · üksildasena,pilot-refit:sentence5:bge:leaf-local-6-2:7:ea8c7bf4489f:-1,Unassigned,2315.7199999999993,7
2400207765,pilot-refit:original:bge:leaf-local-6-2:7:45939440211b:1,üksilduse · üksildus · üksildust · inimene · üksildasena,pilot-refit:sentence5:bge:leaf-local-6-2:7:ea8c7bf4489f:21,üksildus · üksilduse · pingid · tunne · üksildust,1601.6400000000008,7
2400207765,pilot-refit:original:bge:leaf-local-6-2:7:45939440211b:1,üksilduse · üksildus · üksildust · inimene · üksildasena,pilot-refit:sentence5:bge:leaf-local-6-2:7:ea8c7bf4489f:37,üksilduse · anna kaisa · apotheka · rohi · kaisa,876.1719999999999,7
2247188693,pilot-refit:original:bge:leaf-local-6-2:19:45939440211b:5,töökius · töötaja · juht · tööandja · töö,pilot-refit:sentence5:bge:leaf-local-6-2:19:ea8c7bf4489f:-1,Unassigned,1785.5700000000002,19
2247188693,pilot-refit:original:bge:leaf-local-6-2:19:45939440211b:5,töökius · töötaja · juht · tööandja · töö,pilot-refit:sentence5:bge:leaf-local-6-2:19:ea8c7bf4489f:0,õpetaja · hoitud · õpetajate · alusharidus · alushariduse,66.0,19
2247188693,pilot-refit:original:bge:leaf-local-6-2:19:45939440211b:5,töökius · töötaja · juht · tööandja · töö,pilot-refit:sentence5:bge:leaf-local-6-2:19:ea8c7bf4489f:16,tööandja · töökius · töötaja · töö · juhtumit,1977.0799999999995,19
2247188693,pilot-refit:original:bge:leaf-local-6-2:19:45939440211b:5,töökius · töötaja · juht · tööandja · töö,pilot-refit:sentence5:bge:leaf-local-6-2:19:ea8c7bf4489f:30,kaebusi · pöörduda · töötaja · kaebus · juht,1526.8,19
2250797867,pilot-refit:original:bge:leaf-local-6-2:19:45939440211b:4,julgeoleku · kaitse · võimalik · majandus · keskkonna,pilot-refit:sentence5:bge:leaf-local-6-2:19:ea8c7bf4489f:-1,Unassigned,822.3599999999994,19
2250797867,pilot-refit:original:bge:leaf-local-6-2:19:45939440211b:4,julgeoleku · kaitse · võimalik · majandus · keskkonna,pilot-refit:sentence5:bge:leaf-local-6-2:19:ea8c7bf4489f:17,praegu hetkel · ai · maksab · kasutada · maksu,109.59999999999991,19
2250797867,pilot-refit:original:bge:leaf-local-6-2:19:45939440211b:4,julgeoleku · kaitse · võimalik · majandus · keskkonna,pilot-refit:sentence5:bge:leaf-local-6-2:19:ea8c7bf4489f:29,ühiskonna · kaks maailma · ristu · identiteediks · öelda,48.19999999999982,19
2250797867,pilot-refit:original:bge:leaf-local-6-2:19:45939440211b:4,julgeoleku · kaitse · võimalik · majandus · keskkonna,pilot-refit:sentence5:bge:leaf-local-6-2:19:ea8c7bf4489f:32,võimalik · ettevõte · roheline · toota · moona,1217.32,19
2250797867,pilot-refit:original:bge:leaf-local-6-2:19:45939440211b:4,julgeoleku · kaitse · võimalik · majandus · keskkonna,pilot-refit:sentence5:bge:leaf-local-6-2:19:ea8c7bf4489f:39,rail · baltica · rail baltica · balticu · riigi roll,872.525000000001,19
2250797867,pilot-refit:original:bge:leaf-local-6-2:19:45939440211b:4,julgeoleku · kaitse · võimalik · majandus · keskkonna,pilot-refit:sentence5:bge:leaf-local-6-2:19:ea8c7bf4489f:9,julgeoleku · kaitse · sõda · nato · julgeolek,2203.6,19
2271676346,pilot-refit:original:bge:leaf-local-6-2:19:45939440211b:3,ajateenistuse · ajateenistus · kaitseväe · väljaõpe · vaja,pilot-refit:sentence5:bge:leaf-local-6-2:19:ea8c7bf4489f:-1,Unassigned,2541.504000000001,19
2271676346,pilot-refit:original:bge:leaf-local-6-2:19:45939440211b:3,ajateenistuse · ajateenistus · kaitseväe · väljaõpe · vaja,pilot-refit:sentence5:bge:leaf-local-6-2:19:ea8c7bf4489f:0,õpetaja · hoitud · õpetajate · alusharidus · alushariduse,380.0,19
2271676346,pilot-refit:original:bge:leaf-local-6-2:19:45939440211b:3,ajateenistuse · ajateenistus · kaitseväe · väljaõpe · vaja,pilot-refit:sentence5:bge:leaf-local-6-2:19:ea8c7bf4489f:23,ajateenistuse · väljaõpe · teenistusse · ajateenistus · kuuks,1558.3199999999997,19
2271676346,pilot-refit:original:bge:leaf-local-6-2:19:45939440211b:3,ajateenistuse · ajateenistus · kaitseväe · väljaõpe · vaja,pilot-refit:sentence5:bge:leaf-local-6-2:19:ea8c7bf4489f:40,ajateenistuses · tegevteenistusse · kaitseväe · ajateenija · ajateenistus,943.1599999999991,19
2271676346,pilot-refit:original:bge:leaf-local-6-2:19:45939440211b:3,ajateenistuse · ajateenistus · kaitseväe · väljaõpe · vaja,pilot-refit:sentence5:bge:leaf-local-6-2:19:ea8c7bf4489f:9,julgeoleku · kaitse · sõda · nato · julgeolek,138.56000000000006,19
2314163813,pilot-refit:original:bge:leaf-local-6-2:19:45939440211b:-1,Unassigned,pilot-refit:sentence5:bge:leaf-local-6-2:19:ea8c7bf4489f:14,palestiina · hukka · iisrael · toimus · seitsmendal,420.31999999999994,19
2314163813,pilot-refit:original:bge:leaf-local-6-2:19:45939440211b:-1,Unassigned,pilot-refit:sentence5:bge:leaf-local-6-2:19:ea8c7bf4489f:37,üro · jaak · kõrgele · jõerüüt · rahvad,0.31999999999993634,19
2314163813,pilot-refit:original:bge:leaf-local-6-2:19:45939440211b:-1,Unassigned,pilot-refit:sentence5:bge:leaf-local-6-2:19:ea8c7bf4489f:8,üro · julgeolekunõukogu · riigid · rahvusvahelise · tiina,96.32,19
2314163813,pilot-refit:original:bge:leaf-local-6-2:19:45939440211b:14,üro · julgeolekunõukogu · riigid · rahvusvaheline · rahvusvahelise,pilot-refit:sentence5:bge:leaf-local-6-2:19:ea8c7bf4489f:-1,Unassigned,638.12,19
2314163813,pilot-refit:original:bge:leaf-local-6-2:19:45939440211b:14,üro · julgeolekunõukogu · riigid · rahvusvaheline · rahvusvahelise,pilot-refit:sentence5:bge:leaf-local-6-2:19:ea8c7bf4489f:14,palestiina · hukka · iisrael · toimus · seitsmendal,9.920000000000073,19
2314163813,pilot-refit:original:bge:leaf-local-6-2:19:45939440211b:14,üro · julgeolekunõukogu · riigid · rahvusvaheline · rahvusvahelise,pilot-refit:sentence5:bge:leaf-local-6-2:19:ea8c7bf4489f:37,üro · jaak · kõrgele · jõerüüt · rahvad,1268.2,19
2314163813,pilot-refit:original:bge:leaf-local-6-2:19:45939440211b:14,üro · julgeolekunõukogu · riigid · rahvusvaheline · rahvusvahelise,pilot-refit:sentence5:bge:leaf-local-6-2:19:ea8c7bf4489f:8,üro · julgeolekunõukogu · riigid · rahvusvahelise · tiina,1325.6400000000006,19
2314163813,pilot-refit:original:bge:leaf-local-6-2:19:45939440211b:19,üro · iraan · riigid · vabadus · inimõiguste,pilot-refit:sentence5:bge:leaf-local-6-2:19:ea8c7bf4489f:14,palestiina · hukka · iisrael · toimus · seitsmendal,346.48,19
2314163813,pilot-refit:original:bge:leaf-local-6-2:19:45939440211b:19,üro · iraan · riigid · vabadus · inimõiguste,pilot-refit:sentence5:bge:leaf-local-6-2:19:ea8c7bf4489f:8,üro · julgeolekunõukogu · riigid · rahvusvahelise · tiina,572.6599999999999,19
2314163813,pilot-refit:original:bge:leaf-local-6-2:19:45939440211b:20,palestiina · hukka · kurjust · mõistma · riigi,pilot-refit:sentence5:bge:leaf-local-6-2:19:ea8c7bf4489f:-1,Unassigned,60.59999999999991,19
2314163813,pilot-refit:original:bge:leaf-local-6-2:19:45939440211b:20,palestiina · hukka · kurjust · mõistma · riigi,pilot-refit:sentence5:bge:leaf-local-6-2:19:ea8c7bf4489f:14,palestiina · hukka · iisrael · toimus · seitsmendal,1173.7999999999997,19
2314163813,pilot-refit:original:bge:leaf-local-6-2:19:45939440211b:20,palestiina · hukka · kurjust · mõistma · riigi,pilot-refit:sentence5:bge:leaf-local-6-2:19:ea8c7bf4489f:8,üro · julgeolekunõukogu · riigid · rahvusvahelise · tiina,4.400000000000091,19
2314163816,pilot-refit:original:bge:leaf-local-6-2:19:45939440211b:-1,Unassigned,pilot-refit:sentence5:bge:leaf-local-6-2:19:ea8c7bf4489f:22,ameerika · usa · hiina · nato · ühendriikide,259.44000000000005,19
2314163816,pilot-refit:original:bge:leaf-local-6-2:19:45939440211b:13,ameerika · donald · trump · usa · trumpi,pilot-refit:sentence5:bge:leaf-local-6-2:19:ea8c7bf4489f:-1,Unassigned,394.88700000000017,19
2314163816,pilot-refit:original:bge:leaf-local-6-2:19:45939440211b:13,ameerika · donald · trump · usa · trumpi,pilot-refit:sentence5:bge:leaf-local-6-2:19:ea8c7bf4489f:12,naine · mehi · mees · naised · naisi,51.23999999999978,19
2314163816,pilot-refit:original:bge:leaf-local-6-2:19:45939440211b:13,ameerika · donald · trump · usa · trumpi,pilot-refit:sentence5:bge:leaf-local-6-2:19:ea8c7bf4489f:19,fox · news · fox news · ameerika · presidendi,787.6799999999994,19
2314163816,pilot-refit:original:bge:leaf-local-6-2:19:45939440211b:13,ameerika · donald · trump · usa · trumpi,pilot-refit:sentence5:bge:leaf-local-6-2:19:ea8c7bf4489f:22,ameerika · usa · hiina · nato · ühendriikide,1145.8000000000002,19
2314163816,pilot-refit:original:bge:leaf-local-6-2:19:45939440211b:13,ameerika · donald · trump · usa · trumpi,pilot-refit:sentence5:bge:leaf-local-6-2:19:ea8c7bf4489f:24,donald · trump · trumpi · ameerika · donald trump,1728.2800000000002,19
2314163816,pilot-refit:original:bge:leaf-local-6-2:19:45939440211b:18,fox · news · fox news · saada · presidendi,pilot-refit:sentence5:bge:leaf-local-6-2:19:ea8c7bf4489f:-1,Unassigned,55.680000000000064,19
2314163816,pilot-refit:original:bge:leaf-local-6-2:19:45939440211b:18,fox · news · fox news · saada · presidendi,pilot-refit:sentence5:bge:leaf-local-6-2:19:ea8c7bf4489f:19,fox · news · fox news · ameerika · presidendi,1068.12,19
2314163816,pilot-refit:original:bge:leaf-local-6-2:19:45939440211b:18,fox · news · fox news · saada · presidendi,pilot-refit:sentence5:bge:leaf-local-6-2:19:ea8c7bf4489f:22,ameerika · usa · hiina · nato · ühendriikide,6.519999999999982,19
2387966373,pilot-refit:original:bge:leaf-local-6-2:19:45939440211b:-1,Unassigned,pilot-refit:sentence5:bge:leaf-local-6-2:19:ea8c7bf4489f:4,hind · hinda · elektri · hinna · börs,323.44000000000005,19
2387966373,pilot-refit:original:bge:leaf-local-6-2:19:45939440211b:17,gaasi · hinda · börs · börsi · megavatti,pilot-refit:sentence5:bge:leaf-local-6-2:19:ea8c7bf4489f:4,hind · hinda · elektri · hinna · börs,1456.8869999999997,19
2387966373,pilot-refit:original:bge:leaf-local-6-2:19:45939440211b:21,hind · elektri · hinna · turg · turul,pilot-refit:sentence5:bge:leaf-local-6-2:19:ea8c7bf4489f:4,hind · hinda · elektri · hinna · börs,1978.72,19
2393585466,pilot-refit:original:bge:leaf-local-6-2:19:45939440211b:12,matemaatika · ratas · raili · suurepärane · sõidab,pilot-refit:sentence5:bge:leaf-local-6-2:19:ea8c7bf4489f:-1,Unassigned,254.47700000000054,19
2393585466,pilot-refit:original:bge:leaf-local-6-2:19:45939440211b:12,matemaatika · ratas · raili · suurepärane · sõidab,pilot-refit:sentence5:bge:leaf-local-6-2:19:ea8c7bf4489f:2,matemaatika · ratas · raili · suurepärane · sõidab,3716.9199999999996,19
2394248499,pilot-refit:original:bge:leaf-local-6-2:19:45939440211b:1,info · infot · patsient · arst · patsiendi,pilot-refit:sentence5:bge:leaf-local-6-2:19:ea8c7bf4489f:-1,Unassigned,1344.279999999999,19
2394248499,pilot-refit:original:bge:leaf-local-6-2:19:45939440211b:1,info · infot · patsient · arst · patsiendi,pilot-refit:sentence5:bge:leaf-local-6-2:19:ea8c7bf4489f:21,tehisharu · teekonna · kollase · seesama · patsient,1406.2400000000002,19
2394248499,pilot-refit:original:bge:leaf-local-6-2:19:45939440211b:1,info · infot · patsient · arst · patsiendi,pilot-refit:sentence5:bge:leaf-local-6-2:19:ea8c7bf4489f:36,info · vähist · vähiravi · pille · õigel ajal,950.24,19
2394248499,pilot-refit:original:bge:leaf-local-6-2:19:45939440211b:1,info · infot · patsient · arst · patsiendi,pilot-refit:sentence5:bge:leaf-local-6-2:19:ea8c7bf4489f:6,arst · infot · info · peamine · patsient,2166.2800000000007,19
2395857123,pilot-refit:original:bge:leaf-local-6-2:19:45939440211b:8,eestis · eestisse · tõesti · eestlane · eesti,pilot-refit:sentence5:bge:leaf-local-6-2:19:ea8c7bf4489f:-1,Unassigned,533.1889999999996,19
2395857123,pilot-refit:original:bge:leaf-local-6-2:19:45939440211b:8,eestis · eestisse · tõesti · eestlane · eesti,pilot-refit:sentence5:bge:leaf-local-6-2:19:ea8c7bf4489f:10,sõbrad · türgis · eestlane · eestisse · keelt,2534.4800000000014,19
2395857123,pilot-refit:original:bge:leaf-local-6-2:19:45939440211b:8,eestis · eestisse · tõesti · eestlane · eesti,pilot-refit:sentence5:bge:leaf-local-6-2:19:ea8c7bf4489f:2,matemaatika · ratas · raili · suurepärane · sõidab,67.04000000000008,19
2395857123,pilot-refit:original:bge:leaf-local-6-2:19:45939440211b:8,eestis · eestisse · tõesti · eestlane · eesti,pilot-refit:sentence5:bge:leaf-local-6-2:19:ea8c7bf4489f:29,ühiskonna · kaks maailma · ristu · identiteediks · öelda,770.1199999999994,19
2395857123,pilot-refit:original:bge:leaf-local-6-2:19:45939440211b:8,eestis · eestisse · tõesti · eestlane · eesti,pilot-refit:sentence5:bge:leaf-local-6-2:19:ea8c7bf4489f:33,ukraina · irina · ukrainlased · kolisin · ukraina keskus,920.5599999999996,19
2395991463,pilot-refit:original:bge:leaf-local-6-2:19:45939440211b:10,õpetaja · alusharidus · õpetajate · alushariduse · riigikogu,pilot-refit:sentence5:bge:leaf-local-6-2:19:ea8c7bf4489f:-1,Unassigned,88.24000000000001,19
2395991463,pilot-refit:original:bge:leaf-local-6-2:19:45939440211b:10,õpetaja · alusharidus · õpetajate · alushariduse · riigikogu,pilot-refit:sentence5:bge:leaf-local-6-2:19:ea8c7bf4489f:34,isa · ema · suudan · närima · venitada,6.199999999999818,19
2395991463,pilot-refit:original:bge:leaf-local-6-2:19:45939440211b:2,naine · mees · naised · ema · sul,pilot-refit:sentence5:bge:leaf-local-6-2:19:ea8c7bf4489f:-1,Unassigned,1587.4920000000004,19
2395991463,pilot-refit:original:bge:leaf-local-6-2:19:45939440211b:2,naine · mees · naised · ema · sul,pilot-refit:sentence5:bge:leaf-local-6-2:19:ea8c7bf4489f:0,õpetaja · hoitud · õpetajate · alusharidus · alushariduse,100.63999999999942,19
2395991463,pilot-refit:original:bge:leaf-local-6-2:19:45939440211b:2,naine · mees · naised · ema · sul,pilot-refit:sentence5:bge:leaf-local-6-2:19:ea8c7bf4489f:12,naine · mehi · mees · naised · naisi,1236.4000000000003,19
2395991463,pilot-refit:original:bge:leaf-local-6-2:19:45939440211b:2,naine · mees · naised · ema · sul,pilot-refit:sentence5:bge:leaf-local-6-2:19:ea8c7bf4489f:22,ameerika · usa · hiina · nato · ühendriikide,65.35999999999967,19
2395991463,pilot-refit:original:bge:leaf-local-6-2:19:45939440211b:2,naine · mees · naised · ema · sul,pilot-refit:sentence5:bge:leaf-local-6-2:19:ea8c7bf4489f:27,lastega · kolm korda · küsitakse · jüri · käest,1411.76,19
2395991463,pilot-refit:original:bge:leaf-local-6-2:19:45939440211b:2,naine · mees · naised · ema · sul,pilot-refit:sentence5:bge:leaf-local-6-2:19:ea8c7bf4489f:34,isa · ema · suudan · närima · venitada,1017.6400000000003,19
2396670927,pilot-refit:original:bge:leaf-local-6-2:19:45939440211b:0,mõttes · riik · taha · tahame · põlva,pilot-refit:sentence5:bge:leaf-local-6-2:19:ea8c7bf4489f:-1,Unassigned,328.7600000000002,19
2396670927,pilot-refit:original:bge:leaf-local-6-2:19:45939440211b:0,mõttes · riik · taha · tahame · põlva,pilot-refit:sentence5:bge:leaf-local-6-2:19:ea8c7bf4489f:35,avaliku · maal · avalikul maal · avalikul · ppp,134.0,19
2396670927,pilot-refit:original:bge:leaf-local-6-2:19:45939440211b:0,mõttes · riik · taha · tahame · põlva,pilot-refit:sentence5:bge:leaf-local-6-2:19:ea8c7bf4489f:38,kagu · riik · lasnamäe · tublisid · põlva,94.40000000000009,19
2396670927,pilot-refit:original:bge:leaf-local-6-2:19:45939440211b:6,käibemaksu · kinnisvara · korteri · maja · kodu,pilot-refit:sentence5:bge:leaf-local-6-2:19:ea8c7bf4489f:-1,Unassigned,185.36000000000058,19
2396670927,pilot-refit:original:bge:leaf-local-6-2:19:45939440211b:6,käibemaksu · kinnisvara · korteri · maja · kodu,pilot-refit:sentence5:bge:leaf-local-6-2:19:ea8c7bf4489f:13,käibemaksu · kodu · omada · üürnik · korteri,1832.9999999999995,19
2396670927,pilot-refit:original:bge:leaf-local-6-2:19:45939440211b:6,käibemaksu · kinnisvara · korteri · maja · kodu,pilot-refit:sentence5:bge:leaf-local-6-2:19:ea8c7bf4489f:18,imavere · üürimaja · järva · turuhinnad · kulud,1396.9199999999998,19
2396670927,pilot-refit:original:bge:leaf-local-6-2:19:45939440211b:6,käibemaksu · kinnisvara · korteri · maja · kodu,pilot-refit:sentence5:bge:leaf-local-6-2:19:ea8c7bf4489f:35,avaliku · maal · avalikul maal · avalikul · ppp,1076.6609999999991,19
2396670927,pilot-refit:original:bge:leaf-local-6-2:19:45939440211b:6,käibemaksu · kinnisvara · korteri · maja · kodu,pilot-refit:sentence5:bge:leaf-local-6-2:19:ea8c7bf4489f:38,kagu · riik · lasnamäe · tublisid · põlva,129.4000000000001,19
2396692746,pilot-refit:original:bge:leaf-local-6-2:19:45939440211b:0,mõttes · riik · taha · tahame · põlva,pilot-refit:sentence5:bge:leaf-local-6-2:19:ea8c7bf4489f:-1,Unassigned,1767.5169999999996,19
2396692746,pilot-refit:original:bge:leaf-local-6-2:19:45939440211b:0,mõttes · riik · taha · tahame · põlva,pilot-refit:sentence5:bge:leaf-local-6-2:19:ea8c7bf4489f:15,paide · kehtestatud · volikogu · tuhat seitseteist · kaks tuhat,1359.4800000000005,19
2396692746,pilot-refit:original:bge:leaf-local-6-2:19:45939440211b:0,mõttes · riik · taha · tahame · põlva,pilot-refit:sentence5:bge:leaf-local-6-2:19:ea8c7bf4489f:31,omavalitsus · haigla · kaheteist kuuga · tehas · kuuga,1025.9199999999994,19
2396692746,pilot-refit:original:bge:leaf-local-6-2:19:45939440211b:0,mõttes · riik · taha · tahame · põlva,pilot-refit:sentence5:bge:leaf-local-6-2:19:ea8c7bf4489f:38,kagu · riik · lasnamäe · tublisid · põlva,574.2400000000002,19
2396692746,pilot-refit:original:bge:leaf-local-6-2:19:45939440211b:0,mõttes · riik · taha · tahame · põlva,pilot-refit:sentence5:bge:leaf-local-6-2:19:ea8c7bf4489f:41,kokkulepe · justkui · seadus · kaasamise · mõttes,1435.6800000000003,19
2397177243,pilot-refit:original:bge:leaf-local-6-2:19:45939440211b:-1,Unassigned,pilot-refit:sentence5:bge:leaf-local-6-2:19:ea8c7bf4489f:-1,Unassigned,361.31999999999994,19
2397177243,pilot-refit:original:bge:leaf-local-6-2:19:45939440211b:-1,Unassigned,pilot-refit:sentence5:bge:leaf-local-6-2:19:ea8c7bf4489f:1,tervise · vaimse · kultuuriretsept · vaimse tervise · kultuuri,279.91999999999996,19
2397177243,pilot-refit:original:bge:leaf-local-6-2:19:45939440211b:-1,Unassigned,pilot-refit:sentence5:bge:leaf-local-6-2:19:ea8c7bf4489f:20,siinjuures · noored · eas · kellega · suhted,94.5600000000004,19
2397177243,pilot-refit:original:bge:leaf-local-6-2:19:45939440211b:9,tervise · vaimse · võiks · kultuuriretsept · mihkel,pilot-refit:sentence5:bge:leaf-local-6-2:19:ea8c7bf4489f:-1,Unassigned,437.23999999999955,19
2397177243,pilot-refit:original:bge:leaf-local-6-2:19:45939440211b:9,tervise · vaimse · võiks · kultuuriretsept · mihkel,pilot-refit:sentence5:bge:leaf-local-6-2:19:ea8c7bf4489f:0,õpetaja · hoitud · õpetajate · alusharidus · alushariduse,88.11999999999989,19
2397177243,pilot-refit:original:bge:leaf-local-6-2:19:45939440211b:9,tervise · vaimse · võiks · kultuuriretsept · mihkel,pilot-refit:sentence5:bge:leaf-local-6-2:19:ea8c7bf4489f:1,tervise · vaimse · kultuuriretsept · vaimse tervise · kultuuri,3868.1490000000003,19
2397177243,pilot-refit:original:bge:leaf-local-6-2:19:45939440211b:9,tervise · vaimse · võiks · kultuuriretsept · mihkel,pilot-refit:sentence5:bge:leaf-local-6-2:19:ea8c7bf4489f:11,üksildus · üksilduse · tunne · pingid · üksildust,63.76000000000022,19
2397177243,pilot-refit:original:bge:leaf-local-6-2:19:45939440211b:9,tervise · vaimse · võiks · kultuuriretsept · mihkel,pilot-refit:sentence5:bge:leaf-local-6-2:19:ea8c7bf4489f:20,siinjuures · noored · eas · kellega · suhted,4.8400000000001455,19
2397177249,pilot-refit:original:bge:leaf-local-6-2:19:45939440211b:11,ai · kiiresti · ettevõtet · einar · linnar,pilot-refit:sentence5:bge:leaf-local-6-2:19:ea8c7bf4489f:-1,Unassigned,217.40000000000055,19
2397177249,pilot-refit:original:bge:leaf-local-6-2:19:45939440211b:11,ai · kiiresti · ettevõtet · einar · linnar,pilot-refit:sentence5:bge:leaf-local-6-2:19:ea8c7bf4489f:17,praegu hetkel · ai · maksab · kasutada · maksu,586.6799999999994,19
2397177249,pilot-refit:original:bge:leaf-local-6-2:19:45939440211b:11,ai · kiiresti · ettevõtet · einar · linnar,pilot-refit:sentence5:bge:leaf-local-6-2:19:ea8c7bf4489f:2,matemaatika · ratas · raili · suurepärane · sõidab,132.20000000000005,19
2397177249,pilot-refit:original:bge:leaf-local-6-2:19:45939440211b:11,ai · kiiresti · ettevõtet · einar · linnar,pilot-refit:sentence5:bge:leaf-local-6-2:19:ea8c7bf4489f:28,ai · kiiresti · einar · vibode · klientidega,893.2799999999997,19
2397177249,pilot-refit:original:bge:leaf-local-6-2:19:45939440211b:11,ai · kiiresti · ettevõtet · einar · linnar,pilot-refit:sentence5:bge:leaf-local-6-2:19:ea8c7bf4489f:7,ai · ettevõtet · linnar · ettevõtte · tehnoloogia,1624.7599999999995,19
2397177249,pilot-refit:original:bge:leaf-local-6-2:19:45939440211b:22,praegu hetkel · maksab · maksu · eurot · ai,pilot-refit:sentence5:bge:leaf-local-6-2:19:ea8c7bf4489f:-1,Unassigned,4.720000000000255,19
2397177249,pilot-refit:original:bge:leaf-local-6-2:19:45939440211b:22,praegu hetkel · maksab · maksu · eurot · ai,pilot-refit:sentence5:bge:leaf-local-6-2:19:ea8c7bf4489f:17,praegu hetkel · ai · maksab · kasutada · maksu,1061.492000000001,19
2397177249,pilot-refit:original:bge:leaf-local-6-2:19:45939440211b:22,praegu hetkel · maksab · maksu · eurot · ai,pilot-refit:sentence5:bge:leaf-local-6-2:19:ea8c7bf4489f:28,ai · kiiresti · einar · vibode · klientidega,167.39999999999964,19
2397177249,pilot-refit:original:bge:leaf-local-6-2:19:45939440211b:22,praegu hetkel · maksab · maksu · eurot · ai,pilot-refit:sentence5:bge:leaf-local-6-2:19:ea8c7bf4489f:7,ai · ettevõtet · linnar · ettevõtte · tehnoloogia,243.03999999999962,19
2397177249,pilot-refit:original:bge:leaf-local-6-2:19:45939440211b:7,ai · google · probleemi · assistendi · ai ga,pilot-refit:sentence5:bge:leaf-local-6-2:19:ea8c7bf4489f:-1,Unassigned,262.60000000000036,19
2397177249,pilot-refit:original:bge:leaf-local-6-2:19:45939440211b:7,ai · google · probleemi · assistendi · ai ga,pilot-refit:sentence5:bge:leaf-local-6-2:19:ea8c7bf4489f:17,praegu hetkel · ai · maksab · kasutada · maksu,3.599999999999909,19
2397177249,pilot-refit:original:bge:leaf-local-6-2:19:45939440211b:7,ai · google · probleemi · assistendi · ai ga,pilot-refit:sentence5:bge:leaf-local-6-2:19:ea8c7bf4489f:28,ai · kiiresti · einar · vibode · klientidega,91.59999999999997,19
2397177249,pilot-refit:original:bge:leaf-local-6-2:19:45939440211b:7,ai · google · probleemi · assistendi · ai ga,pilot-refit:sentence5:bge:leaf-local-6-2:19:ea8c7bf4489f:7,ai · ettevõtet · linnar · ettevõtte · tehnoloogia,386.8800000000001,19
2397264585,pilot-refit:original:bge:leaf-local-6-2:19:45939440211b:-1,Unassigned,pilot-refit:sentence5:bge:leaf-local-6-2:19:ea8c7bf4489f:1,tervise · vaimse · kultuuriretsept · vaimse tervise · kultuuri,65.52000000000044,19
2397264585,pilot-refit:original:bge:leaf-local-6-2:19:45939440211b:-1,Unassigned,pilot-refit:sentence5:bge:leaf-local-6-2:19:ea8c7bf4489f:25,parim enne · parim · kõlblik · kõlblik kuni · kuupäeva,104.19999999999982,19
2397264585,pilot-refit:original:bge:leaf-local-6-2:19:45939440211b:-1,Unassigned,pilot-refit:sentence5:bge:leaf-local-6-2:19:ea8c7bf4489f:3,toitu · toidu · toit · kodudes · katrin,431.0799999999995,19
2397264585,pilot-refit:original:bge:leaf-local-6-2:19:45939440211b:-1,Unassigned,pilot-refit:sentence5:bge:leaf-local-6-2:19:ea8c7bf4489f:5,ai · assistendi · assistent · probleemi · google,92.31999999999971,19
2397264585,pilot-refit:original:bge:leaf-local-6-2:19:45939440211b:16,toitu · toidu · toit · katrin · jõuaks,pilot-refit:sentence5:bge:leaf-local-6-2:19:ea8c7bf4489f:25,parim enne · parim · kõlblik · kõlblik kuni · kuupäeva,85.91999999999962,19
2397264585,pilot-refit:original:bge:leaf-local-6-2:19:45939440211b:16,toitu · toidu · toit · katrin · jõuaks,pilot-refit:sentence5:bge:leaf-local-6-2:19:ea8c7bf4489f:3,toitu · toidu · toit · kodudes · katrin,2482.804000000001,19
2397264585,pilot-refit:original:bge:leaf-local-6-2:19:45939440211b:23,parim enne · parim · kõlblik · kõlblik kuni · kuupäeva,pilot-refit:sentence5:bge:leaf-local-6-2:19:ea8c7bf4489f:25,parim enne · parim · kõlblik · kõlblik kuni · kuupäeva,892.6399999999999,19
2397264585,pilot-refit:original:bge:leaf-local-6-2:19:45939440211b:23,parim enne · parim · kõlblik · kõlblik kuni · kuupäeva,pilot-refit:sentence5:bge:leaf-local-6-2:19:ea8c7bf4489f:3,toitu · toidu · toit · kodudes · katrin,851.3200000000002,19
2400164916,pilot-refit:original:bge:leaf-local-6-2:19:45939440211b:-1,Unassigned,pilot-refit:sentence5:bge:leaf-local-6-2:19:ea8c7bf4489f:-1,Unassigned,97.44000000000005,19
2400164916,pilot-refit:original:bge:leaf-local-6-2:19:45939440211b:-1,Unassigned,pilot-refit:sentence5:bge:leaf-local-6-2:19:ea8c7bf4489f:0,õpetaja · hoitud · õpetajate · alusharidus · alushariduse,235.64,19
2400164916,pilot-refit:original:bge:leaf-local-6-2:19:45939440211b:10,õpetaja · alusharidus · õpetajate · alushariduse · riigikogu,pilot-refit:sentence5:bge:leaf-local-6-2:19:ea8c7bf4489f:0,õpetaja · hoitud · õpetajate · alusharidus · alushariduse,3197.314,19
2400164916,pilot-refit:original:bge:leaf-local-6-2:19:45939440211b:10,õpetaja · alusharidus · õpetajate · alushariduse · riigikogu,pilot-refit:sentence5:bge:leaf-local-6-2:19:ea8c7bf4489f:20,siinjuures · noored · eas · kellega · suhted,68.16,19
2400184983,pilot-refit:original:bge:leaf-local-6-2:19:45939440211b:11,ai · kiiresti · ettevõtet · einar · linnar,pilot-refit:sentence5:bge:leaf-local-6-2:19:ea8c7bf4489f:5,ai · assistendi · assistent · probleemi · google,65.35999999999999,19
2400184983,pilot-refit:original:bge:leaf-local-6-2:19:45939440211b:11,ai · kiiresti · ettevõtet · einar · linnar,pilot-refit:sentence5:bge:leaf-local-6-2:19:ea8c7bf4489f:7,ai · ettevõtet · linnar · ettevõtte · tehnoloogia,71.44,19
2400184983,pilot-refit:original:bge:leaf-local-6-2:19:45939440211b:7,ai · google · probleemi · assistendi · ai ga,pilot-refit:sentence5:bge:leaf-local-6-2:19:ea8c7bf4489f:-1,Unassigned,72.0,19
2400184983,pilot-refit:original:bge:leaf-local-6-2:19:45939440211b:7,ai · google · probleemi · assistendi · ai ga,pilot-refit:sentence5:bge:leaf-local-6-2:19:ea8c7bf4489f:25,parim enne · parim · kõlblik · kõlblik kuni · kuupäeva,74.23999999999978,19
2400184983,pilot-refit:original:bge:leaf-local-6-2:19:45939440211b:7,ai · google · probleemi · assistendi · ai ga,pilot-refit:sentence5:bge:leaf-local-6-2:19:ea8c7bf4489f:28,ai · kiiresti · einar · vibode · klientidega,166.26499999999987,19
2400184983,pilot-refit:original:bge:leaf-local-6-2:19:45939440211b:7,ai · google · probleemi · assistendi · ai ga,pilot-refit:sentence5:bge:leaf-local-6-2:19:ea8c7bf4489f:5,ai · assistendi · assistent · probleemi · google,3141.6000000000004,19
2400184983,pilot-refit:original:bge:leaf-local-6-2:19:45939440211b:7,ai · google · probleemi · assistendi · ai ga,pilot-refit:sentence5:bge:leaf-local-6-2:19:ea8c7bf4489f:7,ai · ettevõtet · linnar · ettevõtte · tehnoloogia,69.80000000000001,19
2400207765,pilot-refit:original:bge:leaf-local-6-2:19:45939440211b:-1,Unassigned,pilot-refit:sentence5:bge:leaf-local-6-2:19:ea8c7bf4489f:-1,Unassigned,300.55999999999904,19
2400207765,pilot-refit:original:bge:leaf-local-6-2:19:45939440211b:-1,Unassigned,pilot-refit:sentence5:bge:leaf-local-6-2:19:ea8c7bf4489f:11,üksildus · üksilduse · tunne · pingid · üksildust,314.24000000000035,19
2400207765,pilot-refit:original:bge:leaf-local-6-2:19:45939440211b:-1,Unassigned,pilot-refit:sentence5:bge:leaf-local-6-2:19:ea8c7bf4489f:20,siinjuures · noored · eas · kellega · suhted,77.72000000000025,19
2400207765,pilot-refit:original:bge:leaf-local-6-2:19:45939440211b:-1,Unassigned,pilot-refit:sentence5:bge:leaf-local-6-2:19:ea8c7bf4489f:26,üksilduse · rohi · toetamine · üksildus · anna kaisa,316.852,19
2400207765,pilot-refit:original:bge:leaf-local-6-2:19:45939440211b:15,üksildus · üksilduse · tunne · tunnen · kellega,pilot-refit:sentence5:bge:leaf-local-6-2:19:ea8c7bf4489f:-1,Unassigned,77.51999999999998,19
2400207765,pilot-refit:original:bge:leaf-local-6-2:19:45939440211b:15,üksildus · üksilduse · tunne · tunnen · kellega,pilot-refit:sentence5:bge:leaf-local-6-2:19:ea8c7bf4489f:11,üksildus · üksilduse · tunne · pingid · üksildust,1135.0800000000002,19
2400207765,pilot-refit:original:bge:leaf-local-6-2:19:45939440211b:15,üksildus · üksilduse · tunne · tunnen · kellega,pilot-refit:sentence5:bge:leaf-local-6-2:19:ea8c7bf4489f:20,siinjuures · noored · eas · kellega · suhted,607.4400000000003,19
2400207765,pilot-refit:original:bge:leaf-local-6-2:19:45939440211b:15,üksildus · üksilduse · tunne · tunnen · kellega,pilot-refit:sentence5:bge:leaf-local-6-2:19:ea8c7bf4489f:26,üksilduse · rohi · toetamine · üksildus · anna kaisa,236.1999999999993,19
2400207765,pilot-refit:original:bge:leaf-local-6-2:19:45939440211b:2,naine · mees · naised · ema · sul,pilot-refit:sentence5:bge:leaf-local-6-2:19:ea8c7bf4489f:-1,Unassigned,486.2800000000002,19
2400207765,pilot-refit:original:bge:leaf-local-6-2:19:45939440211b:2,naine · mees · naised · ema · sul,pilot-refit:sentence5:bge:leaf-local-6-2:19:ea8c7bf4489f:1,tervise · vaimse · kultuuriretsept · vaimse tervise · kultuuri,63.0,19
2400207765,pilot-refit:original:bge:leaf-local-6-2:19:45939440211b:2,naine · mees · naised · ema · sul,pilot-refit:sentence5:bge:leaf-local-6-2:19:ea8c7bf4489f:20,siinjuures · noored · eas · kellega · suhted,6.559999999999945,19
2400207765,pilot-refit:original:bge:leaf-local-6-2:19:45939440211b:24,üksilduse · kov · rõhku · enda · toetamine,pilot-refit:sentence5:bge:leaf-local-6-2:19:ea8c7bf4489f:-1,Unassigned,165.03999999999996,19
2400207765,pilot-refit:original:bge:leaf-local-6-2:19:45939440211b:24,üksilduse · kov · rõhku · enda · toetamine,pilot-refit:sentence5:bge:leaf-local-6-2:19:ea8c7bf4489f:1,tervise · vaimse · kultuuriretsept · vaimse tervise · kultuuri,3.8399999999996908,19
2400207765,pilot-refit:original:bge:leaf-local-6-2:19:45939440211b:24,üksilduse · kov · rõhku · enda · toetamine,pilot-refit:sentence5:bge:leaf-local-6-2:19:ea8c7bf4489f:11,üksildus · üksilduse · tunne · pingid · üksildust,488.9200000000004,19
2400207765,pilot-refit:original:bge:leaf-local-6-2:19:45939440211b:24,üksilduse · kov · rõhku · enda · toetamine,pilot-refit:sentence5:bge:leaf-local-6-2:19:ea8c7bf4489f:20,siinjuures · noored · eas · kellega · suhted,525.3200000000002,19
2400207765,pilot-refit:original:bge:leaf-local-6-2:19:45939440211b:24,üksilduse · kov · rõhku · enda · toetamine,pilot-refit:sentence5:bge:leaf-local-6-2:19:ea8c7bf4489f:26,üksilduse · rohi · toetamine · üksildus · anna kaisa,675.2000000000003,19
