episode_id,variant,seed,boundaries,assigned_pair_boundaries,assigned_topic_changes,noise_transitions,changes_per_100_boundaries,assigned_changes_per_100_assigned_boundaries
2247188693,original,42,17,15,0,2,11.76470588235294,0.0
2250797867,original,42,17,17,0,0,0.0,0.0
2271676346,original,42,18,18,0,0,0.0,0.0
2314163813,original,42,24,24,6,0,25.0,25.0
2314163816,original,42,17,13,3,4,41.17647058823529,23.076923076923077
2387966373,original,42,12,12,0,0,0.0,0.0
2393585466,original,42,10,10,0,0,0.0,0.0
2394248499,original,42,19,19,0,0,0.0,0.0
2395857123,original,42,13,13,0,0,0.0,0.0
2395991463,original,42,17,8,4,6,58.82352941176471,50.0
2396670927,original,42,19,12,0,6,31.57894736842105,0.0
2396692746,original,42,23,19,4,4,34.78260869565217,21.052631578947366
2397177243,original,42,17,15,10,2,70.58823529411765,66.66666666666666
2397177249,original,42,20,16,6,4,50.0,37.5
2397264585,original,42,17,15,5,2,41.17647058823529,33.33333333333333
2400164916,original,42,13,9,0,4,30.76923076923077,0.0
2400184983,original,42,12,12,2,0,16.666666666666664,16.666666666666664
2400207765,original,42,21,17,3,4,33.33333333333333,17.647058823529413
2247188693,original,7,17,17,2,0,11.76470588235294,11.76470588235294
2250797867,original,7,17,17,0,0,0.0,0.0
2271676346,original,7,18,18,0,0,0.0,0.0
2314163813,original,7,24,21,7,3,41.66666666666667,33.33333333333333
2314163816,original,7,17,17,1,0,5.88235294117647,5.88235294117647
2387966373,original,7,12,12,0,0,0.0,0.0
2393585466,original,7,10,10,0,0,0.0,0.0
2394248499,original,7,19,19,0,0,0.0,0.0
2395857123,original,7,13,13,0,0,0.0,0.0
2395991463,original,7,17,17,2,0,11.76470588235294,11.76470588235294
2396670927,original,7,19,12,0,6,31.57894736842105,0.0
2396692746,original,7,23,13,6,10,69.56521739130434,46.15384615384615
2397177243,original,7,17,15,8,2,58.82352941176471,53.333333333333336
2397177249,original,7,20,10,6,9,75.0,60.0
2397264585,original,7,17,15,5,2,41.17647058823529,33.33333333333333
2400164916,original,7,13,11,2,2,30.76923076923077,18.181818181818183
2400184983,original,7,12,8,0,4,33.33333333333333,0.0
2400207765,original,7,21,19,2,2,19.047619047619047,10.526315789473683
2247188693,original,19,17,17,0,0,0.0,0.0
2250797867,original,19,17,17,0,0,0.0,0.0
2271676346,original,19,18,18,0,0,0.0,0.0
2314163813,original,19,24,21,8,3,45.83333333333333,38.095238095238095
2314163816,original,19,17,15,1,2,17.647058823529413,6.666666666666667
2387966373,original,19,12,10,3,2,41.66666666666667,30.0
2393585466,original,19,10,10,0,0,0.0,0.0
2394248499,original,19,19,19,0,0,0.0,0.0
2395857123,original,19,13,13,0,0,0.0,0.0
2395991463,original,19,17,17,2,0,11.76470588235294,11.76470588235294
2396670927,original,19,19,19,6,0,31.57894736842105,31.57894736842105
2396692746,original,19,23,23,0,0,0.0,0.0
2397177243,original,19,17,7,0,10,58.82352941176471,0.0
2397177249,original,19,20,20,14,0,70.0,70.0
2397264585,original,19,17,11,5,4,52.94117647058824,45.45454545454545
2400164916,original,19,13,9,0,4,30.76923076923077,0.0
2400184983,original,19,12,12,1,0,8.333333333333332,8.333333333333332
2400207765,original,19,21,14,7,7,66.66666666666666,50.0
2247188693,sentence5,42,35,31,5,4,25.71428571428571,16.129032258064516
2250797867,sentence5,42,36,24,6,10,44.44444444444444,25.0
2271676346,sentence5,42,36,18,7,12,52.77777777777778,38.88888888888889
2314163813,sentence5,42,40,31,9,6,37.5,29.03225806451613
2314163816,sentence5,42,33,26,4,7,33.33333333333333,15.384615384615385
2387966373,sentence5,42,23,23,0,0,0.0,0.0
2393585466,sentence5,42,29,24,10,4,48.275862068965516,41.66666666666667
2394248499,sentence5,42,44,21,11,21,72.72727272727273,52.38095238095239
2395857123,sentence5,42,34,25,14,9,67.64705882352942,56.00000000000001
2395991463,sentence5,42,40,28,17,12,72.5,60.71428571428571
2396670927,sentence5,42,37,16,8,16,64.86486486486487,50.0
2396692746,sentence5,42,42,14,11,22,78.57142857142857,78.57142857142857
2397177243,sentence5,42,36,23,2,12,38.88888888888889,8.695652173913043
2397177249,sentence5,42,37,25,18,11,78.37837837837837,72.0
2397264585,sentence5,42,34,32,13,2,44.11764705882353,40.625
2400164916,sentence5,42,23,19,0,4,17.391304347826086,0.0
2400184983,sentence5,42,27,24,5,3,29.629629629629626,20.833333333333336
2400207765,sentence5,42,38,10,4,22,68.42105263157895,40.0
2247188693,sentence5,7,35,28,2,6,22.857142857142858,7.142857142857142
2250797867,sentence5,7,36,28,12,6,50.0,42.857142857142854
2271676346,sentence5,7,36,32,6,2,22.22222222222222,18.75
2314163813,sentence5,7,40,31,11,6,42.5,35.483870967741936
2314163816,sentence5,7,33,27,4,5,27.27272727272727,14.814814814814813
2387966373,sentence5,7,23,23,0,0,0.0,0.0
2393585466,sentence5,7,29,14,3,11,48.275862068965516,21.428571428571427
2394248499,sentence5,7,44,31,8,11,43.18181818181818,25.806451612903224
2395857123,sentence5,7,34,24,16,10,76.47058823529412,66.66666666666666
2395991463,sentence5,7,40,21,9,14,57.49999999999999,42.857142857142854
2396670927,sentence5,7,37,16,10,17,72.97297297297297,62.5
2396692746,sentence5,7,42,26,11,14,59.523809523809526,42.30769230769231
2397177243,sentence5,7,36,12,8,18,72.22222222222221,66.66666666666666
2397177249,sentence5,7,37,21,16,13,78.37837837837837,76.19047619047619
2397264585,sentence5,7,34,32,11,2,38.23529411764706,34.375
2400164916,sentence5,7,23,19,0,4,17.391304347826086,0.0
2400184983,sentence5,7,27,20,6,6,44.44444444444444,30.0
2400207765,sentence5,7,38,7,3,16,50.0,42.857142857142854
2247188693,sentence5,19,35,14,7,14,60.0,50.0
2250797867,sentence5,19,36,24,7,10,47.22222222222222,29.166666666666668
2271676346,sentence5,19,36,12,5,17,61.111111111111114,41.66666666666667
2314163813,sentence5,19,40,31,9,6,37.5,29.03225806451613
2314163816,sentence5,19,33,28,8,5,39.39393939393939,28.57142857142857
2387966373,sentence5,19,23,23,0,0,0.0,0.0
2393585466,sentence5,19,29,23,0,5,17.24137931034483,0.0
2394248499,sentence5,19,44,26,9,17,59.09090909090909,34.61538461538461
2395857123,sentence5,19,34,24,16,10,76.47058823529412,66.66666666666666
2395991463,sentence5,19,40,21,12,15,67.5,57.14285714285714
2396670927,sentence5,19,37,28,16,6,59.45945945945946,57.14285714285714
2396692746,sentence5,19,42,24,18,13,73.80952380952381,75.0
2397177243,sentence5,19,36,24,4,10,38.88888888888889,16.666666666666664
2397177249,sentence5,19,37,30,22,6,75.67567567567568,73.33333333333333
2397264585,sentence5,19,34,34,12,0,35.294117647058826,35.294117647058826
2400164916,sentence5,19,23,21,2,2,17.391304347826086,9.523809523809524
2400184983,sentence5,19,27,25,6,2,29.629629629629626,24.0
2400207765,sentence5,19,38,24,13,10,60.526315789473685,54.166666666666664
