model_key,passage_id,topic_id,assigned_probability,probabilities_by_topic,membership_strength
pilot-refit:sentence5:bge:leaf-local-6-2:42:6b15a3e7a120,2271676346:000000011080-000000206240,3,1.0,{},1.0
pilot-refit:sentence5:bge:leaf-local-6-2:42:6b15a3e7a120,2271676346:000000206240-000000353720,3,0.8569963074292041,{},0.8569963074292041
pilot-refit:sentence5:bge:leaf-local-6-2:42:6b15a3e7a120,2271676346:000000353720-000000554280,3,1.0,{},1.0
pilot-refit:sentence5:bge:leaf-local-6-2:42:6b15a3e7a120,2271676346:000000554280-000000692840,1,1.0,{},1.0
pilot-refit:sentence5:bge:leaf-local-6-2:42:6b15a3e7a120,2271676346:000000692840-000000889120,1,1.0,{},1.0
pilot-refit:sentence5:bge:leaf-local-6-2:42:6b15a3e7a120,2271676346:000000889120-000000987000,1,1.0,{},1.0
pilot-refit:sentence5:bge:leaf-local-6-2:42:6b15a3e7a120,2271676346:000000987000-000001181440,1,1.0,{},1.0
pilot-refit:sentence5:bge:leaf-local-6-2:42:6b15a3e7a120,2271676346:000001181440-000001334480,1,1.0,{},1.0
pilot-refit:sentence5:bge:leaf-local-6-2:42:6b15a3e7a120,2271676346:000001334480-000001598080,1,0.9687112940275207,{},0.9687112940275207
pilot-refit:sentence5:bge:leaf-local-6-2:42:6b15a3e7a120,2271676346:000001598080-000001668120,1,1.0,{},1.0
pilot-refit:sentence5:bge:leaf-local-6-2:42:6b15a3e7a120,2271676346:000001668120-000001772600,3,1.0,{},1.0
pilot-refit:sentence5:bge:leaf-local-6-2:42:6b15a3e7a120,2271676346:000001772600-000001837880,1,1.0,{},1.0
pilot-refit:sentence5:bge:leaf-local-6-2:42:6b15a3e7a120,2271676346:000001837880-000002094080,-1,,{},0.0
pilot-refit:sentence5:bge:leaf-local-6-2:42:6b15a3e7a120,2271676346:000002094080-000002193560,1,1.0,{},1.0
pilot-refit:sentence5:bge:leaf-local-6-2:42:6b15a3e7a120,2271676346:000002193560-000002476800,1,0.9687112940275207,{},0.9687112940275207
pilot-refit:sentence5:bge:leaf-local-6-2:42:6b15a3e7a120,2271676346:000002476800-000002538680,1,0.9687112940275207,{},0.9687112940275207
pilot-refit:sentence5:bge:leaf-local-6-2:42:6b15a3e7a120,2271676346:000002538680-000002632560,3,1.0,{},1.0
pilot-refit:sentence5:bge:leaf-local-6-2:42:6b15a3e7a120,2271676346:000002632560-000002740960,3,0.8913267715908576,{},0.8913267715908576
pilot-refit:sentence5:bge:leaf-local-6-2:42:6b15a3e7a120,2271676346:000002740960-000003041040,3,0.8913267715908576,{},0.8913267715908576
pilot-refit:sentence5:bge:leaf-local-6-2:42:6b15a3e7a120,2271676346:000003041040-000003169600,-1,,{},0.0
pilot-refit:sentence5:bge:leaf-local-6-2:42:6b15a3e7a120,2271676346:000003169600-000003298000,-1,,{},0.0
pilot-refit:sentence5:bge:leaf-local-6-2:42:6b15a3e7a120,2271676346:000003298000-000003426400,-1,,{},0.0
pilot-refit:sentence5:bge:leaf-local-6-2:42:6b15a3e7a120,2271676346:000003426400-000003670200,3,0.8913267715908576,{},0.8913267715908576
pilot-refit:sentence5:bge:leaf-local-6-2:42:6b15a3e7a120,2271676346:000003670200-000003860600,3,0.8913267715908576,{},0.8913267715908576
pilot-refit:sentence5:bge:leaf-local-6-2:42:6b15a3e7a120,2271676346:000003860600-000003940480,1,0.9238424299792062,{},0.9238424299792062
pilot-refit:sentence5:bge:leaf-local-6-2:42:6b15a3e7a120,2271676346:000003940480-000004070480,-1,,{},0.0
pilot-refit:sentence5:bge:leaf-local-6-2:42:6b15a3e7a120,2271676346:000004070480-000004259360,3,1.0,{},1.0
pilot-refit:sentence5:bge:leaf-local-6-2:42:6b15a3e7a120,2271676346:000004259360-000004365800,1,1.0,{},1.0
pilot-refit:sentence5:bge:leaf-local-6-2:42:6b15a3e7a120,2271676346:000004365800-000004592240,1,1.0,{},1.0
pilot-refit:sentence5:bge:leaf-local-6-2:42:6b15a3e7a120,2271676346:000004592240-000004696600,1,0.9908594294771332,{},0.9908594294771332
pilot-refit:sentence5:bge:leaf-local-6-2:42:6b15a3e7a120,2271676346:000004696600-000004836160,3,0.9060630901407016,{},0.9060630901407016
pilot-refit:sentence5:bge:leaf-local-6-2:42:6b15a3e7a120,2271676346:000004836160-000004894840,-1,,{},0.0
pilot-refit:sentence5:bge:leaf-local-6-2:42:6b15a3e7a120,2271676346:000004894840-000005102640,3,1.0,{},1.0
pilot-refit:sentence5:bge:leaf-local-6-2:42:6b15a3e7a120,2271676346:000005102640-000005269760,1,0.8624039921019191,{},0.8624039921019191
pilot-refit:sentence5:bge:leaf-local-6-2:42:6b15a3e7a120,2271676346:000005269760-000005419640,3,0.878801837024249,{},0.878801837024249
pilot-refit:sentence5:bge:leaf-local-6-2:42:6b15a3e7a120,2271676346:000005419640-000005484160,-1,,{},0.0
pilot-refit:sentence5:bge:leaf-local-6-2:42:6b15a3e7a120,2271676346:000005484160-000005572624,3,1.0,{},1.0
pilot-refit:sentence5:bge:leaf-local-6-2:42:6b15a3e7a120,2397177249:000000011600-000000178000,0,1.0,{},1.0
pilot-refit:sentence5:bge:leaf-local-6-2:42:6b15a3e7a120,2397177249:000000178000-000000398480,4,1.0,{},1.0
pilot-refit:sentence5:bge:leaf-local-6-2:42:6b15a3e7a120,2397177249:000000398480-000000492640,4,1.0,{},1.0
pilot-refit:sentence5:bge:leaf-local-6-2:42:6b15a3e7a120,2397177249:000000492640-000000555760,0,1.0,{},1.0
pilot-refit:sentence5:bge:leaf-local-6-2:42:6b15a3e7a120,2397177249:000000555760-000000628600,0,1.0,{},1.0
pilot-refit:sentence5:bge:leaf-local-6-2:42:6b15a3e7a120,2397177249:000000628600-000000870920,4,1.0,{},1.0
pilot-refit:sentence5:bge:leaf-local-6-2:42:6b15a3e7a120,2397177249:000000870920-000000999680,0,0.944335364795574,{},0.944335364795574
pilot-refit:sentence5:bge:leaf-local-6-2:42:6b15a3e7a120,2397177249:000000999680-000001154160,0,0.928899016888436,{},0.928899016888436
pilot-refit:sentence5:bge:leaf-local-6-2:42:6b15a3e7a120,2397177249:000001154160-000001222160,0,1.0,{},1.0
pilot-refit:sentence5:bge:leaf-local-6-2:42:6b15a3e7a120,2397177249:000001222160-000001500600,4,1.0,{},1.0
pilot-refit:sentence5:bge:leaf-local-6-2:42:6b15a3e7a120,2397177249:000001500600-000001629720,0,1.0,{},1.0
pilot-refit:sentence5:bge:leaf-local-6-2:42:6b15a3e7a120,2397177249:000001629720-000001795240,0,0.928899016888436,{},0.928899016888436
pilot-refit:sentence5:bge:leaf-local-6-2:42:6b15a3e7a120,2397177249:000001795240-000001927440,-1,,{},0.0
pilot-refit:sentence5:bge:leaf-local-6-2:42:6b15a3e7a120,2397177249:000001927440-000002214480,0,0.9919830533200682,{},0.9919830533200682
pilot-refit:sentence5:bge:leaf-local-6-2:42:6b15a3e7a120,2397177249:000002214480-000002275320,0,0.928899016888436,{},0.928899016888436
pilot-refit:sentence5:bge:leaf-local-6-2:42:6b15a3e7a120,2397177249:000002275320-000002437600,0,0.8697273744747296,{},0.8697273744747296
pilot-refit:sentence5:bge:leaf-local-6-2:42:6b15a3e7a120,2397177249:000002437600-000002503800,-1,,{},0.0
pilot-refit:sentence5:bge:leaf-local-6-2:42:6b15a3e7a120,2397177249:000002503800-000002740200,0,0.9349169504046252,{},0.9349169504046252
pilot-refit:sentence5:bge:leaf-local-6-2:42:6b15a3e7a120,2397177249:000002740200-000002863480,-1,,{},0.0
pilot-refit:sentence5:bge:leaf-local-6-2:42:6b15a3e7a120,2397177249:000002863480-000003132200,-1,,{},0.0
pilot-refit:sentence5:bge:leaf-local-6-2:42:6b15a3e7a120,2397177249:000003132200-000003300000,0,1.0,{},1.0
pilot-refit:sentence5:bge:leaf-local-6-2:42:6b15a3e7a120,2397177249:000003300000-000003394560,4,1.0,{},1.0
pilot-refit:sentence5:bge:leaf-local-6-2:42:6b15a3e7a120,2397177249:000003394560-000003497680,-1,,{},0.0
pilot-refit:sentence5:bge:leaf-local-6-2:42:6b15a3e7a120,2397177249:000003497680-000003707160,0,0.928899016888436,{},0.928899016888436
pilot-refit:sentence5:bge:leaf-local-6-2:42:6b15a3e7a120,2397177249:000003707160-000003752960,-1,,{},0.0
pilot-refit:sentence5:bge:leaf-local-6-2:42:6b15a3e7a120,2397177249:000003752960-000003949840,0,0.928899016888436,{},0.928899016888436
pilot-refit:sentence5:bge:leaf-local-6-2:42:6b15a3e7a120,2397177249:000003949840-000004117240,4,1.0,{},1.0
pilot-refit:sentence5:bge:leaf-local-6-2:42:6b15a3e7a120,2397177249:000004117240-000004373560,-1,,{},0.0
pilot-refit:sentence5:bge:leaf-local-6-2:42:6b15a3e7a120,2397177249:000004373560-000004435280,-1,,{},0.0
pilot-refit:sentence5:bge:leaf-local-6-2:42:6b15a3e7a120,2397177249:000004435280-000004509320,0,1.0,{},1.0
pilot-refit:sentence5:bge:leaf-local-6-2:42:6b15a3e7a120,2397177249:000004509320-000004588360,-1,,{},0.0
pilot-refit:sentence5:bge:leaf-local-6-2:42:6b15a3e7a120,2397177249:000004588360-000004759960,-1,,{},0.0
pilot-refit:sentence5:bge:leaf-local-6-2:42:6b15a3e7a120,2397177249:000004759960-000004997960,-1,,{},0.0
pilot-refit:sentence5:bge:leaf-local-6-2:42:6b15a3e7a120,2397177249:000004997960-000005052880,-1,,{},0.0
pilot-refit:sentence5:bge:leaf-local-6-2:42:6b15a3e7a120,2397177249:000005052880-000005283400,0,1.0,{},1.0
pilot-refit:sentence5:bge:leaf-local-6-2:42:6b15a3e7a120,2397177249:000005283400-000005345680,4,0.8413282545401344,{},0.8413282545401344
pilot-refit:sentence5:bge:leaf-local-6-2:42:6b15a3e7a120,2397177249:000005345680-000005550720,-1,,{},0.0
pilot-refit:sentence5:bge:leaf-local-6-2:42:6b15a3e7a120,2397177249:000005550720-000005687252,-1,,{},0.0
pilot-refit:sentence5:bge:leaf-local-6-2:42:6b15a3e7a120,2400164916:000000011800-000000207080,5,0.9669754602707572,{},0.9669754602707572
pilot-refit:sentence5:bge:leaf-local-6-2:42:6b15a3e7a120,2400164916:000000207080-000000275240,2,0.7836087192484893,{},0.7836087192484893
pilot-refit:sentence5:bge:leaf-local-6-2:42:6b15a3e7a120,2400164916:000000275240-000000344520,-1,,{},0.0
pilot-refit:sentence5:bge:leaf-local-6-2:42:6b15a3e7a120,2400164916:000000344520-000000406520,2,0.9346180808009041,{},0.9346180808009041
pilot-refit:sentence5:bge:leaf-local-6-2:42:6b15a3e7a120,2400164916:000000406520-000000634960,2,0.8160630775398152,{},0.8160630775398152
pilot-refit:sentence5:bge:leaf-local-6-2:42:6b15a3e7a120,2400164916:000000634960-000000839040,5,1.0,{},1.0
pilot-refit:sentence5:bge:leaf-local-6-2:42:6b15a3e7a120,2400164916:000000839040-000000907320,2,1.0,{},1.0
pilot-refit:sentence5:bge:leaf-local-6-2:42:6b15a3e7a120,2400164916:000000907320-000001069640,2,1.0,{},1.0
pilot-refit:sentence5:bge:leaf-local-6-2:42:6b15a3e7a120,2400164916:000001069640-000001161840,2,0.9346180808009041,{},0.9346180808009041
pilot-refit:sentence5:bge:leaf-local-6-2:42:6b15a3e7a120,2400164916:000001161840-000001358480,2,1.0,{},1.0
pilot-refit:sentence5:bge:leaf-local-6-2:42:6b15a3e7a120,2400164916:000001358480-000001620280,5,1.0,{},1.0
pilot-refit:sentence5:bge:leaf-local-6-2:42:6b15a3e7a120,2400164916:000001620280-000001712960,2,0.9346180808009041,{},0.9346180808009041
pilot-refit:sentence5:bge:leaf-local-6-2:42:6b15a3e7a120,2400164916:000001712960-000001845400,2,0.8485955721845038,{},0.8485955721845038
pilot-refit:sentence5:bge:leaf-local-6-2:42:6b15a3e7a120,2400164916:000001845400-000002133960,2,1.0,{},1.0
pilot-refit:sentence5:bge:leaf-local-6-2:42:6b15a3e7a120,2400164916:000002133960-000002346880,2,1.0,{},1.0
pilot-refit:sentence5:bge:leaf-local-6-2:42:6b15a3e7a120,2400164916:000002346880-000002469320,5,1.0,{},1.0
pilot-refit:sentence5:bge:leaf-local-6-2:42:6b15a3e7a120,2400164916:000002469320-000002534640,2,0.8485955721845038,{},0.8485955721845038
pilot-refit:sentence5:bge:leaf-local-6-2:42:6b15a3e7a120,2400164916:000002534640-000002632080,2,0.8485955721845038,{},0.8485955721845038
pilot-refit:sentence5:bge:leaf-local-6-2:42:6b15a3e7a120,2400164916:000002632080-000002765480,5,1.0,{},1.0
pilot-refit:sentence5:bge:leaf-local-6-2:42:6b15a3e7a120,2400164916:000002765480-000002926480,2,0.9512736023274645,{},0.9512736023274645
pilot-refit:sentence5:bge:leaf-local-6-2:42:6b15a3e7a120,2400164916:000002926480-000003090400,2,1.0,{},1.0
pilot-refit:sentence5:bge:leaf-local-6-2:42:6b15a3e7a120,2400164916:000003090400-000003181920,5,1.0,{},1.0
pilot-refit:sentence5:bge:leaf-local-6-2:42:6b15a3e7a120,2400164916:000003181920-000003316040,2,1.0,{},1.0
pilot-refit:sentence5:bge:leaf-local-6-2:42:6b15a3e7a120,2400164916:000003316040-000003610354,5,1.0,{},1.0
